-- phpMyAdmin SQL Dump
-- version 4.9.7
-- https://www.phpmyadmin.net/
--
-- Хост: localhost
-- Время создания: Янв 08 2023 г., 18:29
-- Версия сервера: 5.7.21-20-beget-5.7.21-20-1-log
-- Версия PHP: 5.6.40

SET SQL_MODE = "NO_AUTO_VALUE_ON_ZERO";
SET AUTOCOMMIT = 0;
START TRANSACTION;
SET time_zone = "+00:00";


/*!40101 SET @OLD_CHARACTER_SET_CLIENT=@@CHARACTER_SET_CLIENT */;
/*!40101 SET @OLD_CHARACTER_SET_RESULTS=@@CHARACTER_SET_RESULTS */;
/*!40101 SET @OLD_COLLATION_CONNECTION=@@COLLATION_CONNECTION */;
/*!40101 SET NAMES utf8mb4 */;

--
-- База данных: `j96108q7_ldb`
--

-- --------------------------------------------------------

--
-- Структура таблицы `addresses`
--
-- Создание: Сен 29 2022 г., 14:12
--

DROP TABLE IF EXISTS `addresses`;
CREATE TABLE `addresses` (
  `id` bigint(20) UNSIGNED NOT NULL,
  `country_id` bigint(20) UNSIGNED DEFAULT NULL,
  `district_id` bigint(20) UNSIGNED DEFAULT NULL,
  `region_id` bigint(20) UNSIGNED DEFAULT NULL,
  `address` varchar(345) COLLATE utf8mb4_unicode_ci NOT NULL,
  `scanlink` varchar(345) COLLATE utf8mb4_unicode_ci NOT NULL,
  `created_at` timestamp NULL DEFAULT NULL,
  `updated_at` timestamp NULL DEFAULT NULL
) ENGINE=InnoDB DEFAULT CHARSET=utf8mb4 COLLATE=utf8mb4_unicode_ci;

--
-- Дамп данных таблицы `addresses`
--

INSERT INTO `addresses` (`id`, `country_id`, `district_id`, `region_id`, `address`, `scanlink`, `created_at`, `updated_at`) VALUES
(1, 1, 1, 33, 'г. Волгоград, ул. Янки Купалы, д. 64, кв. 165', 'athlete/5_Ермоленко_Александр/registration_Ермоленко_Александр_Антонович.jpg', '2022-09-30 07:41:32', '2022-09-30 07:41:32'),
(2, 1, 1, 33, 'Г.Волгоград,ул.35 ая гвардейская, д.4,кв.130', 'athlete/8_Маргарян_Артём/registration_Маргарян_Артём_Арменович.jpg', '2022-10-01 05:49:06', '2022-10-01 05:49:06'),
(3, 1, 1, 33, 'Г. Волгоград, ул. им. Афанасия Ермакова, 60/45', 'athlete/11_Удодов_Дмитрий/registration_Удодов_Дмитрий_Андреевич.jpg', '2022-10-04 05:07:27', '2022-10-04 05:07:27'),
(4, 1, 1, 33, 'Г. Волгоград, ул. Дрогобычская 8', 'athlete/13_Терехов_Дмитрий/registration_Терехов_Дмитрий_Романович.jpg', '2022-10-04 05:15:00', '2022-10-04 05:15:00'),
(5, 1, 1, 33, 'Г. Волгоград ул. Качинцев, д108А', 'athlete/18_Магомедова_Бийке/registration_Магомедова_Бийке_Алиевна.jpg', '2022-10-06 07:37:40', '2022-10-06 07:37:40'),
(6, 1, 1, 33, 'Г. Волгоград ул. Качинцев, д108А', 'athlete/19_Магомедов_Абдурахман/registration_Магомедов_Абдурахман_Алиевич.jpg', '2022-10-06 07:44:33', '2022-10-06 07:44:33'),
(7, 1, 1, 33, 'Г. Волгоград, пр-кт Университетский 25-136', 'athlete/23_Поляков_Сергей/registration_Поляков_Сергей_Александрович.jpg', '2022-10-10 11:14:28', '2022-10-10 11:14:28'),
(8, 1, 1, 33, 'г. Волгоград, ул. Казахская, д. 1/3, кв. 19', 'athlete/25_Морина_Мирослава/registration_Морина_Мирослава_Евгеньевна.jpg', '2022-10-10 14:45:56', '2022-10-10 14:45:56'),
(9, 1, 1, 33, 'г. Волгоград, ул. Казахская, д. 27, кв. 77', 'athlete/28_Локтионов_Дмитрий/registration_Локтионов_Дмитрий_Алексеевич.jpg', '2022-10-12 06:58:49', '2022-10-12 06:58:49'),
(10, 1, 1, 33, 'Г. Волгоград, ул. Академика Комарова 57,кв.7', 'athlete/29_Евтушенко_Александр/registration_Евтушенко_Александр_Алексеевич.jpg', '2022-10-15 02:52:03', '2022-10-15 02:52:03'),
(11, 1, 1, 33, 'г. Волгоград ул. Севская д.10', 'athlete/47_Вовченко_Егор/registration_Вовченко_Егор_Алексеевич.jpg', '2022-11-29 13:03:19', '2022-11-29 13:03:19'),
(12, 1, 1, 33, 'П Каменный ул.Строителей 17 кв3', 'athlete/51_Салиев_Марк/registration_Салиев_Марк_Рифатович.jpg', '2022-11-29 13:30:25', '2022-11-29 13:30:25'),
(13, 1, 1, 33, 'р.п. Городище, ул. Ивушкина, д. 45', 'athlete/48_Вояновская_Полина/registration_Вояновская_Полина_Денисовна.jpg', '2022-11-29 14:25:08', '2022-11-29 14:25:08'),
(14, 1, 1, 33, 'г.Волгоград,ул.Хорошева,д.8б,кв.9', 'athlete/57_Ким_Юлия/registration_Ким_Юлия_Сергеевна.jpg', '2022-11-29 14:28:19', '2022-11-29 14:28:19'),
(15, 1, 1, 33, 'р. п. Городище пер. Димитрова д. 2', 'athlete/53_Щербаков_Станислава/registration_Щербаков_Станислава_Станиславовна.jpg', '2022-11-30 02:15:11', '2022-11-30 02:15:11'),
(16, 1, 1, 33, 'г. Волгоград, ул. Рионская, д. 9, кв. 18', 'athlete/68_Романов_Артëм/registration_Романов_Артëм_Александрович.jpg', '2022-11-30 05:16:12', '2022-11-30 05:16:12'),
(17, 1, 1, 33, 'г. Волгоград, ул. Б-р 30-летия Победы, д. 19, кВ. 27', 'athlete/72_Ноздрина_Вера/registration_Ноздрина_Вера_Алексеевич.jpg', '2022-11-30 06:37:19', '2022-11-30 06:37:19'),
(18, 1, 4, 5, 'г. Махачкала, Левашинский район, с. Цухта, Центральная 59', 'athlete/74_Муртазалиев_Магомед/registration_Муртазалиев_Магомед_Рамазанович.jpg', '2022-11-30 06:44:49', '2022-11-30 06:44:49'),
(19, 1, 1, 33, 'Р.п. Городище,ул.Тимирязева,д.24/1', 'athlete/78_Калинин_Алексей/registration_Калинин_Алексей_Валерьевич.jpg', '2022-11-30 07:54:01', '2022-11-30 07:54:01'),
(20, 1, 1, 33, 'Р.п. Городище,ул.Тимирязева,д.24/1', 'athlete/79_Калинин_Павел/registration_Калинин_Павел_Валерьевич.jpg', '2022-11-30 07:59:24', '2022-11-30 07:59:24'),
(21, 1, 1, 33, 'г. Краснослободск, ул. Красноярская, д. 63', 'athlete/86_Бологачев_Дмитрий/registration_Бологачев_Дмитрий_Дмитриевич.jpg', '2022-11-30 09:29:28', '2022-11-30 09:29:28'),
(22, 1, 1, 33, 'Р.п.Городище, СНТ РОДНИЧОК, 217', 'athlete/87_Арутюнян_Тигран/registration_Арутюнян_Тигран_Арманович.jpg', '2022-11-30 09:56:20', '2022-11-30 09:56:20'),
(23, 1, 1, 33, 'р.п.Городище, ул. Фрунзе, д. 49,кв. 6', 'athlete/42_Мнацаканян_Эрик/registration_Мнацаканян_Эрик_Хачикович.jpg', '2022-11-30 10:34:14', '2022-11-30 10:34:14'),
(24, 1, 1, 33, 'г.Волгоград, ул.Библиотечная, д.11 кв.6', 'athlete/89_Полий_Варвара/registration_Полий_Варвара_Сергеевна.jpg', '2022-11-30 10:45:51', '2022-11-30 10:45:51'),
(25, 1, 1, 33, 'г.Волгоград, ул.Историческая, д.132, кв.23', 'athlete/94_Старшов_Давыд/registration_Старшов_Давыд_Алексеевич.jpg', '2022-11-30 13:11:36', '2022-11-30 13:11:36'),
(26, 1, 1, 33, 'Волгоград, ул. Гвоздкова, д. 6, кв. 61', 'athlete/97_Гузев_Савелий/registration_Гузев_Савелий_Дмитриевич.jpg', '2022-11-30 17:56:14', '2022-11-30 17:56:14'),
(27, 1, 1, 33, 'Рп. Городище, ул. Сосновая, д. 86', 'athlete/101_Зайцев_Михаил/registration_Зайцев_Михаил_Вадимович.jpg', '2022-12-01 03:54:22', '2022-12-01 03:54:22'),
(28, 1, 1, 33, 'Рп. Городище, ул. Сосновая, д. 86', 'athlete/102_Зайцев_Александр/registration_Зайцев_Александр_Вадимович.jpg', '2022-12-01 03:57:29', '2022-12-01 03:57:29'),
(29, 1, 1, 33, 'рп. Городище ул Советская д16', 'athlete/54_Панфилович_Матвей/registration_Панфилович_Матвей_Алексеевич.jpg', '2022-12-01 07:40:54', '2022-12-01 07:40:54'),
(30, 1, 1, 33, 'г.Волгоград р.п Городище ул Волгоградская 11кв 1', 'athlete/81_Чекунова_Варвара/registration_Чекунова_Варвара_Александровна.jpg', '2022-12-01 10:44:27', '2022-12-01 10:44:27'),
(31, 1, 1, 33, 'г. Волгоград, ул. Новосибирская, д. 66, кв. 162', 'athlete/110_Черкашин_Матвей/registration_Черкашин_Матвей_Максимович.jpg', '2022-12-01 13:41:46', '2022-12-01 13:41:46'),
(32, 1, 1, 33, 'Ул.днепростроевская д33', 'athlete/111_Корольчук_Марина/registration_Корольчук_Марина_Петровна.jpg', '2022-12-01 13:46:44', '2022-12-01 13:46:44'),
(33, 1, 1, 33, 'г. Волгоград, ул Шуберта 37', 'athlete/113_Неткач_Артём/registration_Неткач_Артём_Иванович.jpg', '2022-12-01 15:40:19', '2022-12-01 15:40:19'),
(34, 1, 1, 33, 'г. Волгоград, ул Шуберта 37', 'athlete/114_Неткач_Артём/registration_Неткач_Артём_Иванович.jpg', '2022-12-01 15:47:15', '2022-12-01 15:47:15'),
(35, 1, 1, 33, 'Г.ВОЛГОГРАД Ул.8-й воздушной армии, д.39,к.82', 'athlete/116_Дыльнов_Евгений/registration_Дыльнов_Евгений_Романович.jpg', '2022-12-02 06:27:22', '2022-12-02 06:27:22'),
(36, 1, 1, 33, 'Волгоградская область, р. п. Городище, ул. Нефтяников, д. 1, кв. 44', 'athlete/121_Меркурьев_Кирилл/registration_Меркурьев_Кирилл_Алексеевич.jpg', '2022-12-02 08:01:35', '2022-12-02 08:01:35'),
(37, 1, 1, 33, 'г. Волгоград, ул. Генерала Штеменко д. 37. кв. 23', 'athlete/119_Дядькин_Артем/registration_Дядькин_Артем_Дмитриевич.jpg', '2022-12-02 08:13:49', '2022-12-02 08:13:49'),
(38, 1, 1, 33, 'г.Волгоград, ул. Степанищева 35 -12', 'athlete/127_Большаков_Филипп/registration_Большаков_Филипп_Михайлович.jpg', '2022-12-02 09:27:07', '2022-12-02 09:27:07'),
(39, 1, 1, 33, 'Г. Волгоград, ул. Шумского, д. 9, кв. 15', 'athlete/128_Неретин_Владислав/registration_Неретин_Владислав_Александрович.jpg', '2022-12-02 09:38:14', '2022-12-02 09:38:14'),
(40, 1, 1, 33, 'Г. Волгоград, ул. Шумского, д. 9, кв. 15', 'athlete/132_Неретин_Владислав/registration_Неретин_Владислав_Александрович.jpg', '2022-12-02 10:39:27', '2022-12-02 10:39:27'),
(41, 1, 1, 33, 'г. Волгоград, ул. Имени Капитана Курсекова, д. 6, кв. 63', 'athlete/145_Пятышкин_Даниил/registration_Пятышкин_Даниил_Владимирович.jpg', '2022-12-02 11:42:36', '2022-12-02 11:42:36'),
(42, 1, 1, 33, 'г. Волгоград, ул. им. Грибанова, д. 26,кв.9', 'athlete/138_Нежурин_Вадим/registration_Нежурин_Вадим_Михайлович.jpg', '2022-12-02 11:47:28', '2022-12-02 11:47:28'),
(43, 1, 1, 33, 'Городищенский район, п. Каменный, ул. Пионерская, 15', 'athlete/140_Василевская_Мария/registration_Василевская_Мария_Евгеньевна.jpg', '2022-12-02 11:47:30', '2022-12-02 11:47:30'),
(44, 1, 1, 33, 'Волгоградская область Городищенский район ул.Строителей дом 13', 'athlete/141_Бовсуновский_Никита/registration_Бовсуновский_Никита_Сергеевич.jpg', '2022-12-02 11:49:14', '2022-12-02 11:49:14'),
(45, 1, 1, 33, 'Волгоград, ул. Солнечникова, д.11,кв.53', 'athlete/149_Попов_Ярослав/registration_Попов_Ярослав_Дмитриевич.jpg', '2022-12-02 11:53:22', '2022-12-02 11:53:22'),
(46, 1, 1, 33, 'г. Волгоград, ул. Имени Капитана Курсекова, д. 6, кв. 63', 'athlete/146_Пятышкин_Даниил/registration_Пятышкин_Даниил_Владимирович.jpg', '2022-12-02 11:54:33', '2022-12-02 11:54:33'),
(47, 1, 1, 33, 'г. Волгоград, ул. им. Грибанова, д. 26, кв. 9', 'athlete/137_Нежурина_Валерия/registration_Нежурина_Валерия_Михайловна.jpg', '2022-12-02 11:57:10', '2022-12-02 11:57:10'),
(48, 1, 1, 33, 'г.Волгоград ул.Грибанова, д.18 кв.21', 'athlete/147_Грачев_Ярослав/registration_Грачев_Ярослав_Александрович.jpg', '2022-12-02 12:01:31', '2022-12-02 12:01:31'),
(49, 1, 1, 33, 'Г. Волгоград, ул. Маршала Воронова, д. 24,кв.406', 'athlete/152_Шмырев_Виктор/registration_Шмырев_Виктор_Александрович.jpg', '2022-12-02 12:10:01', '2022-12-02 12:10:01'),
(50, 1, 1, 33, 'г. Волгоград, ул. Шумского, д. 7,кв.2', 'athlete/153_Сатдинов_Богдан/registration_Сатдинов_Богдан_Алексеевич.jpg', '2022-12-02 12:58:51', '2022-12-02 12:58:51'),
(51, 1, 1, 33, 'Г. Волгоград,улица имени маршала Воронова,дом 14 квартира 166', 'athlete/159_Гречкин_Даниил/registration_Гречкин_Даниил_Александрович.jpg', '2022-12-02 13:27:29', '2022-12-02 13:27:29'),
(52, 1, 1, 33, 'г. Волгоград, ул. Шекснинская, д. 22, кв. 315;316', 'athlete/162_Ставыщенко_Макар/registration_Ставыщенко_Макар_Дмитриевич.jpg', '2022-12-02 13:40:46', '2022-12-02 13:40:46'),
(53, 1, 1, 33, 'С. Журавка, ул. Советская, д. 53', 'athlete/163_Урсов_Михаил/registration_Урсов_Михаил_Арменович.jpg', '2022-12-02 14:23:40', '2022-12-02 14:23:40'),
(54, 1, 1, 33, 'Г. Волгоград, ул. Добрушина 14а кв 29', 'athlete/166_Шувалов_Константин/registration_Шувалов_Константин_Юрьевич.jpg', '2022-12-02 14:27:13', '2022-12-02 14:27:13'),
(55, 1, 1, 33, 'г. Волгоград, пр-кт им. Маршала Советского Союза Г.К. Жукова,  д.87, кв.1щщ', 'athlete/170_Маслов_Максим/registration_Маслов_Максим_Сергеевич.jpg', '2022-12-02 15:05:56', '2022-12-02 15:05:56'),
(56, 1, 1, 33, 'г. Волгоград, ул. Добрушина, д. 26,кв.5', 'athlete/167_Ильменский_Роман/registration_Ильменский_Роман_Александрович.jpg', '2022-12-02 15:56:25', '2022-12-02 15:56:25'),
(57, 1, 1, 33, 'г. Волгоград, ул. Степанищева д.3 кв. 9(', 'athlete/173_Драгунова_Вероника/registration_Драгунова_Вероника_Денисовна.jpg', '2022-12-02 15:59:04', '2022-12-02 15:59:04'),
(58, 1, 1, 33, 'г. Волгоград, ул. Владимирская, д. 53, кв. 42', 'athlete/179_Токарев_Дмитрий/registration_Токарев_Дмитрий_Сергеевич.jpg', '2022-12-03 02:41:58', '2022-12-03 02:41:58'),
(59, 1, 1, 33, 'Волгоград Солнечникова 17 кв 33', 'athlete/181_Нерушаева_София/registration_Нерушаева_София_Борисовна.jpg', '2022-12-03 03:28:46', '2022-12-03 03:28:46'),
(60, 1, 1, 33, 'Г. Волгоград, ул. Им. гвардии сержанта Шумского, д. 5а, кв. 113', 'athlete/183_Куприяхин_Максим/registration_Куприяхин_Максим_Витальевич.jpg', '2022-12-03 04:43:53', '2022-12-03 04:43:53'),
(61, 1, 1, 33, 'Г.Волгоград, ул. 35 Гвардейской, д.4, кв. 17', 'athlete/191_Киляков_Егор/registration_Киляков_Егор_Александрович.jpg', '2022-12-03 09:06:45', '2022-12-03 09:06:45'),
(62, 1, 5, 33, 'г. Волгоград, ул. Новосибирская, д. 66, кв. 103', 'athlete/193_Мелихов_Денис/registration_Мелихов_Денис_Владимирович.jpg', '2022-12-03 10:51:02', '2022-12-03 10:51:02'),
(63, 1, 1, 33, 'Г.волгоград , ул. Добрушина 26 , кв 46', 'athlete/195_Котрунов_Дэмис/registration_Котрунов_Дэмис_Романович.jpg', '2022-12-03 10:56:28', '2022-12-03 10:56:28'),
(64, 1, 1, 33, 'Г. Волгоград,  ул. Грибанова,  д. 4, кв. 32', 'athlete/197_Манько_Михаил/registration_Манько_Михаил_Сергеевич.jpg', '2022-12-03 11:08:27', '2022-12-03 11:08:27'),
(65, 1, 1, 33, 'Ул.70-летия Победы 5,кв90.', 'athlete/199_Артемова_Злата/registration_Артемова_Злата_Романовна.jpg', '2022-12-03 11:38:39', '2022-12-03 11:38:39'),
(66, 1, 1, 33, 'г. Волгоград , ул. Грибанова 5 б , кв. 8', 'athlete/169_Мирошникова_Валерия/registration_Мирошникова_Валерия_Ивановна.jpg', '2022-12-03 12:53:08', '2022-12-03 12:53:08'),
(67, 1, 1, 33, 'Вавило 4', 'athlete/206_Марков_Константин/registration_Марков_Константин_Евгеньевич.jpg', '2022-12-03 12:54:21', '2022-12-03 12:54:21'),
(68, 1, 1, 33, 'Полиашвили 144', 'athlete/207_Кисленко_Егор/registration_Кисленко_Егор_Павлович.jpg', '2022-12-03 13:24:52', '2022-12-03 13:24:52'),
(69, 1, 1, 33, 'ул.Маршала Воронова д.12 кв.21', 'athlete/209_Лузановская_Арина/registration_Лузановская_Арина_Александровна.jpg', '2022-12-03 15:59:48', '2022-12-03 15:59:48'),
(70, 1, 1, 33, 'р.п. Городище, ул. Тимирязева, дом 46, кв. 13', 'athlete/211_Евтеев_Евгений/registration_Евтеев_Евгений_Александрович.jpg', '2022-12-04 08:51:28', '2022-12-04 08:51:28'),
(71, 1, 1, 33, 'г.Волгоград, ул.35-й Гвардейской, д.15, кв.42', 'athlete/213_Серяков_Александр/registration_Серяков_Александр_Евгеньевич.jpg', '2022-12-04 09:10:24', '2022-12-04 09:10:24'),
(72, 1, 1, 33, 'г Волгоград,ул.им.Грибанова ,д.13.кв.27', 'athlete/214_Фомичев_Глеб/registration_Фомичев_Глеб_Станиславович.jpg', '2022-12-04 09:20:57', '2022-12-04 09:20:57'),
(73, 1, 1, 33, 'Г. Волгоград, ул. Им. Тимирязева д. 46 кв. 37', 'athlete/220_Букин_Андрей/registration_Букин_Андрей_Алексеевич.jpg', '2022-12-04 13:03:35', '2022-12-04 13:03:35'),
(74, 1, 1, 33, 'г.Волгоград,проспект Ленина,д 7а,кВ.12', 'athlete/221_Кострыко_Алиса/registration_Кострыко_Алиса_Алексеевна.jpg', '2022-12-04 13:11:54', '2022-12-04 13:11:54'),
(75, 1, 1, 33, 'г. Волгоград, ул. Солнечникова 29/49', 'athlete/224_Кулёмина_Дарья/registration_Кулёмина_Дарья_Романовна.jpg', '2022-12-04 16:22:37', '2022-12-04 16:22:37'),
(76, 1, 1, 33, 'Город Волгоград улица Пархоменко д. 55 кв. 66', 'athlete/227_Новохатская_Таисия/registration_Новохатская_Таисия_Михайловна.jpg', '2022-12-04 16:58:14', '2022-12-04 16:58:14'),
(77, 1, 1, 33, 'Г. Волгоград, пр. Им Ленина, 53, 122', 'athlete/186_Юринкин_Кирилл/registration_Юринкин_Кирилл_Сергеевич.jpg', '2022-12-04 17:02:51', '2022-12-04 17:02:51'),
(78, 1, 1, 33, 'Г. Волгоград, ул. Днепростроевская 36а', 'athlete/226_Жирков_Захар/registration_Жирков_Захар_Станиславович.jpg', '2022-12-04 17:03:12', '2022-12-04 17:03:12'),
(79, 1, 1, 33, 'г. Волгоград, ул. Библиотечная д. 9,кв 108', 'athlete/228_Коваленко_Владислав/registration_Коваленко_Владислав_Валерьевич.jpg', '2022-12-04 17:04:55', '2022-12-04 17:04:55'),
(80, 1, 1, 33, 'Г. Волгоград, ул. М. Степанищева, 21-21', 'athlete/230_Суханов_Денис/registration_Суханов_Денис_Русланович.jpg', '2022-12-05 02:43:08', '2022-12-05 02:43:08'),
(81, 1, 1, 33, 'Ул. Турбинная, д. 220', 'athlete/234_Кирсанов_Сергей/registration_Кирсанов_Сергей_Влалимирович.jpg', '2022-12-05 04:40:26', '2022-12-05 04:40:26'),
(82, 1, 1, 33, 'г. Волгоград ул. Колосовая д. 18 кв. 114', 'athlete/239_Гончаров_Данил/registration_Гончаров_Данил_Игоревич.jpg', '2022-12-05 04:55:33', '2022-12-05 04:55:33'),
(83, 1, 1, 33, 'г. Волгоград, ул. Чернышевского, д. 10', 'athlete/243_Полторацкий_Никита/registration_Полторацкий_Никита_Алексеевич.jpg', '2022-12-05 05:29:32', '2022-12-05 05:29:32'),
(84, 1, 1, 33, 'г. Волгоград, ул. Чернышевского, д. 10', 'athlete/244_Полторацкий_Максим/registration_Полторацкий_Максим_Алексеевич.jpg', '2022-12-05 05:38:05', '2022-12-05 05:38:05'),
(85, 1, 1, 33, 'Г. Волгоград, ул. Колосовая, д. 18, кв. 218', 'athlete/246_Шушляев_Артём/registration_Шушляев_Артём_Антонович.jpg', '2022-12-05 05:39:39', '2022-12-05 05:39:39'),
(86, 1, 5, 33, 'г. Волгоград, ул. Шумского, д. 10а, кв. 5', 'athlete/248_Козлов_Арсений/registration_Козлов_Арсений_Витальевич.jpg', '2022-12-05 06:41:47', '2022-12-05 06:41:47'),
(87, 1, 1, 33, 'Р. П. Городище СНТ Родничок 512', 'athlete/92_Бондаренко_Тимур/registration_Бондаренко_Тимур_Александрович.jpg', '2022-12-05 09:08:33', '2022-12-05 09:08:33'),
(88, 1, 1, 33, 'Г.Волгоград ул. Ляпунова Д.18/1', 'athlete/258_Сяткин_Прохор/registration_Сяткин_Прохор_Александрович.jpg', '2022-12-05 09:44:22', '2022-12-05 09:44:22'),
(89, 1, 1, 33, 'Г. Волгоград,ул. Военный городок,д.6.кв.7', 'athlete/256_Каплунов_Владислав/registration_Каплунов_Владислав_Сергеевич.jpg', '2022-12-05 09:47:36', '2022-12-05 09:47:36'),
(90, 1, 1, 33, 'Г.Волгоград ул.Ляпунова д.18/1', 'athlete/260_Сяткина_Юлия/registration_Сяткина_Юлия_Александровна.jpg', '2022-12-05 09:51:28', '2022-12-05 09:51:28'),
(91, 1, 1, 33, 'Г. Волгоград,ул. Военный городок,д.6.кв.7', 'athlete/261_Каплунов_Артем/registration_Каплунов_Артем_Сергеевич.jpg', '2022-12-05 09:54:50', '2022-12-05 09:54:50'),
(92, 1, 1, 33, 'г. Волгоград, ул. Лавровая, д. 38', 'athlete/266_Новиков_Даниил/registration_Новиков_Даниил_Евгеньевич.jpg', '2022-12-05 10:26:13', '2022-12-05 10:26:13'),
(93, 1, 1, 33, 'г.Волгоград, ул. Маршала Еременко д92.кв87', 'athlete/268_Смольяков_Николай/registration_Смольяков_Николай_Алексеевич.jpg', '2022-12-05 10:27:31', '2022-12-05 10:27:31'),
(94, 1, 1, 33, 'Рп Городище ул Светлая,23', 'athlete/270_Маутова_Аделина/registration_Маутова_Аделина_Алибековна.jpg', '2022-12-05 11:18:09', '2022-12-05 11:18:09'),
(95, 1, 1, 33, 'Рп Городище ул Светлая,23', 'athlete/271_Маутова_Диляра/registration_Маутова_Диляра_Алибековна.jpg', '2022-12-05 11:20:10', '2022-12-05 11:20:10'),
(96, 1, 1, 33, 'г. Волгоград, ул. им. Циолковского, дом 2, кв. 69', 'athlete/272_Карнаухова_Виктория/registration_Карнаухова_Виктория_Андреевна.jpg', '2022-12-05 11:34:56', '2022-12-05 11:34:56'),
(97, 1, 1, 33, 'Волгоградская обл., г. Волгоград, ул. Кирова, д. 92, кв. 241', 'athlete/252_Казарников_Сергей/registration_Казарников_Сергей_Сергеевич.jpg', '2022-12-05 12:13:37', '2022-12-05 12:13:37'),
(98, 1, 1, 33, 'г. Волгоград, ул. им. Кирова, д. 96, кв. 189', 'athlete/274_Иванова_Ярослава/registration_Иванова_Ярослава_Львовна.jpg', '2022-12-05 12:23:23', '2022-12-05 12:23:23'),
(99, 1, 1, 33, 'Г. Волгоград Краснооктябрьский р-н СНТ \"Металлург\" уч. 3 ул. 3 д. 112', 'athlete/262_Шамшурин_Роман/registration_Шамшурин_Роман_Сергеевич.jpg', '2022-12-05 12:41:52', '2022-12-05 12:41:52'),
(100, 1, 1, 33, 'Волгоград каменный пионерская 3', 'athlete/276_Филимонова_Полина/registration_Филимонова_Полина_Игоревна.jpg', '2022-12-05 12:45:36', '2022-12-05 12:45:36'),
(101, 1, 1, 33, 'г. Волгоград ул. им. Антонина Дворжака, д. 2', 'athlete/281_Бородин_Ярослав/registration_Бородин_Ярослав_Станиславович.jpg', '2022-12-05 13:22:08', '2022-12-05 13:22:08'),
(102, 1, 1, 33, 'г. Волгоград, ул. 50-летия ВЛКСМ, д. 2,кв. 24', 'athlete/278_Евсеевичев_Михаил/registration_Евсеевичев_Михаил_Дмитриевич.jpg', '2022-12-05 13:23:22', '2022-12-05 13:23:22'),
(103, 1, 1, 33, 'Рионская , влд.3,кв.28', 'athlete/285_Беккер_Злата/registration_Беккер_Злата_Алексеевна.jpg', '2022-12-05 13:58:03', '2022-12-05 13:58:03'),
(104, 1, 1, 33, 'Г. Волгоград ул. Им. Кирова д. 20', 'athlete/287_Антюхин_Николай/registration_Антюхин_Николай_Сергеевич.jpg', '2022-12-05 14:10:47', '2022-12-05 14:10:47'),
(105, 1, 1, 33, 'г Волгоград, ул им. Кирова, д 20', 'athlete/289_Антюхин_Дмитрий/registration_Антюхин_Дмитрий_Сергеевич.jpg', '2022-12-05 14:15:11', '2022-12-05 14:15:11'),
(106, 1, 1, 33, 'г Волгоград ул Ромена Роллана дом 37', 'athlete/290_Ведзижева_Ясмина/registration_Ведзижева_Ясмина_Тамерлановна.jpg', '2022-12-05 14:20:37', '2022-12-05 14:20:37'),
(107, 1, 1, 33, 'г. Волгоград, ул. Колосова я, д.8, кв.31', 'athlete/250_Дубинин_Матвей/registration_Дубинин_Матвей_Артёмович.jpg', '2022-12-05 15:19:26', '2022-12-05 15:19:26'),
(108, 1, 1, 33, 'г. Волгоград, ул. Абганеровская, 73А', 'athlete/293_Юдочкин_Сергей/registration_Юдочкин_Сергей_Васильевич.jpg', '2022-12-05 17:15:14', '2022-12-05 17:15:14'),
(109, 1, 1, 33, 'Ул. им. Тимирязева, д.46, кв. 65', 'athlete/294_Пимкин_Максим/registration_Пимкин_Максим_Александрович.jpg', '2022-12-05 17:27:55', '2022-12-05 17:27:55'),
(110, 1, 1, 33, 'г. Волгоград, Ул. Санаторная, д. 14, кв.57', 'athlete/255_Коробкина_Дарья/registration_Коробкина_Дарья_Алексеевна.jpg', '2022-12-05 18:52:12', '2022-12-05 18:52:12'),
(111, 1, 1, 33, 'Волгоград,ул. Рионская,д.5,кв56', 'athlete/296_Озевич_Олег/registration_Озевич_Олег_Евгеньевич.jpg', '2022-12-06 01:24:27', '2022-12-06 01:24:27'),
(112, 1, 1, 33, 'г. Волгоград , переулок Земляничный дом 6', 'athlete/301_Белицкий_Даниил/registration_Белицкий_Даниил_Викторович.jpg', '2022-12-06 02:18:21', '2022-12-06 02:18:21'),
(113, 1, 1, 33, 'г. Волгоград, ул. Грибанова 4а, кв 17', 'athlete/302_ЩЕДРИН_АЛЕКСАНДР/registration_ЩЕДРИН_АЛЕКСАНДР_ДМИТРИЕВИЧ.jpg', '2022-12-06 02:24:56', '2022-12-06 02:24:56'),
(114, 1, 1, 33, 'г. Волгоград, ул. им. Кирова, д. 145, кв. 25', 'athlete/304_Яблочкин_Григорий/registration_Яблочкин_Григорий_Станиславович.jpg', '2022-12-06 02:47:08', '2022-12-06 02:47:08'),
(115, 1, 1, 33, 'Г. Волгоград ул. Тбилисская д. 11', 'athlete/311_Таранов_Данила/registration_Таранов_Данила_Владимирович.jpg', '2022-12-06 04:49:15', '2022-12-06 04:49:15'),
(116, 1, 1, 33, 'Г. Волгоград, ул. Салтыкова - Щедрина, д. 4, кв. 18', 'athlete/314_Нелепа_Назар/registration_Нелепа_Назар_Юрьевич.jpg', '2022-12-06 04:55:32', '2022-12-06 04:55:32'),
(117, 1, 1, 33, 'г. Волгоград ул. Краснопресненская д. 9 кв. 1', 'athlete/313_Таранов_Сергей/registration_Таранов_Сергей_Владимирович.jpg', '2022-12-06 04:58:30', '2022-12-06 04:58:30'),
(118, 1, 1, 33, 'г. Волгоград, ул. им. Солнечникова, д.33/71', 'athlete/318_Пушкарская_Дарина/registration_Пушкарская_Дарина_Андреевна.jpg', '2022-12-06 07:18:48', '2022-12-06 07:18:48'),
(119, 1, 1, 33, 'г.Волгоград , ул.Кирова,д.92, кв.173', 'athlete/322_Хомяков_Валерий/registration_Хомяков_Валерий_Сергеевич.jpg', '2022-12-06 08:19:06', '2022-12-06 08:19:06'),
(120, 1, 1, 33, 'Станица Трёх островская, ул. Первомайская, д. 16.Волгоградской области', 'athlete/326_Поликарпов_Ярослав/registration_Поликарпов_Ярослав_Сергеевич.jpg', '2022-12-06 08:36:03', '2022-12-06 08:36:03'),
(121, 1, 1, 33, 'Город Палласовка ул Чехова д 2', 'athlete/328_Кунгурцев_Данила/registration_Кунгурцев_Данила_Александрович.jpg', '2022-12-06 09:28:50', '2022-12-06 09:28:50'),
(122, 1, 1, 33, 'г.Волгоград р.п Городище ул Волгоградская 11/1', 'athlete/188_Ануфриева_София/registration_Ануфриева_София_Артемовна.jpg', '2022-12-06 10:41:30', '2022-12-06 10:41:30'),
(123, 1, 1, 33, 'Г.Волгоград ул Ясеневая д.65', 'athlete/332_Соколов_Владислав/registration_Соколов_Владислав_Леонидович.jpg', '2022-12-06 13:10:24', '2022-12-06 13:10:24'),
(124, 1, 1, 33, 'г. Волгоград, ул. Гранатовая, д.29', 'athlete/334_Лымарев_Дмитрий/registration_Лымарев_Дмитрий_Евгеньевич.jpg', '2022-12-06 13:10:28', '2022-12-06 13:10:28'),
(125, 1, 1, 33, 'Г. Волгоград, ул. Колосовая, д. 12, кв. 81', 'athlete/338_Сивогривов_Никита/registration_Сивогривов_Никита_Алексеевич.jpg', '2022-12-06 13:29:29', '2022-12-06 13:29:29'),
(126, 1, 1, 33, 'Г. Волгоград ул. Песчаная дом 38', 'athlete/336_Бураменская_Каролина/registration_Бураменская_Каролина_Алексеевна.jpg', '2022-12-06 13:38:12', '2022-12-06 13:38:12'),
(127, 1, 1, 33, 'г. Волгоград, ул. Шекснинская, д. 46, кв. 12', 'athlete/341_Сухов_Арсений/registration_Сухов_Арсений_Сергеевич.jpg', '2022-12-06 14:08:18', '2022-12-06 14:08:18'),
(128, 1, 1, 33, 'Г.Волгоград ул.Мясникова д.14 кв.157', 'athlete/343_Хитров_Алексей/registration_Хитров_Алексей_Дмитриевич.jpg', '2022-12-06 15:08:12', '2022-12-06 15:08:12'),
(129, 1, 1, 33, 'г. Волгоград, ул им. гвардии полковника Добрушина, д. 6а, кв. 15', 'athlete/346_Рожнов_Роман/registration_Рожнов_Роман_Вадимович.jpg', '2022-12-06 17:05:05', '2022-12-06 17:05:05'),
(130, 1, 1, 33, 'г. Волгоград, ул. Тимирязева , д. 52, кв. 88', 'athlete/348_Бабенко_Данил/registration_Бабенко_Данил_Иванович.jpg', '2022-12-07 02:36:34', '2022-12-07 02:36:34'),
(131, 1, 1, 33, 'г. Волгоград, ул. Тимирязева , д. 52, кв. 88', 'athlete/349_Бабенко_Семён/registration_Бабенко_Семён_Иванович.jpg', '2022-12-07 02:45:21', '2022-12-07 02:45:21'),
(132, 1, 1, 33, 'г.Волгоград, ул.Шекснинская, д.14, кв. 28', 'athlete/354_Стасевич_Артём/registration_Стасевич_Артём_Кириллович.jpg', '2022-12-07 06:32:01', '2022-12-07 06:32:01'),
(133, 1, 1, 33, 'Пер. Демократический д. 8 кв 25', 'athlete/356_Поликарпов_Денис/registration_Поликарпов_Денис_Сергеевич.jpg', '2022-12-07 07:35:47', '2022-12-07 07:35:47'),
(134, 1, 1, 33, 'Р. П. Городище, ул. Полевая, 54', 'athlete/360_Грабова_Мария/registration_Грабова_Мария_Денисовна.jpg', '2022-12-07 11:10:12', '2022-12-07 11:10:12'),
(135, 1, 1, 33, 'Волгоградская обл, Среднеахтубинский р-н, село Маслово, ул Центральная, д 5', 'athlete/362_Великанов_Захар/registration_Великанов_Захар_Дмитриевич.jpg', '2022-12-07 11:22:20', '2022-12-07 11:22:20'),
(136, 1, 1, 33, 'Г. Волгоград, ул. Добрушина, д. 30,кв.42', 'athlete/307_Кубик_Максим/registration_Кубик_Максим_Андреевич.jpg', '2022-12-07 12:18:11', '2022-12-07 12:18:11'),
(137, 1, 1, 33, 'г.Волгоград,ул Тимирязева,д31,кв.86', 'athlete/364_Сергеев_Иван/registration_Сергеев_Иван_Андреевич.jpg', '2022-12-07 13:57:08', '2022-12-07 13:57:08'),
(138, 1, 1, 33, 'г. Волгоград, ул. Маршала Ерёменко , д. 72,кв.3', 'athlete/368_Иванов_Александр/registration_Иванов_Александр_Александрович.jpg', '2022-12-07 16:31:57', '2022-12-07 16:31:57'),
(139, 1, 1, 33, 'Волгоград, ул Новосибирская, д. 70, кв. 4', 'athlete/109_Хвастунова_Дарья/registration_Хвастунова_Дарья_Сергеевна.jpg', '2022-12-08 03:33:03', '2022-12-08 03:33:03'),
(140, 1, 1, 33, 'Волгоград, ул. Грибанова, д.5, кв. 34', 'athlete/372_Осипов_Михаил/registration_Осипов_Михаил_Юрьевич.jpg', '2022-12-08 04:54:12', '2022-12-08 04:54:12'),
(141, 1, 1, 33, 'Ул.Добрунина д. 14а,кв.39', 'athlete/374_Сальников_Роман/registration_Сальников_Роман_Викторович.jpg', '2022-12-08 05:05:55', '2022-12-08 05:05:55'),
(142, 1, 1, 33, 'г.Волгоград, пр.им.Жукова, д.115, кв.27', 'athlete/381_Литвинов_Артём/registration_Литвинов_Артём_Александрович.jpg', '2022-12-08 06:53:07', '2022-12-08 06:53:07'),
(143, 1, 1, 33, 'Переулок Розовый д9', 'athlete/384_Колобков_Мирон/registration_Колобков_Мирон_Александрович.jpg', '2022-12-08 07:27:41', '2022-12-08 07:27:41'),
(144, 1, 1, 33, 'Волгоград бульвар 30 летия Победы дом 17Б кв. 24', 'athlete/389_Плюснина_Алёна/registration_Плюснина_Алёна_Павловна.jpg', '2022-12-08 08:00:54', '2022-12-08 08:00:54'),
(145, 1, 1, 33, 'Г. Волгоград ул. 8 воздушной армии дом 45 кв 108', 'athlete/393_Шарапов_Андрей/registration_Шарапов_Андрей_Андреевич.jpg', '2022-12-08 08:26:28', '2022-12-08 08:26:28'),
(146, 1, 1, 33, 'Г.Волгоград, ул.им.Гвардии красноармейца Химина д.2а, кв.29', 'athlete/390_Луговой_Андрей/registration_Луговой_Андрей_Сергеевич.jpg', '2022-12-08 08:33:12', '2022-12-08 08:33:12'),
(147, 1, 1, 33, 'г. Волгоград, ул. Шекснинская, д. 26, кв. 103', 'athlete/396_Патрушев_Демид/registration_Патрушев_Демид_Максимович.jpg', '2022-12-08 09:02:40', '2022-12-08 09:02:40'),
(148, 1, 1, 33, 'Г. Волгоград, ул. 26 Бакинских комиссаров 12а', 'athlete/398_Сидоренко_Мартин/registration_Сидоренко_Мартин_Павлович.jpg', '2022-12-08 09:05:10', '2022-12-08 09:05:10'),
(149, 1, 1, 33, 'г. Волгоград, ул. Шекснинская, д. 85, кв. 18', 'athlete/400_Сергеев_Максим/registration_Сергеев_Максим_Алексеевич.jpg', '2022-12-08 09:37:07', '2022-12-08 09:37:07'),
(150, 1, 1, 33, 'Г. Волгоград, ул. Колосовая,  д. 8а, кв. 110', 'athlete/403_Горбатенко_Виктория/registration_Горбатенко_Виктория_Игоревна.jpg', '2022-12-08 10:15:25', '2022-12-08 10:15:25'),
(151, 1, 1, 33, 'Г.Волгоград, ул. Лавровая, дом 2', 'athlete/410_Филимонова_Ангелина/registration_Филимонова_Ангелина_Ивановна.jpg', '2022-12-08 13:07:40', '2022-12-08 13:07:40'),
(152, 1, 1, 33, 'г. Волгоград, ул. им. Землячки, д. 56, кв. 103', 'athlete/412_Чурсин_Никита/registration_Чурсин_Никита_Максимович.jpg', '2022-12-08 13:17:31', '2022-12-08 13:17:31'),
(153, 1, 1, 33, 'г.Волгоград  р.п.Городище ул. Им.Адмирала Исакова д.13', 'athlete/411_Хайдурова_Полина/registration_Хайдурова_Полина_Сергеевна.jpg', '2022-12-08 13:21:19', '2022-12-08 13:21:19'),
(154, 1, 1, 33, 'г.Волгоград, ул. им.26 Бакинских Комиссаров, д.14 а', 'athlete/413_Беглов_Владимир/registration_Беглов_Владимир_Владимирович.jpg', '2022-12-08 13:41:45', '2022-12-08 13:41:45'),
(155, 1, 1, 33, 'г. Волгоград, ул. Шекснинская,д.32,кв.305', 'athlete/417_Ильяшенко_Вероника/registration_Ильяшенко_Вероника_Денисовна.jpg', '2022-12-08 14:36:19', '2022-12-08 14:36:19'),
(156, 1, 1, 33, 'Волгоградская область, р. п Городище улица Восточная дом 1', 'athlete/418_Бережной_Станислав/registration_Бережной_Станислав_Владимирович.jpg', '2022-12-08 15:00:51', '2022-12-08 15:00:51'),
(157, 1, 1, 33, 'г. Волгоград, ул. им гвардии сержанта Шумского, д. 7А, кв. 24', 'athlete/419_Кубанцев_Макар/registration_Кубанцев_Макар_Андреевич.jpg', '2022-12-08 15:19:50', '2022-12-08 15:19:50'),
(158, 1, 1, 33, 'Г. Волгоград, ул. Таращанцева, 1-53', 'athlete/358_Студеникин_Никита/registration_Студеникин_Никита_Алексеевич.jpg', '2022-12-08 17:07:19', '2022-12-08 17:07:19'),
(159, 1, 1, 33, 'П. Береславка, д.35, кв. 86', 'athlete/421_Янкин_Максим/registration_Янкин_Максим_Михайлович.jpg', '2022-12-09 00:56:27', '2022-12-09 00:56:27'),
(160, 1, 1, 33, 'Г. Волгоград, ул. Маршала Еременко,  д. 98, кв. 16', 'athlete/424_Матвеев_Захар/registration_Матвеев_Захар_Владимирович.jpg', '2022-12-09 02:20:12', '2022-12-09 02:20:12'),
(161, 1, 1, 33, 'Г.Волгоград, ул. Подъёмная д.23 а', 'athlete/330_Спирин_Артём/registration_Спирин_Артём_Александрович.jpg', '2022-12-09 04:09:46', '2022-12-09 04:09:46'),
(162, 1, 1, 33, 'г. Волгоград, ул. им. Грибанова, д. 26, кв. 38', 'athlete/317_Лагутин_Савелий/registration_Лагутин_Савелий_Ярославович.jpg', '2022-12-09 07:24:00', '2022-12-09 07:24:00'),
(163, 1, 1, 33, 'г. Волгоград, проспект Жукова, д.109, кв.45', 'athlete/428_Мошняков_Мирослав/registration_Мошняков_Мирослав_Михайлович.jpg', '2022-12-09 12:44:02', '2022-12-09 12:44:02'),
(164, 1, 1, 33, 'г.Волгоград ул. Имени Гвардии Капитана Курсекова д.18 кв.15', 'athlete/432_Шарапов_Федор/registration_Шарапов_Федор_Дмитриевич.jpg', '2022-12-10 03:24:10', '2022-12-10 03:24:10'),
(165, 1, 1, 33, 'г.Волгоград ул. Имени Гвардии Капитана Курсекова д.18 кв.15', 'athlete/433_Шарапов_Егор/registration_Шарапов_Егор_Дмитриевич.jpg', '2022-12-10 03:29:29', '2022-12-10 03:29:29'),
(166, 1, 1, 33, 'г. Волгоград, бульвар 30 летия Победы, д.37, кв.24', 'athlete/437_Фролова_Елизавета/registration_Фролова_Елизавета_Петровна.jpg', '2022-12-11 14:23:21', '2022-12-11 14:23:21'),
(167, 1, 1, 33, 'г. Волгоград, бульвар 30 летия Победы, д.37, кв.24', 'athlete/438_Фролова_Анастасия/registration_Фролова_Анастасия_Петровна.jpg', '2022-12-11 14:30:45', '2022-12-11 14:30:45'),
(168, 1, 1, 33, 'г. Волгоград, ул. Розы Люксембург, д. 9, кв. 148', 'athlete/439_Рыбенец_Степан/registration_Рыбенец_Степан_Александрович.jpg', '2022-12-11 14:51:53', '2022-12-11 14:51:53'),
(169, 1, 1, 33, 'г. Волгоград, ул. Казахская, д. 16, кв. 85', 'athlete/442_Макаров_Максим/registration_Макаров_Максим_Федорович.jpg', '2022-12-12 08:27:31', '2022-12-12 08:27:31'),
(170, 1, 1, 33, 'г.Волгоград ул. 8 Воздушной армия д.45.кв.69', 'athlete/444_Батаров_Александр/registration_Батаров_Александр_Петрович.jpg', '2022-12-12 09:59:03', '2022-12-12 09:59:03'),
(171, 1, 1, 33, 'Г.Волгоград, ул им.Джамбула Джабаева дом 2/25', 'athlete/449_Сорокодумов_Олег/registration_Сорокодумов_Олег_Максимович.jpg', '2022-12-12 10:44:18', '2022-12-12 10:44:18'),
(172, 1, 1, 33, '400117, г.Волгоград, бульвар 30-летия Победы, д.78, кв.114', 'athlete/451_Чумакова_Аделина/registration_Чумакова_Аделина_Вячеславовна.jpg', '2022-12-12 11:18:55', '2022-12-12 11:18:55'),
(173, 1, 1, 33, 'Г. Волгоград, ул. Родниковая 17,кв.3', 'athlete/455_Шепелева_Милана/registration_Шепелева_Милана_Станиславовна.jpg', '2022-12-12 13:15:43', '2022-12-12 13:15:43'),
(174, 1, 1, 33, 'Волгоград ул. Шефская, д.20', 'athlete/457_Камышанов_Георгий/registration_Камышанов_Георгий_Сергеевич.jpg', '2022-12-12 13:52:38', '2022-12-12 13:52:38'),
(175, 1, 1, 33, 'Волгоградская область г. Палласовка ул. Комсомольская д. 31 кв30', 'athlete/460_Дегтярёва_Эвелина/registration_Дегтярёва_Эвелина_Сергеевна.jpg', '2022-12-12 15:11:50', '2022-12-12 15:11:50'),
(176, 1, 1, 33, 'Бульвар 30 летия Победы, д 88, кв 15', 'athlete/469_Вирченко_Екатерина/registration_Вирченко_Екатерина_Робертовна.jpg', '2022-12-13 06:07:48', '2022-12-13 06:07:48'),
(177, 1, 1, 33, 'г. Волгоград, ул. Казахская, д. 8а, кв. 140', 'athlete/470_Дудкин_Даниил/registration_Дудкин_Даниил_Анатольевич.jpg', '2022-12-13 06:32:31', '2022-12-13 06:32:31'),
(178, 1, 1, 33, 'г. Волгоград, ул. Гвоздкова, д. 20, кв. 150', 'athlete/476_Иванов_Степан/registration_Иванов_Степан_Ильич.jpg', '2022-12-13 13:46:45', '2022-12-13 13:46:45'),
(179, 1, 1, 33, 'г. Волгоград, ул. им. Тимирязева, д. 35, кв. 70', 'athlete/478_Гузенко_Роман/registration_Гузенко_Роман_Алексеевич.jpg', '2022-12-13 14:14:28', '2022-12-13 14:14:28'),
(180, 1, 1, 33, 'Г Волгоград, Казахская, 16, 253', 'athlete/485_Мещеряков_Артём/registration_Мещеряков_Артём_Вячеславович.jpg', '2022-12-13 16:19:23', '2022-12-13 16:19:23'),
(181, 1, 1, 33, 'г. Волгоград, ул. Репина, д. 7, кв. 93', 'athlete/488_Мосоловская_Маргарита/registration_Мосоловская_Маргарита_Александровна.jpg', '2022-12-14 07:49:37', '2022-12-14 07:49:37'),
(182, 1, 1, 33, 'Волгоград улица 64армии дом 59,кв38', 'athlete/493_Иващенко_Богдан/registration_Иващенко_Богдан_Денисович.jpg', '2022-12-14 10:32:01', '2022-12-14 10:32:01'),
(183, 1, 1, 33, 'Среднеахтубинский район, Лебяжья поляна, Янтарная 3', 'athlete/496_Горин_Филип/registration_Горин_Филип_Александрович.jpg', '2022-12-14 11:34:22', '2022-12-14 11:34:22'),
(184, 1, 1, 33, 'Г. Волгоград, ул. Ивановского 12 кВ. 187', 'athlete/499_Попов_Владислав/registration_Попов_Владислав_Евгеньевич.jpg', '2022-12-14 13:47:38', '2022-12-14 13:47:38'),
(185, 1, 1, 33, 'г.Волгоград ул. Колосовая 18, кв.69', 'athlete/504_Бережной_Кирилл/registration_Бережной_Кирилл_Денисович.jpg', '2022-12-14 15:07:44', '2022-12-14 15:07:44'),
(186, 1, 1, 33, 'г.Волгоград,ул.64 Армии,д.18,кв.49', 'athlete/506_Алиев_Богдан/registration_Алиев_Богдан_Назарович.jpg', '2022-12-14 15:22:40', '2022-12-14 15:22:40'),
(187, 1, 1, 33, 'Городищенский р-н СНТ \"Луч\" ул. 4 д. 970', 'athlete/510_Востриков_Григорий/registration_Востриков_Григорий_Александрович.jpg', '2022-12-15 08:16:14', '2022-12-15 08:16:14'),
(188, 1, 1, 33, 'г. Волгоград, ул. Шнкснинская, д.16, кв.29', 'athlete/466_Здор_Александр/registration_Здор_Александр_Михайлович.jpg', '2022-12-15 16:01:26', '2022-12-15 16:01:26'),
(189, 1, 1, 33, 'г. Волгоград, ул. Им. Землячки, д.58, кв.88', 'athlete/514_Мустафаева_Айсель/registration_Мустафаева_Айсель_Ягубовна.jpg', '2022-12-15 17:22:00', '2022-12-15 17:22:00');

-- --------------------------------------------------------

--
-- Структура таблицы `address_user`
--
-- Создание: Сен 29 2022 г., 14:12
--

DROP TABLE IF EXISTS `address_user`;
CREATE TABLE `address_user` (
  `id` bigint(20) UNSIGNED NOT NULL,
  `user_id` bigint(20) UNSIGNED NOT NULL,
  `address_id` bigint(20) UNSIGNED NOT NULL,
  `address_type` int(11) DEFAULT NULL,
  `created_at` timestamp NULL DEFAULT NULL,
  `updated_at` timestamp NULL DEFAULT NULL
) ENGINE=InnoDB DEFAULT CHARSET=utf8mb4 COLLATE=utf8mb4_unicode_ci;

--
-- Дамп данных таблицы `address_user`
--

INSERT INTO `address_user` (`id`, `user_id`, `address_id`, `address_type`, `created_at`, `updated_at`) VALUES
(1, 5, 1, NULL, NULL, NULL),
(2, 8, 2, NULL, NULL, NULL),
(3, 11, 3, NULL, NULL, NULL),
(4, 13, 4, NULL, NULL, NULL),
(5, 18, 5, NULL, NULL, NULL),
(6, 19, 6, NULL, NULL, NULL),
(7, 23, 7, NULL, NULL, NULL),
(8, 25, 8, NULL, NULL, NULL),
(9, 28, 9, NULL, NULL, NULL),
(10, 29, 10, NULL, NULL, NULL),
(11, 47, 11, NULL, NULL, NULL),
(12, 51, 12, NULL, NULL, NULL),
(13, 48, 13, NULL, NULL, NULL),
(14, 57, 14, NULL, NULL, NULL),
(15, 53, 15, NULL, NULL, NULL),
(16, 68, 16, NULL, NULL, NULL),
(17, 72, 17, NULL, NULL, NULL),
(18, 74, 18, NULL, NULL, NULL),
(19, 78, 19, NULL, NULL, NULL),
(20, 79, 20, NULL, NULL, NULL),
(21, 86, 21, NULL, NULL, NULL),
(22, 87, 22, NULL, NULL, NULL),
(23, 42, 23, NULL, NULL, NULL),
(24, 89, 24, NULL, NULL, NULL),
(25, 94, 25, NULL, NULL, NULL),
(26, 97, 26, NULL, NULL, NULL),
(27, 101, 27, NULL, NULL, NULL),
(28, 102, 28, NULL, NULL, NULL),
(29, 54, 29, NULL, NULL, NULL),
(30, 81, 30, NULL, NULL, NULL),
(31, 110, 31, NULL, NULL, NULL),
(32, 111, 32, NULL, NULL, NULL),
(33, 113, 33, NULL, NULL, NULL),
(34, 114, 34, NULL, NULL, NULL),
(35, 116, 35, NULL, NULL, NULL),
(36, 121, 36, NULL, NULL, NULL),
(37, 119, 37, NULL, NULL, NULL),
(38, 127, 38, NULL, NULL, NULL),
(39, 128, 39, NULL, NULL, NULL),
(40, 132, 40, NULL, NULL, NULL),
(41, 145, 41, NULL, NULL, NULL),
(42, 138, 42, NULL, NULL, NULL),
(43, 140, 43, NULL, NULL, NULL),
(44, 141, 44, NULL, NULL, NULL),
(45, 149, 45, NULL, NULL, NULL),
(46, 146, 46, NULL, NULL, NULL),
(47, 137, 47, NULL, NULL, NULL),
(48, 147, 48, NULL, NULL, NULL),
(49, 152, 49, NULL, NULL, NULL),
(50, 153, 50, NULL, NULL, NULL),
(51, 159, 51, NULL, NULL, NULL),
(52, 162, 52, NULL, NULL, NULL),
(53, 163, 53, NULL, NULL, NULL),
(54, 166, 54, NULL, NULL, NULL),
(55, 170, 55, NULL, NULL, NULL),
(56, 167, 56, NULL, NULL, NULL),
(57, 173, 57, NULL, NULL, NULL),
(58, 179, 58, NULL, NULL, NULL),
(59, 181, 59, NULL, NULL, NULL),
(60, 183, 60, NULL, NULL, NULL),
(61, 191, 61, NULL, NULL, NULL),
(62, 193, 62, NULL, NULL, NULL),
(63, 195, 63, NULL, NULL, NULL),
(64, 197, 64, NULL, NULL, NULL),
(65, 199, 65, NULL, NULL, NULL),
(66, 169, 66, NULL, NULL, NULL),
(67, 206, 67, NULL, NULL, NULL),
(68, 207, 68, NULL, NULL, NULL),
(69, 209, 69, NULL, NULL, NULL),
(70, 211, 70, NULL, NULL, NULL),
(71, 213, 71, NULL, NULL, NULL),
(72, 214, 72, NULL, NULL, NULL),
(73, 220, 73, NULL, NULL, NULL),
(74, 221, 74, NULL, NULL, NULL),
(75, 224, 75, NULL, NULL, NULL),
(76, 227, 76, NULL, NULL, NULL),
(77, 186, 77, NULL, NULL, NULL),
(78, 226, 78, NULL, NULL, NULL),
(79, 228, 79, NULL, NULL, NULL),
(80, 230, 80, NULL, NULL, NULL),
(81, 234, 81, NULL, NULL, NULL),
(82, 239, 82, NULL, NULL, NULL),
(83, 243, 83, NULL, NULL, NULL),
(84, 244, 84, NULL, NULL, NULL),
(85, 246, 85, NULL, NULL, NULL),
(86, 248, 86, NULL, NULL, NULL),
(87, 92, 87, NULL, NULL, NULL),
(88, 258, 88, NULL, NULL, NULL),
(89, 256, 89, NULL, NULL, NULL),
(90, 260, 90, NULL, NULL, NULL),
(91, 261, 91, NULL, NULL, NULL),
(92, 266, 92, NULL, NULL, NULL),
(93, 268, 93, NULL, NULL, NULL),
(94, 270, 94, NULL, NULL, NULL),
(95, 271, 95, NULL, NULL, NULL),
(96, 272, 96, NULL, NULL, NULL),
(97, 252, 97, NULL, NULL, NULL),
(98, 274, 98, NULL, NULL, NULL),
(99, 262, 99, NULL, NULL, NULL),
(100, 276, 100, NULL, NULL, NULL),
(101, 281, 101, NULL, NULL, NULL),
(102, 278, 102, NULL, NULL, NULL),
(103, 285, 103, NULL, NULL, NULL),
(104, 287, 104, NULL, NULL, NULL),
(105, 289, 105, NULL, NULL, NULL),
(106, 290, 106, NULL, NULL, NULL),
(107, 250, 107, NULL, NULL, NULL),
(108, 293, 108, NULL, NULL, NULL),
(109, 294, 109, NULL, NULL, NULL),
(110, 255, 110, NULL, NULL, NULL),
(111, 296, 111, NULL, NULL, NULL),
(112, 301, 112, NULL, NULL, NULL),
(113, 302, 113, NULL, NULL, NULL),
(114, 304, 114, NULL, NULL, NULL),
(115, 311, 115, NULL, NULL, NULL),
(116, 314, 116, NULL, NULL, NULL),
(117, 313, 117, NULL, NULL, NULL),
(118, 318, 118, NULL, NULL, NULL),
(119, 322, 119, NULL, NULL, NULL),
(120, 326, 120, NULL, NULL, NULL),
(121, 328, 121, NULL, NULL, NULL),
(122, 188, 122, NULL, NULL, NULL),
(123, 332, 123, NULL, NULL, NULL),
(124, 334, 124, NULL, NULL, NULL),
(125, 338, 125, NULL, NULL, NULL),
(126, 336, 126, NULL, NULL, NULL),
(127, 341, 127, NULL, NULL, NULL),
(128, 343, 128, NULL, NULL, NULL),
(129, 346, 129, NULL, NULL, NULL),
(130, 348, 130, NULL, NULL, NULL),
(131, 349, 131, NULL, NULL, NULL),
(132, 354, 132, NULL, NULL, NULL),
(133, 356, 133, NULL, NULL, NULL),
(134, 360, 134, NULL, NULL, NULL),
(135, 362, 135, NULL, NULL, NULL),
(136, 307, 136, NULL, NULL, NULL),
(137, 364, 137, NULL, NULL, NULL),
(138, 368, 138, NULL, NULL, NULL),
(139, 109, 139, NULL, NULL, NULL),
(140, 372, 140, NULL, NULL, NULL),
(141, 374, 141, NULL, NULL, NULL),
(142, 381, 142, NULL, NULL, NULL),
(143, 384, 143, NULL, NULL, NULL),
(144, 389, 144, NULL, NULL, NULL),
(145, 393, 145, NULL, NULL, NULL),
(146, 390, 146, NULL, NULL, NULL),
(147, 396, 147, NULL, NULL, NULL),
(148, 398, 148, NULL, NULL, NULL),
(149, 400, 149, NULL, NULL, NULL),
(150, 403, 150, NULL, NULL, NULL),
(151, 410, 151, NULL, NULL, NULL),
(152, 412, 152, NULL, NULL, NULL),
(153, 411, 153, NULL, NULL, NULL),
(154, 413, 154, NULL, NULL, NULL),
(155, 417, 155, NULL, NULL, NULL),
(156, 418, 156, NULL, NULL, NULL),
(157, 419, 157, NULL, NULL, NULL),
(158, 358, 158, NULL, NULL, NULL),
(159, 421, 159, NULL, NULL, NULL),
(160, 424, 160, NULL, NULL, NULL),
(161, 330, 161, NULL, NULL, NULL),
(162, 317, 162, NULL, NULL, NULL),
(163, 428, 163, NULL, NULL, NULL),
(164, 432, 164, NULL, NULL, NULL),
(165, 433, 165, NULL, NULL, NULL),
(166, 437, 166, NULL, NULL, NULL),
(167, 438, 167, NULL, NULL, NULL),
(168, 439, 168, NULL, NULL, NULL),
(169, 442, 169, NULL, NULL, NULL),
(170, 444, 170, NULL, NULL, NULL),
(171, 449, 171, NULL, NULL, NULL),
(172, 451, 172, NULL, NULL, NULL),
(173, 455, 173, NULL, NULL, NULL),
(174, 457, 174, NULL, NULL, NULL),
(175, 460, 175, NULL, NULL, NULL),
(176, 469, 176, NULL, NULL, NULL),
(177, 470, 177, NULL, NULL, NULL),
(178, 476, 178, NULL, NULL, NULL),
(179, 478, 179, NULL, NULL, NULL),
(180, 485, 180, NULL, NULL, NULL),
(181, 488, 181, NULL, NULL, NULL),
(182, 493, 182, NULL, NULL, NULL),
(183, 496, 183, NULL, NULL, NULL),
(184, 499, 184, NULL, NULL, NULL),
(185, 504, 185, NULL, NULL, NULL),
(186, 506, 186, NULL, NULL, NULL),
(187, 510, 187, NULL, NULL, NULL),
(188, 466, 188, NULL, NULL, NULL),
(189, 514, 189, NULL, NULL, NULL);

-- --------------------------------------------------------

--
-- Структура таблицы `age_categories`
--
-- Создание: Окт 25 2022 г., 19:14
--

DROP TABLE IF EXISTS `age_categories`;
CREATE TABLE `age_categories` (
  `id` bigint(20) UNSIGNED NOT NULL,
  `title` varchar(255) COLLATE utf8mb4_unicode_ci NOT NULL,
  `age_start` varchar(255) COLLATE utf8mb4_unicode_ci NOT NULL,
  `age_finish` varchar(255) COLLATE utf8mb4_unicode_ci NOT NULL,
  `created_at` timestamp NULL DEFAULT NULL,
  `updated_at` timestamp NULL DEFAULT NULL
) ENGINE=InnoDB DEFAULT CHARSET=utf8mb4 COLLATE=utf8mb4_unicode_ci;

--
-- Дамп данных таблицы `age_categories`
--

INSERT INTO `age_categories` (`id`, `title`, `age_start`, `age_finish`, `created_at`, `updated_at`) VALUES
(1, 'Дети 8-9 лет', '8', '9', NULL, NULL),
(2, 'Дети 10-11 лет', '10', '11', NULL, NULL),
(3, 'Юноши 12-14 лет', '12', '14', NULL, NULL),
(4, 'Юниоры 15-17 лет', '15', '17', NULL, NULL),
(5, 'Юниоры до 21 года', '16', '20', NULL, NULL),
(6, 'Взрослые', '17', '100', NULL, NULL),
(7, 'Дети 4-5 лет', '4', '5', NULL, NULL),
(8, 'Дети 6-7 лет', '6', '7', NULL, NULL);

-- --------------------------------------------------------

--
-- Структура таблицы `athletes`
--
-- Создание: Сен 29 2022 г., 14:12
--

DROP TABLE IF EXISTS `athletes`;
CREATE TABLE `athletes` (
  `id` bigint(20) UNSIGNED NOT NULL,
  `user_id` bigint(20) UNSIGNED DEFAULT NULL,
  `gender` int(11) DEFAULT NULL,
  `photo` varchar(256) COLLATE utf8mb4_unicode_ci DEFAULT NULL,
  `status` int(11) DEFAULT NULL,
  `studyplace_id` bigint(20) UNSIGNED DEFAULT NULL,
  `passport_id` bigint(20) UNSIGNED DEFAULT NULL,
  `birthcertificate_id` bigint(20) UNSIGNED DEFAULT NULL,
  `snils_id` bigint(20) UNSIGNED DEFAULT NULL,
  `medicalpolicy_id` bigint(20) UNSIGNED DEFAULT NULL,
  `created_at` timestamp NULL DEFAULT NULL,
  `updated_at` timestamp NULL DEFAULT NULL
) ENGINE=InnoDB DEFAULT CHARSET=utf8mb4 COLLATE=utf8mb4_unicode_ci;

--
-- Дамп данных таблицы `athletes`
--

INSERT INTO `athletes` (`id`, `user_id`, `gender`, `photo`, `status`, `studyplace_id`, `passport_id`, `birthcertificate_id`, `snils_id`, `medicalpolicy_id`, `created_at`, `updated_at`) VALUES
(1, 5, 1, 'athlete/5_Ермоленко_Александр/photo_Ермоленко_Александр_Антонович.jpg', 1, 1, NULL, 1, NULL, NULL, '2022-09-30 07:30:53', '2022-09-30 07:40:38'),
(2, 8, 1, 'athlete/8_Маргарян_Артём/photo_Маргарян_Артём_Арменович.jpg', 1, 2, NULL, 2, NULL, NULL, '2022-10-01 05:41:57', '2022-10-01 05:51:48'),
(3, 11, 1, 'athlete/11_Удодов_Дмитрий/photo_Удодов_Дмитрий_Андреевич.jpg', 1, 3, NULL, 3, NULL, NULL, '2022-10-04 05:01:41', '2022-10-04 05:06:23'),
(4, 13, 1, 'athlete/13_Терехов_Дмитрий/photo_Терехов_Дмитрий_Романович.jpg', 1, 4, NULL, 4, NULL, NULL, '2022-10-04 05:08:16', '2022-10-04 05:14:01'),
(5, 15, 1, 'athlete/15_Ткаченко_Андрей/photo_Ткаченко_Андрей_Алексеевич.jpg', 1, NULL, NULL, NULL, NULL, NULL, '2022-10-04 15:36:46', '2022-10-04 15:36:46'),
(6, 16, 1, 'athlete/16_Ткаченко_Андрей/photo_Ткаченко_Андрей_Алексеевич.jpg', 1, NULL, NULL, NULL, NULL, NULL, '2022-10-04 15:53:32', '2022-10-04 15:53:32'),
(7, 18, 2, 'athlete/18_Магомедова_Бийке/photo_Магомедова_Бийке_Алиевна.jpg', 1, 5, NULL, 6, NULL, NULL, '2022-10-06 07:25:23', '2022-10-06 07:33:19'),
(8, 19, 1, 'athlete/19_Магомедов_Абдурахман/photo_Магомедов_Абдурахман_Алиевич.jpg', 1, 6, NULL, 7, NULL, NULL, '2022-10-06 07:40:23', '2022-10-06 07:43:18'),
(9, 21, 1, 'athlete/21_Соломеин_Егор/photo_Соломеин_Егор_Сергеевич.jpg', 1, 93, NULL, NULL, NULL, NULL, '2022-10-09 05:29:02', '2022-12-05 06:04:01'),
(10, 23, 1, 'athlete/23_Поляков_Сергей/photo_Поляков_Сергей_Александрович.jpg', 1, 7, NULL, 9, NULL, NULL, '2022-10-10 11:05:47', '2022-10-10 11:09:29'),
(11, 25, 2, 'athlete/25_Морина_Мирослава/photo_Морина_Мирослава_Евгеньевна.jpg', 1, 8, NULL, 10, NULL, NULL, '2022-10-10 14:36:05', '2022-10-10 14:42:20'),
(12, 28, 1, 'athlete/28_Локтионов_Дмитрий/photo_Локтионов_Дмитрий_Алексеевич.jpg', 1, 9, NULL, 11, NULL, NULL, '2022-10-12 06:46:53', '2022-10-12 06:55:33'),
(13, 29, 1, 'athlete/29_Евтушенко_Александр/photo_Евтушенко_Александр_Алексеевич.jpg', 1, 10, NULL, 12, NULL, NULL, '2022-10-15 02:46:06', '2022-10-15 02:51:06'),
(14, 42, 1, 'athlete/42_Мнацаканян_Эрик/photo_Мнацаканян_Эрик_Хачикович.jpg', 1, 23, NULL, 13, NULL, NULL, '2022-11-29 11:22:20', '2022-11-30 10:29:19'),
(15, 47, 1, 'athlete/47_Вовченко_Егор/photo_Вовченко_Егор_Алексеевич.jpg', 1, 12, NULL, 14, NULL, NULL, '2022-11-29 12:46:48', '2022-11-29 12:57:22'),
(16, 48, 2, 'athlete/48_Вояновская_Полина/photo_Вояновская_Полина_Денисовна.jpg', 1, 11, NULL, 15, NULL, NULL, '2022-11-29 12:54:55', '2022-11-29 14:22:00'),
(17, 50, 2, 'athlete/50_Салиева_Аделина/photo_Салиева_Аделина_Рифатовна.jpg', 1, NULL, NULL, NULL, NULL, NULL, '2022-11-29 13:10:43', '2022-11-29 13:10:43'),
(18, 51, 1, 'athlete/51_Салиев_Марк/photo_Салиев_Марк_Рифатович.jpg', 1, NULL, NULL, NULL, NULL, NULL, '2022-11-29 13:26:03', '2022-11-29 13:26:03'),
(19, 53, 2, 'athlete/53_Щербаков_Станислава/photo_Щербаков_Станислава_Станиславовна.jpg', 1, 14, NULL, 17, NULL, NULL, '2022-11-29 13:36:38', '2022-11-30 02:14:41'),
(20, 54, 1, 'athlete/54_Панфилович_Матвей/photo_Панфилович_Матвей_Алексеевич.jpg', 1, 32, NULL, 32, NULL, NULL, '2022-11-29 13:37:34', '2022-12-01 07:36:24'),
(21, 57, 2, 'athlete/57_Ким_Юлия/photo_Ким_Юлия_Сергеевна.jpg', 1, 13, NULL, 16, NULL, NULL, '2022-11-29 14:23:02', '2022-11-29 14:28:39'),
(22, 68, 1, 'athlete/68_Романов_Артëм/photo_Романов_Артëм_Александрович.jpg', 1, 15, NULL, 18, NULL, NULL, '2022-11-30 05:11:27', '2022-11-30 05:20:45'),
(23, 72, 2, 'athlete/72_Ноздрина_Вера/photo_Ноздрина_Вера_Алексеевич.jpg', 1, 16, NULL, 19, NULL, NULL, '2022-11-30 06:05:52', '2022-11-30 06:13:33'),
(24, 74, 1, 'athlete/74_Муртазалиев_Магомед/photo_Муртазалиев_Магомед_Рамазанович.jpg', 1, 17, NULL, 20, NULL, NULL, '2022-11-30 06:17:14', '2022-11-30 06:42:29'),
(25, 75, 1, 'athlete/75_Муртазалиев_Магомед/photo_Муртазалиев_Магомед_Рамазанович.jpg', 1, NULL, NULL, NULL, NULL, NULL, '2022-11-30 06:46:05', '2022-11-30 06:46:05'),
(26, 76, 1, 'athlete/76_Коваленко_Кирилл/photo_Коваленко_Кирилл_Александрович.jpg', 1, 18, NULL, 21, NULL, NULL, '2022-11-30 06:50:57', '2022-11-30 06:56:56'),
(27, 78, 1, 'athlete/78_Калинин_Алексей/photo_Калинин_Алексей_Валерьевич.jpg', 1, 19, NULL, 22, NULL, NULL, '2022-11-30 07:31:28', '2022-11-30 07:51:29'),
(28, 79, 1, 'athlete/79_Калинин_Павел/photo_Калинин_Павел_Валерьевич.jpg', 1, 20, NULL, 23, NULL, NULL, '2022-11-30 07:55:32', '2022-11-30 07:57:49'),
(29, 81, 2, 'athlete/81_Чекунова_Варвара/photo_Чекунова_Варвара_Александровна.jpg', 1, 33, NULL, 33, NULL, NULL, '2022-11-30 08:12:48', '2022-12-01 10:45:05'),
(30, 83, 1, 'athlete/83_Мнацаканян_Эрик/photo_Мнацаканян_Эрик_Хачикович.jpg', 1, NULL, NULL, NULL, NULL, NULL, '2022-11-30 09:05:18', '2022-11-30 09:05:18'),
(31, 86, 1, 'athlete/86_Бологачев_Дмитрий/photo_Бологачев_Дмитрий_Дмитриевич.jpg', 1, 21, NULL, 24, NULL, NULL, '2022-11-30 09:13:16', '2022-11-30 09:22:09'),
(32, 87, 1, 'athlete/87_Арутюнян_Тигран/photo_Арутюнян_Тигран_Арманович.jpg', 1, 22, NULL, 25, NULL, NULL, '2022-11-30 09:43:34', '2022-11-30 09:55:12'),
(33, 89, 2, 'athlete/89_Полий_Варвара/photo_Полий_Варвара_Сергеевна.jpg', 1, 24, NULL, 26, NULL, NULL, '2022-11-30 10:40:17', '2022-11-30 10:43:58'),
(34, 92, 1, 'athlete/92_Бондаренко_Тимур/photo_Бондаренко_Тимур_Александрович.jpg', 1, 25, NULL, 27, NULL, NULL, '2022-11-30 12:35:07', '2022-11-30 12:40:42'),
(35, 94, 1, 'athlete/94_Старшов_Давыд/photo_Старшов_Давыд_Алексеевич.jpg', 1, 26, NULL, 28, NULL, NULL, '2022-11-30 13:03:08', '2022-11-30 13:10:51'),
(36, 97, 1, 'athlete/97_Гузев_Савелий/photo_Гузев_Савелий_Дмитриевич.jpg', 1, 27, NULL, 29, NULL, NULL, '2022-11-30 17:49:51', '2022-11-30 17:57:29'),
(37, 101, 1, 'athlete/101_Зайцев_Михаил/photo_Зайцев_Михаил_Вадимович.jpg', 1, 28, NULL, 30, NULL, NULL, '2022-12-01 03:50:37', '2022-12-01 03:53:23'),
(38, 102, 1, 'athlete/102_Зайцев_Александр/photo_Зайцев_Александр_Вадимович.jpg', 1, 29, NULL, 31, NULL, NULL, '2022-12-01 03:55:05', '2022-12-01 03:56:51'),
(39, 105, 2, 'athlete/105_Ершова_Алина/photo_Ершова_Алина_Романовна.jpg', 1, 30, NULL, NULL, NULL, NULL, '2022-12-01 05:12:03', '2022-12-01 05:21:58'),
(40, 106, 1, 'athlete/106_Ершов_Артем/photo_Ершов_Артем_Романович.jpg', 1, 31, NULL, NULL, NULL, NULL, '2022-12-01 05:16:55', '2022-12-01 05:22:14'),
(41, 107, 1, 'athlete/107_Лебедев_Кирилл/photo_Лебедев_Кирилл_Алеесеевич.jpg', 1, 34, NULL, 34, NULL, NULL, '2022-12-01 11:15:28', '2022-12-01 11:20:55'),
(42, 109, 2, 'athlete/109_Хвастунова_Дарья/photo_Хвастунова_Дарья_Сергеевна.jpg', 1, 35, NULL, 144, NULL, NULL, '2022-12-01 11:24:27', '2022-12-08 03:32:33'),
(43, 110, 1, 'athlete/110_Черкашин_Матвей/photo_Черкашин_Матвей_Максимович.jpg', 1, 36, NULL, 35, NULL, NULL, '2022-12-01 13:31:30', '2022-12-01 13:37:53'),
(44, 111, 2, 'athlete/111_Корольчук_Марина/photo_Корольчук_Марина_Петровна.jpg', 1, 37, NULL, 36, NULL, NULL, '2022-12-01 13:37:00', '2022-12-01 13:44:50'),
(45, 113, 1, 'athlete/113_Неткач_Артём/photo_Неткач_Артём_Иванович.jpg', 1, 38, NULL, 37, NULL, NULL, '2022-12-01 15:34:59', '2022-12-01 15:43:45'),
(46, 114, 1, 'athlete/114_Неткач_Артём/photo_Неткач_Артём_Иванович.jpg', 1, 39, NULL, 38, NULL, NULL, '2022-12-01 15:44:58', '2022-12-01 15:46:40'),
(47, 116, 1, 'athlete/116_Дыльнов_Евгений/photo_Дыльнов_Евгений_Романович.jpg', 1, 40, NULL, 39, NULL, NULL, '2022-12-02 06:06:17', '2022-12-02 06:26:10'),
(48, 117, 1, 'athlete/117_Аббасов_Махаммад/photo_Аббасов_Махаммад_Физулиевич.jpg', 1, NULL, NULL, 40, NULL, NULL, '2022-12-02 06:14:05', '2022-12-02 06:25:59'),
(49, 119, 1, 'athlete/119_Дядькин_Артем/photo_Дядькин_Артем_Дмитриевич.jpg', 1, 41, NULL, 41, NULL, NULL, '2022-12-02 07:43:39', '2022-12-02 07:52:39'),
(50, 121, 1, 'athlete/121_Меркурьев_Кирилл/photo_Меркурьев_Кирилл_Алексеевич.jpg', 1, 42, NULL, 42, NULL, NULL, '2022-12-02 07:54:37', '2022-12-02 08:00:23'),
(51, 127, 1, 'athlete/127_Большаков_Филипп/photo_Большаков_Филипп_Михайлович.jpg', 1, 43, NULL, 43, NULL, NULL, '2022-12-02 09:17:24', '2022-12-02 09:23:22'),
(52, 128, 1, 'athlete/128_Неретин_Владислав/photo_Неретин_Владислав_Александрович.jpg', 1, 44, NULL, 44, NULL, NULL, '2022-12-02 09:29:53', '2022-12-02 09:42:13'),
(53, 132, 1, 'athlete/132_Неретин_Владислав/photo_Неретин_Владислав_Александрович.jpg', 1, 45, NULL, 45, NULL, NULL, '2022-12-02 10:30:31', '2022-12-02 10:38:55'),
(54, 137, 2, 'athlete/137_Нежурина_Валерия/photo_Нежурина_Валерия_Михайловна.jpg', 1, 50, NULL, 49, NULL, NULL, '2022-12-02 11:27:04', '2022-12-02 11:50:50'),
(55, 138, 1, 'athlete/138_Нежурин_Вадим/photo_Нежурин_Вадим_Михайлович.jpg', 1, 47, NULL, 46, NULL, NULL, '2022-12-02 11:28:05', '2022-12-02 11:45:54'),
(56, 140, 2, 'athlete/140_Василевская_Мария/photo_Василевская_Мария_Евгеньевна.jpg', 1, 52, NULL, 48, NULL, NULL, '2022-12-02 11:32:10', '2022-12-02 11:52:40'),
(57, 141, 1, 'athlete/141_Бовсуновский_Никита/photo_Бовсуновский_Никита_Сергеевич.jpg', 1, 48, NULL, 47, NULL, NULL, '2022-12-02 11:32:42', '2022-12-02 11:47:19'),
(58, 145, 1, 'athlete/145_Пятышкин_Даниил/photo_Пятышкин_Даниил_Владимирович.jpg', 1, 49, NULL, 50, NULL, NULL, '2022-12-02 11:36:47', '2022-12-02 11:51:13'),
(59, 146, 1, 'athlete/146_Пятышкин_Даниил/photo_Пятышкин_Даниил_Владимирович.jpg', 1, 53, NULL, 52, NULL, NULL, '2022-12-02 11:39:38', '2022-12-02 11:54:17'),
(60, 147, 1, 'athlete/147_Грачев_Ярослав/photo_Грачев_Ярослав_Александрович.jpg', 1, 46, NULL, 53, NULL, NULL, '2022-12-02 11:40:35', '2022-12-02 11:54:36'),
(61, 149, 1, 'athlete/149_Попов_Ярослав/photo_Попов_Ярослав_Дмитриевич.jpg', 1, 51, NULL, 51, NULL, NULL, '2022-12-02 11:49:52', '2022-12-02 11:52:26'),
(63, 152, 1, 'athlete/152_Шмырев_Виктор/photo_Шмырев_Виктор_Александрович.jpg', 1, 54, NULL, 54, NULL, NULL, '2022-12-02 12:06:46', '2022-12-02 12:09:05'),
(64, 153, 1, 'athlete/153_Сатдинов_Богдан/photo_Сатдинов_Богдан_Алексеевич.jpg', 1, 55, NULL, 55, NULL, NULL, '2022-12-02 12:10:16', '2022-12-02 12:57:23'),
(65, 156, 1, 'athlete/156_Сёмкин_Артём/photo_Сёмкин_Артём_Денисович.jpg', 1, NULL, NULL, NULL, NULL, NULL, '2022-12-02 12:57:12', '2022-12-02 12:57:12'),
(66, 159, 1, 'athlete/159_Гречкин_Даниил/photo_Гречкин_Даниил_Александрович.jpg', 1, 56, NULL, 58, NULL, NULL, '2022-12-02 13:08:37', '2022-12-02 13:26:54'),
(67, 162, 1, 'athlete/162_Ставыщенко_Макар/photo_Ставыщенко_Макар_Дмитриевич.jpg', 1, 57, NULL, 59, NULL, NULL, '2022-12-02 13:33:16', '2022-12-02 13:38:49'),
(68, 163, 1, 'athlete/163_Урсов_Михаил/photo_Урсов_Михаил_Арменович.jpg', 1, 58, NULL, 60, NULL, NULL, '2022-12-02 14:15:26', '2022-12-02 14:22:12'),
(69, 166, 1, 'athlete/166_Шувалов_Константин/photo_Шувалов_Константин_Юрьевич.jpg', 1, 59, NULL, 61, NULL, NULL, '2022-12-02 14:23:18', '2022-12-02 14:26:25'),
(70, 167, 1, 'athlete/167_Ильменский_Роман/photo_Ильменский_Роман_Александрович.jpg', 1, 62, NULL, 63, NULL, NULL, '2022-12-02 14:24:00', '2022-12-02 15:58:08'),
(71, 169, 2, 'athlete/169_Мирошникова_Валерия/photo_Мирошникова_Валерия_Ивановна.jpg', 1, 74, NULL, 74, NULL, NULL, '2022-12-02 14:56:00', '2022-12-03 12:50:46'),
(72, 170, 1, 'athlete/170_Маслов_Максим/photo_Маслов_Максим_Сергеевич.jpg', 1, 60, NULL, 62, NULL, NULL, '2022-12-02 14:59:23', '2022-12-02 15:03:51'),
(73, 173, 2, 'athlete/173_Драгунова_Вероника/photo_Драгунова_Вероника_Денисовна.jpg', 1, 61, NULL, 64, NULL, NULL, '2022-12-02 15:47:14', '2022-12-02 15:55:13'),
(76, 178, 1, 'athlete/178_Токарев_Дмитрий/photo_Токарев_Дмитрий_Сергеевис.jpg', 1, NULL, NULL, NULL, NULL, NULL, '2022-12-03 02:24:33', '2022-12-03 02:24:33'),
(77, 179, 1, 'athlete/179_Токарев_Дмитрий/photo_Токарев_Дмитрий_Сергеевич.jpg', 1, 63, NULL, 65, NULL, NULL, '2022-12-03 02:26:12', '2022-12-03 02:36:31'),
(78, 181, 2, 'athlete/181_Нерушаева_София/photo_Нерушаева_София_Борисовна.jpg', 1, 64, NULL, 66, NULL, NULL, '2022-12-03 03:22:30', '2022-12-03 03:27:33'),
(79, 183, 1, 'athlete/183_Куприяхин_Максим/photo_Куприяхин_Максим_Витальевич.jpg', 1, 65, NULL, NULL, NULL, NULL, '2022-12-03 04:37:27', '2022-12-03 04:42:54'),
(80, 186, 1, 'athlete/186_Юринкин_Кирилл/photo_Юринкин_Кирилл_Сергеевич.jpg', 1, 66, NULL, 84, NULL, NULL, '2022-12-03 07:04:19', '2022-12-04 17:05:44'),
(81, 188, 2, 'athlete/188_Ануфриева_София/photo_Ануфриева_София_Артемовна.jpg', 1, 67, NULL, 126, NULL, NULL, '2022-12-03 08:19:56', '2022-12-06 10:44:46'),
(82, 190, 2, 'athlete/190_Протопопова_Софья/photo_Протопопова_Софья_Михайловна.jpg', 1, 68, NULL, 67, NULL, NULL, '2022-12-03 08:57:28', '2022-12-03 09:05:26'),
(83, 191, 1, 'athlete/191_Киляков_Егор/photo_Киляков_Егор_Александрович.jpg', 1, NULL, NULL, 68, NULL, NULL, '2022-12-03 09:00:39', '2022-12-03 09:04:46'),
(84, 193, 1, 'athlete/193_Мелихов_Денис/photo_Мелихов_Денис_Владимирович.jpg', 1, 69, NULL, 69, NULL, NULL, '2022-12-03 10:37:43', '2022-12-03 10:47:43'),
(85, 195, 1, 'athlete/195_Котрунов_Дэмис/photo_Котрунов_Дэмис_Романович.jpg', 1, 70, NULL, 70, NULL, NULL, '2022-12-03 10:52:21', '2022-12-03 10:55:29'),
(86, 197, 1, 'athlete/197_Манько_Михаил/photo_Манько_Михаил_Сергеевич.jpg', 1, 71, NULL, 71, NULL, NULL, '2022-12-03 11:00:51', '2022-12-03 11:07:04'),
(87, 199, 2, 'athlete/199_Артемова_Злата/photo_Артемова_Злата_Романовна.jpg', 1, 72, NULL, 72, NULL, NULL, '2022-12-03 11:34:29', '2022-12-03 11:37:24'),
(88, 201, 1, 'athlete/201_Иванов_Григорий/photo_Иванов_Григорий_Антонович.jpg', 1, 73, NULL, 73, NULL, NULL, '2022-12-03 11:56:38', '2022-12-03 12:03:42'),
(89, 203, 1, 'athlete/203_Бурханов_Максим/photo_Бурханов_Максим_Артемович.jpg', 1, NULL, NULL, NULL, NULL, NULL, '2022-12-03 12:22:26', '2022-12-03 12:22:26'),
(90, 206, 1, 'athlete/206_Марков_Константин/photo_Марков_Константин_Евгеньевич.jpg', 1, 75, NULL, NULL, NULL, NULL, '2022-12-03 12:49:02', '2022-12-03 12:53:48'),
(91, 207, 1, 'athlete/207_Кисленко_Егор/photo_Кисленко_Егор_Павлович.jpg', 1, 76, NULL, 75, NULL, NULL, '2022-12-03 13:11:26', '2022-12-03 13:21:38'),
(92, 209, 2, 'athlete/209_Лузановская_Арина/photo_Лузановская_Арина_Александровна.jpg', 1, 77, NULL, 76, NULL, NULL, '2022-12-03 15:51:29', '2022-12-03 16:02:58'),
(93, 211, 1, 'athlete/211_Евтеев_Евгений/photo_Евтеев_Евгений_Александрович.jpg', 1, 78, NULL, 77, NULL, NULL, '2022-12-04 08:36:01', '2022-12-04 08:47:14'),
(94, 213, 1, 'athlete/213_Серяков_Александр/photo_Серяков_Александр_Евгеньевич.jpg', 1, 79, NULL, 78, NULL, NULL, '2022-12-04 09:04:06', '2022-12-04 09:08:27'),
(95, 214, 1, 'athlete/214_Фомичев_Глеб/photo_Фомичев_Глеб_Станиславович.jpg', 1, 80, NULL, 79, NULL, NULL, '2022-12-04 09:16:44', '2022-12-04 09:19:56'),
(96, 220, 1, 'athlete/220_Букин_Андрей/photo_Букин_Андрей_Алексеевич.jpg', 1, 81, NULL, 80, NULL, NULL, '2022-12-04 12:53:55', '2022-12-04 12:58:17'),
(97, 221, 2, 'athlete/221_Кострыко_Алиса/photo_Кострыко_Алиса_Алексеевна.jpg', 1, 82, NULL, 81, NULL, NULL, '2022-12-04 13:02:30', '2022-12-04 13:08:34'),
(98, 222, 2, 'athlete/222_Коврина_Елизавета/photo_Коврина_Елизавета_Сергеевна.jpg', 1, NULL, NULL, NULL, NULL, NULL, '2022-12-04 13:49:30', '2022-12-04 13:49:30'),
(99, 224, 2, 'athlete/224_Кулёмина_Дарья/photo_Кулёмина_Дарья_Романовна.jpg', 1, 83, NULL, 82, NULL, NULL, '2022-12-04 16:14:48', '2022-12-04 16:20:33'),
(100, 226, 1, 'athlete/226_Жирков_Захар/photo_Жирков_Захар_Станиславович.jpg', 1, 85, NULL, 85, NULL, NULL, '2022-12-04 16:42:46', '2022-12-04 17:06:49'),
(101, 227, 2, 'athlete/227_Новохатская_Таисия/photo_Новохатская_Таисия_Михайловна.jpg', 1, 84, NULL, 83, NULL, NULL, '2022-12-04 16:48:10', '2022-12-04 16:55:03'),
(102, 228, 1, 'athlete/228_Коваленко_Владислав/photo_Коваленко_Владислав_Валерьевич.jpg', 1, 96, NULL, 93, NULL, NULL, '2022-12-04 16:54:02', '2022-12-05 07:24:54'),
(103, 230, 1, 'athlete/230_Суханов_Денис/photo_Суханов_Денис_Русланович.jpg', 1, 86, NULL, 86, NULL, NULL, '2022-12-05 02:38:07', '2022-12-05 02:41:52'),
(104, 234, 1, 'athlete/234_Кирсанов_Сергей/photo_Кирсанов_Сергей_Влалимирович.jpg', 1, 87, NULL, NULL, NULL, NULL, '2022-12-05 04:29:51', '2022-12-05 04:45:44'),
(105, 237, 1, 'athlete/237_Кирсанов_Сергей/photo_Кирсанов_Сергей_Владимирович.jpg', 1, NULL, NULL, NULL, NULL, NULL, '2022-12-05 04:34:57', '2022-12-05 04:34:57'),
(106, 239, 1, 'athlete/239_Гончаров_Данил/photo_Гончаров_Данил_Игоревич.jpg', 1, 88, NULL, 87, NULL, NULL, '2022-12-05 04:47:22', '2022-12-05 04:52:40'),
(107, 241, 1, 'athlete/241_Болтенков_Максим/photo_Болтенков_Максим_Валерьевич.jpg', 1, NULL, NULL, NULL, NULL, NULL, '2022-12-05 05:00:26', '2022-12-05 05:00:26'),
(108, 242, 1, 'athlete/242_Близнюк_Тимофей/photo_Близнюк_Тимофей_Алексеевич.jpg', 1, 89, NULL, 88, NULL, NULL, '2022-12-05 05:11:06', '2022-12-05 05:24:19'),
(109, 243, 1, 'athlete/243_Полторацкий_Никита/photo_Полторацкий_Никита_Алексеевич.jpg', 1, 90, NULL, 89, NULL, NULL, '2022-12-05 05:16:30', '2022-12-05 05:26:43'),
(110, 244, 1, 'athlete/244_Полторацкий_Максим/photo_Полторацкий_Максим_Алексеевич.jpg', 1, 91, NULL, 90, NULL, NULL, '2022-12-05 05:19:12', '2022-12-05 05:37:13'),
(111, 246, 1, 'athlete/246_Шушляев_Артём/photo_Шушляев_Артём_Антонович.jpg', 1, 92, NULL, 91, NULL, NULL, '2022-12-05 05:30:17', '2022-12-05 05:37:57'),
(112, 248, 1, 'athlete/248_Козлов_Арсений/photo_Козлов_Арсений_Витальевич.jpg', 1, 94, 94, NULL, NULL, NULL, '2022-12-05 06:24:13', '2022-12-05 06:37:44'),
(113, 250, 1, 'athlete/250_Дубинин_Матвей/photo_Дубинин_Матвей_Артёмович.jpg', 1, 95, NULL, 92, NULL, NULL, '2022-12-05 06:45:24', '2022-12-05 07:10:27'),
(114, 252, 1, 'athlete/252_Казарников_Сергей/photo_Казарников_Сергей_Сергеевич.jpg', 1, 107, NULL, 103, NULL, NULL, '2022-12-05 07:17:09', '2022-12-05 12:17:47'),
(115, 255, 2, 'athlete/255_Коробкина_Дарья/photo_Коробкина_Дарья_Алексеевна.jpg', 1, 97, NULL, 114, NULL, NULL, '2022-12-05 09:32:14', '2022-12-05 18:55:54'),
(116, 256, 1, 'athlete/256_Каплунов_Владислав/photo_Каплунов_Владислав_Сергеевич.jpg', 1, 99, NULL, 95, NULL, NULL, '2022-12-05 09:32:48', '2022-12-05 09:44:51'),
(117, 258, 1, 'athlete/258_Сяткин_Прохор/photo_Сяткин_Прохор_Александрович.jpg', 1, 98, NULL, 94, NULL, NULL, '2022-12-05 09:34:20', '2022-12-05 09:44:47'),
(118, 260, 2, 'athlete/260_Сяткина_Юлия/photo_Сяткина_Юлия_Александровна.jpg', 1, 100, NULL, 96, NULL, NULL, '2022-12-05 09:48:38', '2022-12-05 09:50:36'),
(119, 261, 1, 'athlete/261_Каплунов_Артем/photo_Каплунов_Артем_Сергеевич.jpg', 1, 101, NULL, 97, NULL, NULL, '2022-12-05 09:50:08', '2022-12-05 09:53:26'),
(120, 262, 1, 'athlete/262_Шамшурин_Роман/photo_Шамшурин_Роман_Сергеевич.jpg', 1, 102, NULL, 105, NULL, NULL, '2022-12-05 09:50:25', '2022-12-05 12:39:36'),
(121, 264, 1, 'athlete/264_Щелкунов_Евгений/photo_Щелкунов_Евгений_Викторович.jpg', 1, 162, NULL, NULL, NULL, NULL, '2022-12-05 09:55:51', '2022-12-08 10:20:33'),
(122, 266, 1, 'athlete/266_Новиков_Даниил/photo_Новиков_Даниил_Евгеньевич.jpg', 1, 103, NULL, 98, NULL, NULL, '2022-12-05 10:16:29', '2022-12-05 10:24:12'),
(123, 268, 1, 'athlete/268_Смольяков_Николай/photo_Смольяков_Николай_Алексеевич.jpg', 1, 104, NULL, 99, NULL, NULL, '2022-12-05 10:20:52', '2022-12-05 10:25:54'),
(124, 270, 2, 'athlete/270_Маутова_Аделина/photo_Маутова_Аделина_Алибековна.jpg', 1, 105, NULL, 100, NULL, NULL, '2022-12-05 11:10:30', '2022-12-05 11:17:08'),
(125, 271, 2, 'athlete/271_Маутова_Диляра/photo_Маутова_Диляра_Алибековна.jpg', 1, 116, NULL, 101, NULL, NULL, '2022-12-05 11:11:54', '2022-12-05 15:54:22'),
(126, 272, 2, 'athlete/272_Карнаухова_Виктория/photo_Карнаухова_Виктория_Андреевна.jpg', 1, 106, NULL, 102, NULL, NULL, '2022-12-05 11:24:21', '2022-12-05 11:34:31'),
(127, 274, 2, 'athlete/274_Иванова_Ярослава/photo_Иванова_Ярослава_Львовна.jpg', 1, 108, NULL, 104, NULL, NULL, '2022-12-05 12:14:17', '2022-12-05 12:21:20'),
(128, 276, 2, 'athlete/276_Филимонова_Полина/photo_Филимонова_Полина_Игоревна.jpg', 1, 109, NULL, 106, NULL, NULL, '2022-12-05 12:39:09', '2022-12-05 12:43:42'),
(129, 278, 1, 'athlete/278_Евсеевичев_Михаил/photo_Евсеевичев_Михаил_Дмитриевич.jpg', 1, 110, NULL, 107, NULL, NULL, '2022-12-05 13:14:51', '2022-12-05 13:21:00'),
(130, 281, 1, 'athlete/281_Бородин_Ярослав/photo_Бородин_Ярослав_Станиславович.jpg', 1, 111, 108, NULL, NULL, NULL, '2022-12-05 13:18:47', '2022-12-05 13:24:24'),
(131, 282, 1, 'athlete/282_Хидиров_Мухаммад/photo_Хидиров_Мухаммад_Исаевич.jpg', 1, NULL, NULL, NULL, NULL, NULL, '2022-12-05 13:31:33', '2022-12-05 13:31:33'),
(132, 285, 2, 'athlete/285_Беккер_Злата/photo_Беккер_Злата_Алексеевна.jpg', 1, 112, NULL, 108, NULL, NULL, '2022-12-05 13:53:05', '2022-12-05 13:57:14'),
(133, 287, 1, 'athlete/287_Антюхин_Николай/photo_Антюхин_Николай_Сергеевич.jpg', 1, 113, NULL, 109, NULL, NULL, '2022-12-05 14:03:42', '2022-12-05 14:09:47'),
(134, 289, 1, 'athlete/289_Антюхин_Дмитрий/photo_Антюхин_Дмитрий_Сергеевич.jpg', 1, 114, NULL, 110, NULL, NULL, '2022-12-05 14:13:09', '2022-12-05 14:16:55'),
(135, 290, 2, 'athlete/290_Ведзижева_Ясмина/photo_Ведзижева_Ясмина_Тамерлановна.jpg', 1, 115, NULL, 111, NULL, NULL, '2022-12-05 14:14:46', '2022-12-05 14:22:20'),
(136, 293, 1, 'athlete/293_Юдочкин_Сергей/photo_Юдочкин_Сергей_Васильевич.jpg', 1, 117, NULL, 112, NULL, NULL, '2022-12-05 17:09:18', '2022-12-05 17:13:39'),
(137, 294, 1, 'athlete/294_Пимкин_Максим/photo_Пимкин_Максим_Александрович.jpg', 1, 118, NULL, 113, NULL, NULL, '2022-12-05 17:21:22', '2022-12-05 17:29:21'),
(138, 296, 1, 'athlete/296_Озевич_Олег/photo_Озевич_Олег_Евгеньевич.jpg', 1, 119, NULL, NULL, NULL, NULL, '2022-12-06 01:18:23', '2022-12-06 01:22:25'),
(139, 300, 1, 'athlete/300_Гулечов_Сергей/photo_Гулечов_Сергей_Максимович.jpg', 1, 124, NULL, NULL, NULL, NULL, '2022-12-06 02:03:59', '2022-12-06 03:41:02'),
(140, 301, 1, 'athlete/301_Белицкий_Даниил/photo_Белицкий_Даниил_Викторович.jpg', 1, 120, NULL, 115, NULL, NULL, '2022-12-06 02:05:03', '2022-12-06 02:18:48'),
(141, 302, 1, 'athlete/302_ЩЕДРИН_АЛЕКСАНДР/photo_ЩЕДРИН_АЛЕКСАНДР_ДМИТРИЕВИЧ.jpg', 1, 121, NULL, 116, NULL, NULL, '2022-12-06 02:13:12', '2022-12-06 02:25:28'),
(142, 304, 1, 'athlete/304_Яблочкин_Григорий/photo_Яблочкин_Григорий_Станиславович.jpg', 1, 122, NULL, 117, NULL, NULL, '2022-12-06 02:38:31', '2022-12-06 04:04:13'),
(143, 307, 1, 'athlete/307_Кубик_Максим/photo_Кубик_Максим_Андреевич.jpg', 1, 123, NULL, 140, NULL, NULL, '2022-12-06 03:24:08', '2022-12-07 12:17:32'),
(144, 311, 1, 'athlete/311_Таранов_Данила/photo_Таранов_Данила_Владимирович.jpg', 1, 126, NULL, 118, NULL, NULL, '2022-12-06 04:37:59', '2022-12-06 04:52:04'),
(145, 313, 1, 'athlete/313_Таранов_Сергей/photo_Таранов_Сергей_Владимирович.jpg', 1, 125, 126, NULL, NULL, NULL, '2022-12-06 04:43:19', '2022-12-06 04:54:28'),
(146, 314, 1, 'athlete/314_Нелепа_Назар/photo_Нелепа_Назар_Юрьевич.jpg', 1, 127, NULL, 119, NULL, NULL, '2022-12-06 04:47:44', '2022-12-06 04:53:53'),
(147, 317, 1, 'athlete/317_Лагутин_Савелий/photo_Лагутин_Савелий_Ярославович.jpg', 1, 174, NULL, 167, NULL, NULL, '2022-12-06 05:50:58', '2022-12-09 07:21:16'),
(148, 318, 2, 'athlete/318_Пушкарская_Дарина/photo_Пушкарская_Дарина_Андреевна.jpg', 1, 128, NULL, 120, NULL, NULL, '2022-12-06 07:10:27', '2022-12-06 07:13:33'),
(149, 320, 1, 'athlete/320_Куликов_Мирон/photo_Куликов_Мирон_Алексеевич.jpg', 1, 129, NULL, 121, NULL, NULL, '2022-12-06 07:47:37', '2022-12-06 07:50:46'),
(150, 322, 1, 'athlete/322_Хомяков_Валерий/photo_Хомяков_Валерий_Сергеевич.jpg', 1, 130, NULL, 122, NULL, NULL, '2022-12-06 08:07:05', '2022-12-06 08:15:25'),
(151, 324, 2, 'athlete/324_Придачук_Антонина/photo_Придачук_Антонина_Максимовна.jpg', 1, 131, NULL, 123, NULL, NULL, '2022-12-06 08:17:24', '2022-12-06 08:30:25'),
(152, 326, 1, 'athlete/326_Поликарпов_Ярослав/photo_Поликарпов_Ярослав_Сергеевич.jpg', 1, 132, NULL, 124, NULL, NULL, '2022-12-06 08:26:45', '2022-12-06 08:39:47'),
(153, 328, 1, 'athlete/328_Кунгурцев_Данила/photo_Кунгурцев_Данила_Александрович.jpg', 1, 133, NULL, 125, NULL, NULL, '2022-12-06 09:19:47', '2022-12-06 09:26:22'),
(154, 330, 1, 'athlete/330_Спирин_Артём/photo_Спирин_Артём_Александрович.jpg', 1, 134, NULL, 166, NULL, NULL, '2022-12-06 12:27:18', '2022-12-09 04:06:07'),
(155, 332, 1, 'athlete/332_Соколов_Владислав/photo_Соколов_Владислав_Леонидович.jpg', 1, 136, NULL, 128, NULL, NULL, '2022-12-06 13:01:18', '2022-12-06 13:13:59'),
(156, 334, 1, 'athlete/334_Лымарев_Дмитрий/photo_Лымарев_Дмитрий_Евгеньевич.jpg', 1, 135, NULL, 127, NULL, NULL, '2022-12-06 13:06:30', '2022-12-06 13:09:34'),
(157, 336, 2, 'athlete/336_Бураменская_Каролина/photo_Бураменская_Каролина_Алексеевна.jpg', 1, 138, NULL, 130, NULL, NULL, '2022-12-06 13:16:23', '2022-12-06 13:42:19'),
(158, 338, 1, 'athlete/338_Сивогривов_Никита/photo_Сивогривов_Никита_Алексеевич.jpg', 1, 137, NULL, 129, NULL, NULL, '2022-12-06 13:24:01', '2022-12-06 13:27:59'),
(159, 341, 1, 'athlete/341_Сухов_Арсений/photo_Сухов_Арсений_Сергеевич.jpg', 1, 139, NULL, 131, NULL, NULL, '2022-12-06 14:05:04', '2022-12-06 14:11:51'),
(160, 343, 1, 'athlete/343_Хитров_Алексей/photo_Хитров_Алексей_Дмитриевич.jpg', 1, 140, NULL, 132, NULL, NULL, '2022-12-06 14:57:26', '2022-12-06 15:06:21'),
(161, 346, 1, 'athlete/346_Рожнов_Роман/photo_Рожнов_Роман_Вадимович.jpg', 1, 141, NULL, 133, NULL, NULL, '2022-12-06 16:35:26', '2022-12-06 16:54:59'),
(162, 348, 1, 'athlete/348_Бабенко_Данил/photo_Бабенко_Данил_Иванович.jpg', 1, 142, NULL, 134, NULL, NULL, '2022-12-07 02:24:26', '2022-12-07 02:34:44'),
(163, 349, 1, 'athlete/349_Бабенко_Семён/photo_Бабенко_Семён_Иванович.jpg', 1, 143, NULL, 135, NULL, NULL, '2022-12-07 02:39:41', '2022-12-07 02:44:20'),
(165, 354, 1, 'athlete/354_Стасевич_Артём/photo_Стасевич_Артём_Кириллович.jpg', 1, 144, NULL, 136, NULL, NULL, '2022-12-07 06:25:46', '2022-12-07 06:31:10'),
(166, 356, 1, 'athlete/356_Поликарпов_Денис/photo_Поликарпов_Денис_Сергеевич.jpg', 1, 145, NULL, 137, NULL, NULL, '2022-12-07 07:22:44', '2022-12-07 07:33:38'),
(167, 358, 1, 'athlete/358_Студеникин_Никита/photo_Студеникин_Никита_Алексеевич.jpg', 1, 170, NULL, 163, NULL, NULL, '2022-12-07 08:54:36', '2022-12-08 17:09:24'),
(168, 360, 2, 'athlete/360_Грабова_Мария/photo_Грабова_Мария_Денисовна.jpg', 1, 146, NULL, 138, NULL, NULL, '2022-12-07 10:55:53', '2022-12-07 11:10:47'),
(169, 362, 1, 'athlete/362_Великанов_Захар/photo_Великанов_Захар_Дмитриевич.jpg', 1, 147, NULL, 139, NULL, NULL, '2022-12-07 11:17:34', '2022-12-07 11:21:36'),
(170, 364, 1, 'athlete/364_Сергеев_Иван/photo_Сергеев_Иван_Андреевич.jpg', 1, 148, NULL, 141, NULL, NULL, '2022-12-07 13:51:06', '2022-12-07 13:54:35'),
(171, 366, 2, 'athlete/366_Максудова_Анель/photo_Максудова_Анель_Милановна.jpg', 1, 149, NULL, 142, NULL, NULL, '2022-12-07 15:01:31', '2022-12-07 15:09:26'),
(172, 368, 1, 'athlete/368_Иванов_Александр/photo_Иванов_Александр_Александрович.jpg', 1, 150, NULL, 143, NULL, NULL, '2022-12-07 16:26:42', '2022-12-07 16:34:57'),
(173, 372, 1, 'athlete/372_Осипов_Михаил/photo_Осипов_Михаил_Юрьевич.jpg', 1, 151, NULL, 145, NULL, NULL, '2022-12-08 04:48:57', '2022-12-08 04:53:01'),
(174, 374, 1, 'athlete/374_Сальников_Роман/photo_Сальников_Роман_Викторович.jpg', 1, 152, NULL, 146, NULL, NULL, '2022-12-08 04:57:18', '2022-12-08 05:04:23'),
(175, 376, 2, 'athlete/376_Пасечник_Варвара/photo_Пасечник_Варвара_Александровна.jpg', 1, NULL, NULL, NULL, NULL, NULL, '2022-12-08 06:14:39', '2022-12-08 06:14:39'),
(176, 379, 1, 'athlete/379_Пешков_Захвр/photo_Пешков_Захвр_Владимирович.jpg', 1, NULL, NULL, NULL, NULL, NULL, '2022-12-08 06:30:13', '2022-12-08 06:30:13'),
(177, 381, 1, 'athlete/381_Литвинов_Артём/photo_Литвинов_Артём_Александрович.jpg', 1, 153, NULL, 147, NULL, NULL, '2022-12-08 06:50:54', '2022-12-08 06:55:39'),
(178, 384, 1, 'athlete/384_Колобков_Мирон/photo_Колобков_Мирон_Александрович.jpg', 1, 154, NULL, 148, NULL, NULL, '2022-12-08 07:24:07', '2022-12-08 07:39:13'),
(179, 387, 1, 'athlete/387_Сычев_Вячеслав/photo_Сычев_Вячеслав_Игоревич.jpg', 1, NULL, NULL, NULL, NULL, NULL, '2022-12-08 07:34:39', '2022-12-08 07:34:39'),
(180, 389, 2, 'athlete/389_Плюснина_Алёна/photo_Плюснина_Алёна_Павловна.jpg', 1, 155, NULL, 150, NULL, NULL, '2022-12-08 07:40:29', '2022-12-08 07:57:19'),
(181, 390, 1, 'athlete/390_Луговой_Андрей/photo_Луговой_Андрей_Сергеевич.jpg', 1, 157, NULL, 152, NULL, NULL, '2022-12-08 07:45:28', '2022-12-08 08:31:26'),
(182, 392, 1, 'athlete/392_Ходжомьяров_Александр/photo_Ходжомьяров_Александр_Дмитриевич.jpg', 1, NULL, NULL, NULL, NULL, NULL, '2022-12-08 07:54:20', '2022-12-08 07:54:20'),
(183, 393, 1, 'athlete/393_Шарапов_Андрей/photo_Шарапов_Андрей_Андреевич.jpg', 1, 156, NULL, 151, NULL, NULL, '2022-12-08 08:20:23', '2022-12-08 08:28:29'),
(184, 396, 1, 'athlete/396_Патрушев_Демид/photo_Патрушев_Демид_Максимович.jpg', 1, 158, NULL, 153, NULL, NULL, '2022-12-08 08:52:49', '2022-12-08 08:56:38'),
(185, 398, 1, 'athlete/398_Сидоренко_Мартин/photo_Сидоренко_Мартин_Павлович.jpg', 1, 159, NULL, 154, NULL, NULL, '2022-12-08 08:58:32', '2022-12-08 09:03:15'),
(186, 400, 1, 'athlete/400_Сергеев_Максим/photo_Сергеев_Максим_Алексеевич.jpg', 1, 160, NULL, 155, NULL, NULL, '2022-12-08 09:13:55', '2022-12-08 09:36:07'),
(187, 403, 2, 'athlete/403_Горбатенко_Виктория/photo_Горбатенко_Виктория_Игоревна.jpg', 1, 161, 167, NULL, NULL, NULL, '2022-12-08 10:06:16', '2022-12-08 10:21:27'),
(188, 405, 1, 'athlete/405_Изотов_Ярослав/photo_Изотов_Ярослав_Николаевич.jpg', 1, NULL, NULL, NULL, NULL, NULL, '2022-12-08 10:14:02', '2022-12-08 10:14:02'),
(189, 406, 2, 'athlete/406_Абашева_Вероника/photo_Абашева_Вероника_Сергеевна.jpg', 1, NULL, NULL, NULL, NULL, NULL, '2022-12-08 10:40:07', '2022-12-08 10:40:07'),
(190, 410, 2, 'athlete/410_Филимонова_Ангелина/photo_Филимонова_Ангелина_Ивановна.jpg', 1, 163, NULL, 156, NULL, NULL, '2022-12-08 13:02:08', '2022-12-08 13:12:12'),
(191, 411, 2, 'athlete/411_Хайдурова_Полина/photo_Хайдурова_Полина_Сергеевна.jpg', 1, 165, NULL, 158, NULL, NULL, '2022-12-08 13:06:46', '2022-12-08 13:27:23'),
(192, 412, 1, 'athlete/412_Чурсин_Никита/photo_Чурсин_Никита_Максимович.jpg', 1, 164, NULL, 157, NULL, NULL, '2022-12-08 13:10:10', '2022-12-08 13:15:31'),
(193, 413, 1, 'athlete/413_Беглов_Владимир/photo_Беглов_Владимир_Владимирович.jpg', 1, 166, NULL, 159, NULL, NULL, '2022-12-08 13:37:29', '2022-12-08 13:40:21'),
(194, 415, 1, 'athlete/415_Филиппов_Артемий/photo_Филиппов_Артемий_Антонович.jpg', 1, NULL, NULL, NULL, NULL, NULL, '2022-12-08 14:10:25', '2022-12-08 14:10:25'),
(195, 417, 2, 'athlete/417_Ильяшенко_Вероника/photo_Ильяшенко_Вероника_Денисовна.jpg', 1, 167, NULL, 160, NULL, NULL, '2022-12-08 14:23:44', '2022-12-08 14:39:10'),
(196, 418, 1, 'athlete/418_Бережной_Станислав/photo_Бережной_Станислав_Владимирович.jpg', 1, 168, NULL, 161, NULL, NULL, '2022-12-08 14:52:06', '2022-12-08 15:04:29'),
(197, 419, 1, 'athlete/419_Кубанцев_Макар/photo_Кубанцев_Макар_Андреевич.jpg', 1, 169, NULL, 162, NULL, NULL, '2022-12-08 15:09:04', '2022-12-08 15:24:06'),
(198, 421, 1, 'athlete/421_Янкин_Максим/photo_Янкин_Максим_Михайлович.jpg', 1, 171, NULL, 164, NULL, NULL, '2022-12-08 17:12:28', '2022-12-09 00:54:05'),
(199, 424, 1, 'athlete/424_Матвеев_Захар/photo_Матвеев_Захар_Владимирович.jpg', 1, 172, NULL, 165, NULL, NULL, '2022-12-09 02:10:34', '2022-12-09 02:17:26'),
(200, 426, 1, 'athlete/426_Бабич_Кирилл/photo_Бабич_Кирилл_Алексеевич.jpg', 1, 173, NULL, NULL, NULL, NULL, '2022-12-09 04:12:16', '2022-12-09 04:13:58'),
(201, 428, 1, 'athlete/428_Мошняков_Мирослав/photo_Мошняков_Мирослав_Михайлович.jpg', 1, 175, NULL, 168, NULL, NULL, '2022-12-09 12:36:16', '2022-12-09 12:41:59'),
(202, 432, 1, 'athlete/432_Шарапов_Федор/photo_Шарапов_Федор_Дмитриевич.jpg', 1, 176, NULL, 169, NULL, NULL, '2022-12-10 03:17:51', '2022-12-10 03:26:12'),
(203, 433, 1, 'athlete/433_Шарапов_Егор/photo_Шарапов_Егор_Дмитриевич.jpg', 1, 177, NULL, 170, NULL, NULL, '2022-12-10 03:21:28', '2022-12-10 03:28:39'),
(204, 434, 2, 'athlete/434_Соболева_Марья/photo_Соболева_Марья_Алексеевна.jpg', 1, 178, NULL, NULL, NULL, NULL, '2022-12-11 03:17:27', '2022-12-11 03:20:38'),
(205, 437, 2, 'athlete/437_Фролова_Елизавета/photo_Фролова_Елизавета_Петровна.jpg', 1, 179, NULL, 171, NULL, NULL, '2022-12-11 14:06:06', '2022-12-11 14:25:56'),
(206, 438, 2, 'athlete/438_Фролова_Анастасия/photo_Фролова_Анастасия_Петровна.jpg', 1, 180, NULL, 172, NULL, NULL, '2022-12-11 14:07:36', '2022-12-11 14:29:19'),
(207, 439, 1, 'athlete/439_Рыбенец_Степан/photo_Рыбенец_Степан_Александрович.jpg', 1, 181, NULL, 173, NULL, NULL, '2022-12-11 14:42:19', '2022-12-11 14:49:39'),
(208, 442, 1, 'athlete/442_Макаров_Максим/photo_Макаров_Максим_Федорович.jpg', 1, 182, NULL, 174, NULL, NULL, '2022-12-12 08:14:19', '2022-12-12 08:28:01'),
(209, 444, 1, 'athlete/444_Батаров_Александр/photo_Батаров_Александр_Петрович.jpg', 1, 183, NULL, 175, NULL, NULL, '2022-12-12 08:49:54', '2022-12-12 10:15:16'),
(210, 446, 2, 'athlete/446_Вертепова_Александра/photo_Вертепова_Александра_Денисовна.jpg', 1, 184, NULL, NULL, NULL, NULL, '2022-12-12 09:08:36', '2022-12-12 09:11:48'),
(211, 447, 2, 'athlete/447_Вертепова_Арина/photo_Вертепова_Арина_Денисовна.jpg', 1, 185, NULL, NULL, NULL, NULL, '2022-12-12 09:10:49', '2022-12-12 09:12:07'),
(212, 449, 1, 'athlete/449_Сорокодумов_Олег/photo_Сорокодумов_Олег_Максимович.jpg', 1, 186, NULL, 176, NULL, NULL, '2022-12-12 10:31:32', '2022-12-12 10:42:29'),
(213, 451, 2, 'athlete/451_Чумакова_Аделина/photo_Чумакова_Аделина_Вячеславовна.jpg', 1, 187, NULL, 177, NULL, NULL, '2022-12-12 11:01:23', '2022-12-12 11:17:29'),
(214, 452, 1, 'athlete/452_Рябов_Михаил/photo_Рябов_Михаил_Николаевич.jpg', 1, NULL, NULL, NULL, NULL, NULL, '2022-12-12 12:35:10', '2022-12-12 12:35:10'),
(215, 453, 2, 'athlete/453_Рябова_Елизавета/photo_Рябова_Елизавета_Николаевна.jpg', 1, NULL, NULL, NULL, NULL, NULL, '2022-12-12 12:37:02', '2022-12-12 12:37:02'),
(216, 455, 2, 'athlete/455_Шепелева_Милана/photo_Шепелева_Милана_Станиславовна.jpg', 1, 188, NULL, 178, NULL, NULL, '2022-12-12 13:08:39', '2022-12-12 13:14:28'),
(217, 457, 1, 'athlete/457_Камышанов_Георгий/photo_Камышанов_Георгий_Сергеевич.jpg', 1, 189, NULL, 179, NULL, NULL, '2022-12-12 13:45:17', '2022-12-12 13:51:15'),
(218, 460, 2, 'athlete/460_Дегтярёва_Эвелина/photo_Дегтярёва_Эвелина_Сергеевна.jpg', 1, 190, NULL, 180, NULL, NULL, '2022-12-12 15:02:03', '2022-12-12 15:08:44'),
(219, 462, 1, 'athlete/462_Житников_Максим/photo_Житников_Максим_Евгеньевич.jpg', 1, NULL, NULL, NULL, NULL, NULL, '2022-12-12 15:26:04', '2022-12-12 15:26:04'),
(220, 465, 1, 'athlete/465_Воронин_Роман/photo_Воронин_Роман_Сергеевич.jpg', 1, NULL, NULL, NULL, NULL, NULL, '2022-12-13 02:13:30', '2022-12-13 02:13:30'),
(221, 466, 1, 'athlete/466_Здор_Александр/photo_Здор_Александр_Михайлович.jpg', 1, 191, NULL, 181, NULL, NULL, '2022-12-13 04:58:07', '2022-12-13 05:05:37'),
(222, 469, 2, 'athlete/469_Вирченко_Екатерина/photo_Вирченко_Екатерина_Робертовна.jpg', 1, 192, NULL, 182, NULL, NULL, '2022-12-13 05:57:00', '2022-12-13 06:06:10'),
(223, 470, 1, 'athlete/470_Дудкин_Даниил/photo_Дудкин_Даниил_Анатольевич.jpg', 1, 193, NULL, 183, NULL, NULL, '2022-12-13 06:27:36', '2022-12-13 06:30:57'),
(224, 474, 1, 'athlete/474_Аракчеев_Кирилл/photo_Аракчеев_Кирилл_Николаевич.jpg', 1, NULL, NULL, NULL, NULL, NULL, '2022-12-13 08:20:35', '2022-12-13 08:20:35'),
(225, 476, 1, 'athlete/476_Иванов_Степан/photo_Иванов_Степан_Ильич.jpg', 1, 194, NULL, 184, NULL, NULL, '2022-12-13 13:42:08', '2022-12-13 13:48:59'),
(226, 478, 1, 'athlete/478_Гузенко_Роман/photo_Гузенко_Роман_Алексеевич.jpg', 1, 195, NULL, 185, NULL, NULL, '2022-12-13 14:08:51', '2022-12-13 14:12:33'),
(227, 482, 2, 'athlete/482_Решетникова_Светлана/photo_Решетникова_Светлана_Андреевна.jpg', 1, NULL, NULL, NULL, NULL, NULL, '2022-12-13 15:14:25', '2022-12-13 15:14:25'),
(228, 484, 1, 'athlete/484_Барабанов_Дмитрий/photo_Барабанов_Дмитрий_Евгеньевич.jpg', 1, NULL, NULL, 186, NULL, NULL, '2022-12-13 15:44:01', '2022-12-13 15:59:33'),
(229, 485, 1, 'athlete/485_Мещеряков_Артём/photo_Мещеряков_Артём_Вячеславович.jpg', 1, 196, NULL, 187, NULL, NULL, '2022-12-13 15:56:24', '2022-12-13 16:18:58'),
(230, 488, 2, 'athlete/488_Мосоловская_Маргарита/photo_Мосоловская_Маргарита_Александровна.jpg', 1, 197, NULL, 188, NULL, NULL, '2022-12-14 06:40:26', '2022-12-14 07:45:14'),
(231, 492, 1, 'athlete/492_Бойко_Муслим/photo_Бойко_Муслим_Михайлович.jpg', 1, NULL, NULL, NULL, NULL, NULL, '2022-12-14 09:28:39', '2022-12-14 09:28:39'),
(232, 493, 1, 'athlete/493_Иващенко_Богдан/photo_Иващенко_Богдан_Денисович.jpg', 1, 198, 201, NULL, NULL, NULL, '2022-12-14 10:20:31', '2022-12-14 10:29:00'),
(233, 495, 1, 'athlete/495_Кокушин_Артём/photo_Кокушин_Артём_Дмитриевич.jpg', 1, 200, NULL, 189, NULL, NULL, '2022-12-14 11:27:08', '2022-12-14 11:33:26'),
(234, 496, 1, 'athlete/496_Горин_Филип/photo_Горин_Филип_Александрович.jpg', 1, 199, NULL, 190, NULL, NULL, '2022-12-14 11:27:38', '2022-12-14 11:40:32'),
(235, 497, 1, 'athlete/497_Губанов_Игнат/photo_Губанов_Игнат_Михайлович.jpg', 1, NULL, NULL, NULL, NULL, NULL, '2022-12-14 13:14:43', '2022-12-14 13:14:43'),
(236, 499, 1, 'athlete/499_Попов_Владислав/photo_Попов_Владислав_Евгеньевич.jpg', 1, 201, NULL, 191, NULL, NULL, '2022-12-14 13:44:07', '2022-12-14 13:46:45'),
(237, 501, 1, 'athlete/501_Арутюнян_Ален/photo_Арутюнян_Ален_Каренович.jpg', 1, 202, NULL, NULL, NULL, NULL, '2022-12-14 14:14:55', '2022-12-14 14:17:56'),
(238, 502, 1, 'athlete/502_Арутюнян_Ален/photo_Арутюнян_Ален_Каренович.jpg', 1, NULL, NULL, NULL, NULL, NULL, '2022-12-14 14:20:16', '2022-12-14 14:20:16'),
(239, 504, 1, 'athlete/504_Бережной_Кирилл/photo_Бережной_Кирилл_Денисович.jpg', 1, 203, 206, NULL, NULL, NULL, '2022-12-14 15:00:28', '2022-12-14 15:09:35'),
(240, 506, 1, 'athlete/506_Алиев_Богдан/photo_Алиев_Богдан_Назарович.jpg', 1, 204, 208, NULL, NULL, NULL, '2022-12-14 15:17:02', '2022-12-14 15:25:35'),
(241, 507, 1, 'athlete/507_Шахбанов_Арсен/photo_Шахбанов_Арсен_Максимович.jpg', 1, NULL, NULL, NULL, NULL, NULL, '2022-12-14 17:00:29', '2022-12-14 17:00:29'),
(242, 508, 2, 'athlete/508_Кириллова_Полина/photo_Кириллова_Полина_Андреевна.jpg', 1, 205, NULL, NULL, NULL, NULL, '2022-12-15 07:32:40', '2022-12-15 07:34:20'),
(243, 510, 1, 'athlete/510_Востриков_Григорий/photo_Востриков_Григорий_Александрович.jpg', 1, 206, NULL, NULL, NULL, NULL, '2022-12-15 08:11:00', '2022-12-15 08:14:45'),
(244, 512, 1, NULL, 1, NULL, NULL, NULL, NULL, NULL, '2022-12-15 10:40:21', '2022-12-15 10:40:21'),
(245, 514, 2, 'athlete/514_Мустафаева_Айсель/photo_Мустафаева_Айсель_Ягубовна.jpg', 1, 207, NULL, 192, NULL, NULL, '2022-12-15 17:04:46', '2022-12-15 17:18:58'),
(246, 519, 1, 'athlete/519_Маркелов_Даниил/photo_Маркелов_Даниил_Дмитриевич.jpg', 1, NULL, NULL, NULL, NULL, NULL, '2022-12-17 10:39:15', '2022-12-17 10:39:15'),
(247, 521, 1, 'athlete/521_Трунов_Сергей/photo_Трунов_Сергей_Сергеевич.jpg', 1, NULL, NULL, NULL, NULL, NULL, '2022-12-17 11:42:14', '2022-12-17 11:42:14'),
(248, 523, 1, 'athlete/523_Наход_Данила/photo_Наход_Данила_Евгеньевич.jpg', 1, 208, NULL, NULL, NULL, NULL, '2022-12-18 04:16:22', '2022-12-18 04:18:01');

-- --------------------------------------------------------

--
-- Структура таблицы `athlete_coach`
--
-- Создание: Сен 29 2022 г., 14:12
--

DROP TABLE IF EXISTS `athlete_coach`;
CREATE TABLE `athlete_coach` (
  `id` bigint(20) UNSIGNED NOT NULL,
  `athlete_id` bigint(20) UNSIGNED NOT NULL,
  `coach_id` bigint(20) UNSIGNED NOT NULL,
  `coach_type` int(11) DEFAULT NULL,
  `created_at` timestamp NULL DEFAULT NULL,
  `updated_at` timestamp NULL DEFAULT NULL
) ENGINE=InnoDB DEFAULT CHARSET=utf8mb4 COLLATE=utf8mb4_unicode_ci;

--
-- Дамп данных таблицы `athlete_coach`
--

INSERT INTO `athlete_coach` (`id`, `athlete_id`, `coach_id`, `coach_type`, `created_at`, `updated_at`) VALUES
(1, 1, 2, 1, NULL, NULL),
(2, 2, 2, 1, NULL, NULL),
(3, 3, 2, 1, NULL, NULL),
(4, 4, 2, 1, NULL, NULL),
(5, 5, 2, 1, NULL, NULL),
(6, 6, 2, 1, NULL, NULL),
(7, 7, 2, 1, NULL, NULL),
(8, 8, 2, 1, NULL, NULL),
(9, 9, 1, 1, NULL, NULL),
(10, 10, 1, 1, NULL, NULL),
(11, 11, 1, 1, NULL, NULL),
(12, 12, 2, 1, NULL, NULL),
(13, 13, 2, 1, NULL, NULL),
(14, 14, 5, 1, NULL, NULL),
(15, 15, 3, 1, NULL, NULL),
(16, 16, 5, 1, NULL, NULL),
(17, 17, 9, 1, NULL, NULL),
(18, 18, 9, 1, NULL, NULL),
(19, 19, 5, 1, NULL, NULL),
(20, 20, 5, 1, NULL, NULL),
(21, 21, 10, 1, NULL, NULL),
(22, 22, 5, 1, NULL, NULL),
(23, 23, 5, 1, NULL, NULL),
(24, 24, 1, 1, NULL, NULL),
(25, 25, 1, 1, NULL, NULL),
(26, 26, 5, 1, NULL, NULL),
(27, 27, 5, 1, NULL, NULL),
(28, 28, 5, 1, NULL, NULL),
(29, 29, 5, 1, NULL, NULL),
(30, 30, 5, 1, NULL, NULL),
(31, 31, 1, 1, NULL, NULL),
(32, 32, 5, 1, NULL, NULL),
(33, 33, 8, 1, NULL, NULL),
(34, 34, 5, 1, NULL, NULL),
(35, 35, 5, 1, NULL, NULL),
(36, 36, 1, 1, NULL, NULL),
(37, 37, 5, 1, NULL, NULL),
(38, 38, 5, 1, NULL, NULL),
(39, 39, 10, 1, NULL, NULL),
(40, 40, 10, 1, NULL, NULL),
(41, 41, 5, 1, NULL, NULL),
(42, 42, 2, 1, NULL, NULL),
(43, 43, 1, 1, NULL, NULL),
(44, 44, 1, 1, NULL, NULL),
(45, 45, 5, 1, NULL, NULL),
(46, 46, 5, 1, NULL, NULL),
(47, 47, 5, 1, NULL, NULL),
(48, 48, 1, 1, NULL, NULL),
(49, 49, 8, 1, NULL, NULL),
(50, 50, 5, 1, NULL, NULL),
(51, 51, 4, 1, NULL, NULL),
(52, 52, 4, 1, NULL, NULL),
(53, 53, 4, 1, NULL, NULL),
(54, 54, 4, 1, NULL, NULL),
(55, 55, 4, 1, NULL, NULL),
(56, 56, 9, 1, NULL, NULL),
(57, 57, 9, 1, NULL, NULL),
(58, 58, 4, 1, NULL, NULL),
(59, 59, 4, 1, NULL, NULL),
(60, 60, 4, 1, NULL, NULL),
(61, 61, 4, 1, NULL, NULL),
(63, 63, 4, 1, NULL, NULL),
(64, 64, 4, 1, NULL, NULL),
(65, 65, 4, 1, NULL, NULL),
(66, 66, 4, 1, NULL, NULL),
(67, 67, 3, 1, NULL, NULL),
(68, 68, 1, 1, NULL, NULL),
(69, 69, 4, 1, NULL, NULL),
(70, 70, 4, 1, NULL, NULL),
(71, 71, 4, 1, NULL, NULL),
(72, 72, 10, 1, NULL, NULL),
(73, 73, 4, 1, NULL, NULL),
(76, 76, 1, 1, NULL, NULL),
(77, 77, 1, 1, NULL, NULL),
(78, 78, 4, 1, NULL, NULL),
(79, 79, 4, 1, NULL, NULL),
(80, 80, 2, 1, NULL, NULL),
(81, 81, 5, 1, NULL, NULL),
(82, 82, 4, 1, NULL, NULL),
(83, 83, 4, 1, NULL, NULL),
(84, 84, 1, 1, NULL, NULL),
(85, 85, 4, 1, NULL, NULL),
(86, 86, 4, 1, NULL, NULL),
(87, 87, 4, 1, NULL, NULL),
(88, 88, 4, 1, NULL, NULL),
(89, 89, 2, 1, NULL, NULL),
(90, 90, 4, 1, NULL, NULL),
(91, 91, 8, 1, NULL, NULL),
(92, 92, 4, 1, NULL, NULL),
(93, 93, 5, 1, NULL, NULL),
(94, 94, 4, 1, NULL, NULL),
(95, 95, 4, 1, NULL, NULL),
(96, 96, 1, 1, NULL, NULL),
(97, 97, 5, 1, NULL, NULL),
(98, 98, 9, 1, NULL, NULL),
(99, 99, 4, 1, NULL, NULL),
(100, 100, 1, 1, NULL, NULL),
(101, 101, 5, 1, NULL, NULL),
(102, 102, 8, 1, NULL, NULL),
(103, 103, 4, 1, NULL, NULL),
(104, 104, 7, 1, NULL, NULL),
(105, 105, 7, 1, NULL, NULL),
(106, 106, 7, 1, NULL, NULL),
(107, 107, 5, 1, NULL, NULL),
(108, 108, 10, 1, NULL, NULL),
(109, 109, 7, 1, NULL, NULL),
(110, 110, 7, 1, NULL, NULL),
(111, 111, 7, 1, NULL, NULL),
(112, 112, 4, 1, NULL, NULL),
(113, 113, 7, 1, NULL, NULL),
(114, 114, 7, 1, NULL, NULL),
(115, 115, 7, 1, NULL, NULL),
(116, 116, 7, 1, NULL, NULL),
(117, 117, 7, 1, NULL, NULL),
(118, 118, 7, 1, NULL, NULL),
(119, 119, 7, 1, NULL, NULL),
(120, 120, 5, 1, NULL, NULL),
(121, 121, 5, 1, NULL, NULL),
(122, 122, 7, 1, NULL, NULL),
(123, 123, 8, 1, NULL, NULL),
(124, 124, 5, 1, NULL, NULL),
(125, 125, 5, 1, NULL, NULL),
(126, 126, 1, 1, NULL, NULL),
(127, 127, 7, 1, NULL, NULL),
(128, 128, 9, 1, NULL, NULL),
(129, 129, 4, 1, NULL, NULL),
(130, 130, 4, 1, NULL, NULL),
(131, 131, 8, 1, NULL, NULL),
(132, 132, 10, 1, NULL, NULL),
(133, 133, 7, 1, NULL, NULL),
(134, 134, 7, 1, NULL, NULL),
(135, 135, 7, 1, NULL, NULL),
(136, 136, 7, 1, NULL, NULL),
(137, 137, 2, 1, NULL, NULL),
(138, 138, 10, 1, NULL, NULL),
(139, 139, 10, 1, NULL, NULL),
(140, 140, 7, 1, NULL, NULL),
(141, 141, 4, 1, NULL, NULL),
(142, 142, 7, 1, NULL, NULL),
(143, 143, 4, 1, NULL, NULL),
(144, 144, 4, 1, NULL, NULL),
(145, 145, 4, 1, NULL, NULL),
(146, 146, 4, 1, NULL, NULL),
(147, 147, 4, 1, NULL, NULL),
(148, 148, 4, 1, NULL, NULL),
(149, 149, 5, 1, NULL, NULL),
(151, 151, 5, 1, NULL, NULL),
(152, 152, 7, 1, NULL, NULL),
(153, 153, 4, 1, NULL, NULL),
(154, 154, 4, 1, NULL, NULL),
(155, 155, 7, 1, NULL, NULL),
(156, 156, 7, 1, NULL, NULL),
(157, 157, 7, 1, NULL, NULL),
(158, 158, 7, 1, NULL, NULL),
(159, 159, 3, 1, NULL, NULL),
(160, 160, 9, 1, NULL, NULL),
(161, 161, 4, 1, NULL, NULL),
(162, 162, 1, 1, NULL, NULL),
(163, 163, 1, 1, NULL, NULL),
(165, 165, 3, 1, NULL, NULL),
(166, 166, 8, 1, NULL, NULL),
(167, 167, 8, 1, NULL, NULL),
(168, 168, 5, 1, NULL, NULL),
(169, 169, 13, 1, NULL, NULL),
(170, 170, 1, 1, NULL, NULL),
(171, 171, 4, 1, NULL, NULL),
(172, 172, 8, 1, NULL, NULL),
(173, 173, 4, 1, NULL, NULL),
(174, 174, 4, 1, NULL, NULL),
(175, 175, 3, 1, NULL, NULL),
(176, 176, 2, 1, NULL, NULL),
(177, 177, 10, 1, NULL, NULL),
(178, 178, 7, 1, NULL, NULL),
(179, 179, 2, 1, NULL, NULL),
(180, 180, 3, 1, NULL, NULL),
(181, 181, 2, 1, NULL, NULL),
(182, 182, 3, 1, NULL, NULL),
(183, 183, 3, 1, NULL, NULL),
(184, 184, 3, 1, NULL, NULL),
(185, 185, 2, 1, NULL, NULL),
(186, 186, 3, 1, NULL, NULL),
(187, 187, 7, 1, NULL, NULL),
(188, 188, 2, 1, NULL, NULL),
(189, 189, 2, 1, NULL, NULL),
(190, 190, 7, 1, NULL, NULL),
(191, 191, 5, 1, NULL, NULL),
(192, 192, 3, 1, NULL, NULL),
(193, 193, 1, 1, NULL, NULL),
(194, 194, 5, 1, NULL, NULL),
(195, 195, 5, 1, NULL, NULL),
(196, 196, 5, 1, NULL, NULL),
(197, 197, 4, 1, NULL, NULL),
(198, 198, 8, 1, NULL, NULL),
(199, 199, 8, 1, NULL, NULL),
(200, 200, 3, 1, NULL, NULL),
(201, 201, 10, 1, NULL, NULL),
(202, 202, 4, 1, NULL, NULL),
(203, 203, 4, 1, NULL, NULL),
(204, 204, 3, 1, NULL, NULL),
(205, 205, 3, 1, NULL, NULL),
(206, 206, 3, 1, NULL, NULL),
(207, 207, 7, 1, NULL, NULL),
(208, 208, 1, 1, NULL, NULL),
(209, 209, 3, 1, NULL, NULL),
(210, 210, 2, 1, NULL, NULL),
(211, 211, 2, 1, NULL, NULL),
(212, 212, 4, 1, NULL, NULL),
(213, 213, 3, 1, NULL, NULL),
(214, 214, 1, 1, NULL, NULL),
(215, 215, 1, 1, NULL, NULL),
(216, 216, 2, 1, NULL, NULL),
(217, 217, 2, 1, NULL, NULL),
(218, 218, 4, 1, NULL, NULL),
(219, 219, 3, 1, NULL, NULL),
(220, 220, 1, 1, NULL, NULL),
(221, 221, 3, 1, NULL, NULL),
(222, 222, 3, 1, NULL, NULL),
(223, 223, 1, 1, NULL, NULL),
(224, 224, 3, 1, NULL, NULL),
(225, 225, 1, 1, NULL, NULL),
(226, 226, 1, 1, NULL, NULL),
(227, 227, 5, 1, NULL, NULL),
(228, 228, 3, 1, NULL, NULL),
(229, 229, 1, 1, NULL, NULL),
(230, 230, 2, 1, NULL, NULL),
(231, 150, 7, 1, NULL, NULL),
(232, 231, 2, 1, NULL, NULL),
(233, 232, 7, 1, NULL, NULL),
(234, 233, 3, 1, NULL, NULL),
(235, 234, 2, 1, NULL, NULL),
(236, 235, 1, 1, NULL, NULL),
(237, 236, 1, 1, NULL, NULL),
(238, 237, 10, 1, NULL, NULL),
(239, 238, 10, 1, NULL, NULL),
(240, 239, 7, 1, NULL, NULL),
(241, 240, 7, 1, NULL, NULL),
(242, 241, 4, 1, NULL, NULL),
(243, 242, 10, 1, NULL, NULL),
(244, 243, 5, 1, NULL, NULL),
(245, 244, 12, 1, NULL, NULL),
(246, 245, 3, 1, NULL, NULL),
(247, 246, 9, 1, NULL, NULL),
(248, 247, 2, 1, NULL, NULL),
(249, 248, 12, 1, NULL, NULL);

-- --------------------------------------------------------

--
-- Структура таблицы `athlete_department`
--
-- Создание: Сен 29 2022 г., 14:12
--

DROP TABLE IF EXISTS `athlete_department`;
CREATE TABLE `athlete_department` (
  `id` bigint(20) UNSIGNED NOT NULL,
  `athlete_id` bigint(20) UNSIGNED NOT NULL,
  `department_id` bigint(20) UNSIGNED NOT NULL,
  `created_at` timestamp NULL DEFAULT NULL,
  `updated_at` timestamp NULL DEFAULT NULL
) ENGINE=InnoDB DEFAULT CHARSET=utf8mb4 COLLATE=utf8mb4_unicode_ci;

-- --------------------------------------------------------

--
-- Структура таблицы `athlete_group`
--
-- Создание: Сен 29 2022 г., 14:12
--

DROP TABLE IF EXISTS `athlete_group`;
CREATE TABLE `athlete_group` (
  `id` bigint(20) UNSIGNED NOT NULL,
  `athlete_id` bigint(20) UNSIGNED NOT NULL,
  `group_id` bigint(20) UNSIGNED NOT NULL,
  `created_at` timestamp NULL DEFAULT NULL,
  `updated_at` timestamp NULL DEFAULT NULL
) ENGINE=InnoDB DEFAULT CHARSET=utf8mb4 COLLATE=utf8mb4_unicode_ci;

-- --------------------------------------------------------

--
-- Структура таблицы `athlete_parented`
--
-- Создание: Сен 29 2022 г., 14:12
--

DROP TABLE IF EXISTS `athlete_parented`;
CREATE TABLE `athlete_parented` (
  `id` bigint(20) UNSIGNED NOT NULL,
  `athlete_id` bigint(20) UNSIGNED NOT NULL,
  `parented_id` bigint(20) UNSIGNED NOT NULL,
  `parented_type` int(11) DEFAULT NULL,
  `created_at` timestamp NULL DEFAULT NULL,
  `updated_at` timestamp NULL DEFAULT NULL
) ENGINE=InnoDB DEFAULT CHARSET=utf8mb4 COLLATE=utf8mb4_unicode_ci;

--
-- Дамп данных таблицы `athlete_parented`
--

INSERT INTO `athlete_parented` (`id`, `athlete_id`, `parented_id`, `parented_type`, `created_at`, `updated_at`) VALUES
(1, 1, 2, 1, NULL, NULL),
(2, 2, 4, 1, NULL, NULL),
(3, 3, 6, 1, NULL, NULL),
(4, 4, 7, 1, NULL, NULL),
(5, 5, 8, 1, NULL, NULL),
(6, 6, 8, 1, NULL, NULL),
(7, 7, 9, 1, NULL, NULL),
(8, 8, 9, 1, NULL, NULL),
(9, 9, 10, 1, NULL, NULL),
(10, 10, 11, 1, NULL, NULL),
(11, 11, 12, 1, NULL, NULL),
(12, 12, 14, 1, NULL, NULL),
(13, 13, 13, 1, NULL, NULL),
(14, 14, 19, 1, NULL, NULL),
(15, 15, 20, 1, NULL, NULL),
(16, 16, 16, 1, NULL, NULL),
(17, 17, 23, 1, NULL, NULL),
(18, 18, 23, 1, NULL, NULL),
(19, 19, 15, 1, NULL, NULL),
(20, 20, 24, 1, NULL, NULL),
(21, 21, 25, 1, NULL, NULL),
(22, 22, 34, 1, NULL, NULL),
(23, 23, 36, 1, NULL, NULL),
(24, 24, 38, 1, NULL, NULL),
(25, 25, 38, 1, NULL, NULL),
(26, 26, 35, 1, NULL, NULL),
(27, 27, 39, 1, NULL, NULL),
(28, 28, 39, 1, NULL, NULL),
(29, 29, 40, 1, NULL, NULL),
(30, 30, 19, 1, NULL, NULL),
(31, 31, 41, 1, NULL, NULL),
(32, 32, 42, 1, NULL, NULL),
(33, 33, 43, 1, NULL, NULL),
(34, 34, 44, 1, NULL, NULL),
(35, 35, 46, 1, NULL, NULL),
(36, 36, 48, 1, NULL, NULL),
(37, 37, 51, 1, NULL, NULL),
(38, 38, 51, 1, NULL, NULL),
(39, 39, 53, 1, NULL, NULL),
(40, 40, 53, 1, NULL, NULL),
(41, 41, 50, 1, NULL, NULL),
(42, 42, 54, 1, NULL, NULL),
(43, 43, 45, 1, NULL, NULL),
(44, 44, 47, 1, NULL, NULL),
(45, 45, 55, 1, NULL, NULL),
(46, 46, 55, 1, NULL, NULL),
(47, 47, 37, 1, NULL, NULL),
(48, 48, 102, 1, NULL, NULL),
(49, 49, 57, 1, NULL, NULL),
(50, 50, 58, 1, NULL, NULL),
(51, 51, 59, 1, NULL, NULL),
(52, 52, 61, 1, NULL, NULL),
(53, 53, 61, 1, NULL, NULL),
(54, 54, 63, 1, NULL, NULL),
(55, 55, 63, 1, NULL, NULL),
(56, 56, 65, 1, NULL, NULL),
(57, 57, 67, 1, NULL, NULL),
(58, 58, 69, 1, NULL, NULL),
(59, 59, 69, 1, NULL, NULL),
(60, 60, 70, 1, NULL, NULL),
(61, 61, 71, 1, NULL, NULL),
(63, 63, 72, 1, NULL, NULL),
(64, 64, 62, 1, NULL, NULL),
(65, 65, 73, 1, NULL, NULL),
(66, 66, 75, 1, NULL, NULL),
(67, 67, 76, 1, NULL, NULL),
(68, 68, 33, 1, NULL, NULL),
(69, 69, 78, 1, NULL, NULL),
(70, 70, 77, 1, NULL, NULL),
(71, 71, 74, 1, NULL, NULL),
(72, 72, 79, 1, NULL, NULL),
(73, 73, 80, 1, NULL, NULL),
(76, 76, 83, 1, NULL, NULL),
(77, 77, 83, 1, NULL, NULL),
(78, 78, 84, 1, NULL, NULL),
(79, 79, 85, 1, NULL, NULL),
(80, 80, 87, 1, NULL, NULL),
(81, 81, 40, 1, NULL, NULL),
(82, 82, 88, 1, NULL, NULL),
(83, 83, 89, 1, NULL, NULL),
(84, 84, 90, 1, NULL, NULL),
(85, 85, 91, 1, NULL, NULL),
(86, 86, 92, 1, NULL, NULL),
(87, 87, 93, 1, NULL, NULL),
(88, 88, 94, 1, NULL, NULL),
(89, 89, 95, 1, NULL, NULL),
(90, 90, 97, 1, NULL, NULL),
(91, 91, 96, 1, NULL, NULL),
(92, 92, 98, 1, NULL, NULL),
(93, 93, 99, 1, NULL, NULL),
(94, 94, 100, 1, NULL, NULL),
(95, 95, 60, 1, NULL, NULL),
(96, 96, 105, 1, NULL, NULL),
(97, 97, 106, 1, NULL, NULL),
(98, 98, 66, 1, NULL, NULL),
(99, 99, 107, 1, NULL, NULL),
(100, 100, 108, 1, NULL, NULL),
(101, 101, 17, 1, NULL, NULL),
(102, 102, 101, 1, NULL, NULL),
(103, 103, 109, 1, NULL, NULL),
(104, 104, 111, 1, NULL, NULL),
(105, 105, 111, 1, NULL, NULL),
(106, 106, 115, 1, NULL, NULL),
(107, 107, 116, 1, NULL, NULL),
(108, 108, 114, 1, NULL, NULL),
(109, 109, 113, 1, NULL, NULL),
(110, 110, 113, 1, NULL, NULL),
(111, 111, 117, 1, NULL, NULL),
(112, 112, 118, 1, NULL, NULL),
(113, 113, 119, 1, NULL, NULL),
(114, 114, 120, 1, NULL, NULL),
(115, 115, 121, 1, NULL, NULL),
(116, 116, 122, 1, NULL, NULL),
(117, 117, 123, 1, NULL, NULL),
(118, 118, 123, 1, NULL, NULL),
(119, 119, 122, 1, NULL, NULL),
(120, 120, 124, 1, NULL, NULL),
(121, 121, 125, 1, NULL, NULL),
(122, 122, 127, 1, NULL, NULL),
(123, 123, 128, 1, NULL, NULL),
(124, 124, 129, 1, NULL, NULL),
(125, 125, 129, 1, NULL, NULL),
(126, 126, 64, 1, NULL, NULL),
(127, 127, 132, 1, NULL, NULL),
(128, 128, 133, 1, NULL, NULL),
(129, 129, 134, 1, NULL, NULL),
(130, 130, 135, 1, NULL, NULL),
(131, 131, 136, 1, NULL, NULL),
(132, 132, 137, 1, NULL, NULL),
(133, 133, 139, 1, NULL, NULL),
(134, 134, 139, 1, NULL, NULL),
(135, 135, 140, 1, NULL, NULL),
(136, 136, 142, 1, NULL, NULL),
(137, 137, 110, 1, NULL, NULL),
(138, 138, 143, 1, NULL, NULL),
(139, 139, 144, 1, NULL, NULL),
(140, 140, 146, 1, NULL, NULL),
(141, 141, 145, 1, NULL, NULL),
(142, 142, 147, 1, NULL, NULL),
(143, 143, 149, 1, NULL, NULL),
(144, 144, 151, 1, NULL, NULL),
(145, 145, 151, 1, NULL, NULL),
(146, 146, 155, 1, NULL, NULL),
(147, 147, 156, 1, NULL, NULL),
(148, 148, 152, 1, NULL, NULL),
(149, 149, 157, 1, NULL, NULL),
(150, 150, 158, 1, NULL, NULL),
(151, 151, 159, 1, NULL, NULL),
(152, 152, 160, 1, NULL, NULL),
(153, 153, 161, 1, NULL, NULL),
(154, 154, 162, 1, NULL, NULL),
(155, 155, 163, 1, NULL, NULL),
(156, 156, 164, 1, NULL, NULL),
(157, 157, 165, 1, NULL, NULL),
(158, 158, 166, 1, NULL, NULL),
(159, 159, 168, 1, NULL, NULL),
(160, 160, 169, 1, NULL, NULL),
(161, 161, 171, 1, NULL, NULL),
(162, 162, 172, 1, NULL, NULL),
(163, 163, 172, 1, NULL, NULL),
(165, 165, 175, 1, NULL, NULL),
(166, 166, 176, 1, NULL, NULL),
(167, 167, 177, 1, NULL, NULL),
(168, 168, 178, 1, NULL, NULL),
(169, 169, 179, 1, NULL, NULL),
(170, 170, 180, 1, NULL, NULL),
(171, 171, 181, 1, NULL, NULL),
(172, 172, 182, 1, NULL, NULL),
(173, 173, 186, 1, NULL, NULL),
(174, 174, 187, 1, NULL, NULL),
(175, 175, 188, 1, NULL, NULL),
(176, 176, 189, 1, NULL, NULL),
(177, 177, 173, 1, NULL, NULL),
(178, 178, 193, 1, NULL, NULL),
(179, 179, 198, 1, NULL, NULL),
(180, 180, 199, 1, NULL, NULL),
(181, 181, 197, 1, NULL, NULL),
(182, 182, 200, 1, NULL, NULL),
(183, 183, 191, 1, NULL, NULL),
(184, 184, 202, 1, NULL, NULL),
(185, 185, 190, 1, NULL, NULL),
(186, 186, 204, 1, NULL, NULL),
(187, 187, 206, 1, NULL, NULL),
(188, 188, 207, 1, NULL, NULL),
(189, 189, 205, 1, NULL, NULL),
(190, 190, 211, 1, NULL, NULL),
(191, 191, 209, 1, NULL, NULL),
(192, 192, 210, 1, NULL, NULL),
(193, 193, 167, 1, NULL, NULL),
(194, 194, 213, 1, NULL, NULL),
(195, 195, 214, 1, NULL, NULL),
(196, 196, 56, 1, NULL, NULL),
(197, 197, 184, 1, NULL, NULL),
(198, 198, 215, 1, NULL, NULL),
(199, 199, 217, 1, NULL, NULL),
(200, 200, 218, 1, NULL, NULL),
(201, 201, 148, 1, NULL, NULL),
(202, 202, 223, 1, NULL, NULL),
(203, 203, 223, 1, NULL, NULL),
(204, 204, 194, 1, NULL, NULL),
(205, 205, 224, 1, NULL, NULL),
(206, 206, 224, 1, NULL, NULL),
(207, 207, 225, 1, NULL, NULL),
(208, 208, 227, 1, NULL, NULL),
(209, 209, 226, 1, NULL, NULL),
(210, 210, 241, 1, NULL, NULL),
(211, 211, 241, 1, NULL, NULL),
(212, 212, 242, 1, NULL, NULL),
(213, 213, 28, 1, NULL, NULL),
(214, 214, 112, 1, NULL, NULL),
(215, 215, 112, 1, NULL, NULL),
(216, 216, 244, 1, NULL, NULL),
(217, 217, 245, 1, NULL, NULL),
(218, 218, 247, 1, NULL, NULL),
(219, 219, 248, 1, NULL, NULL),
(220, 220, 30, 1, NULL, NULL),
(221, 221, 201, 1, NULL, NULL),
(222, 222, 252, 1, NULL, NULL),
(223, 223, 249, 1, NULL, NULL),
(224, 224, 256, 1, NULL, NULL),
(225, 225, 257, 1, NULL, NULL),
(226, 226, 258, 1, NULL, NULL),
(227, 227, 262, 1, NULL, NULL),
(228, 228, 263, 1, NULL, NULL),
(229, 229, 259, 1, NULL, NULL),
(230, 230, 269, 1, NULL, NULL),
(231, 231, 272, 1, NULL, NULL),
(232, 232, 271, 1, NULL, NULL),
(233, 233, 255, 1, NULL, NULL),
(234, 234, 276, 1, NULL, NULL),
(235, 235, 270, 1, NULL, NULL),
(236, 236, 278, 1, NULL, NULL),
(237, 237, 279, 1, NULL, NULL),
(238, 238, 279, 1, NULL, NULL),
(239, 239, 280, 1, NULL, NULL),
(240, 240, 281, 1, NULL, NULL),
(241, 241, 243, 1, NULL, NULL),
(242, 242, 253, 1, NULL, NULL),
(243, 243, 282, 1, NULL, NULL),
(244, 245, 284, 1, NULL, NULL),
(245, 246, 285, 1, NULL, NULL),
(246, 247, 286, 1, NULL, NULL),
(247, 248, 288, 1, NULL, NULL);

-- --------------------------------------------------------

--
-- Структура таблицы `athlete_sportkval`
--
-- Создание: Ноя 23 2022 г., 07:20
--

DROP TABLE IF EXISTS `athlete_sportkval`;
CREATE TABLE `athlete_sportkval` (
  `id` bigint(20) UNSIGNED NOT NULL,
  `athlete_id` bigint(20) NOT NULL,
  `sportkval_id` bigint(20) NOT NULL,
  `created_at` timestamp NULL DEFAULT NULL,
  `updated_at` timestamp NULL DEFAULT NULL
) ENGINE=InnoDB DEFAULT CHARSET=utf8mb4 COLLATE=utf8mb4_unicode_ci;

--
-- Дамп данных таблицы `athlete_sportkval`
--

INSERT INTO `athlete_sportkval` (`id`, `athlete_id`, `sportkval_id`, `created_at`, `updated_at`) VALUES
(1, 201, 1, NULL, NULL),
(2, 202, 1, NULL, NULL),
(3, 203, 1, NULL, NULL),
(4, 204, 1, NULL, NULL),
(5, 205, 1, NULL, NULL),
(6, 206, 1, NULL, NULL),
(7, 207, 1, NULL, NULL),
(8, 208, 1, NULL, NULL),
(9, 209, 1, NULL, NULL),
(10, 210, 1, NULL, NULL),
(11, 211, 1, NULL, NULL),
(12, 212, 1, NULL, NULL),
(13, 213, 1, NULL, NULL),
(14, 214, 1, NULL, NULL),
(15, 215, 1, NULL, NULL),
(16, 216, 1, NULL, NULL),
(17, 217, 1, NULL, NULL),
(18, 218, 1, NULL, NULL),
(19, 219, 1, NULL, NULL),
(20, 220, 1, NULL, NULL),
(21, 221, 1, NULL, NULL),
(22, 222, 1, NULL, NULL),
(23, 223, 1, NULL, NULL),
(24, 224, 1, NULL, NULL),
(25, 225, 1, NULL, NULL),
(26, 226, 1, NULL, NULL),
(27, 227, 1, NULL, NULL),
(28, 228, 1, NULL, NULL),
(29, 229, 1, NULL, NULL),
(30, 230, 1, NULL, NULL),
(31, 231, 1, NULL, NULL),
(32, 232, 1, NULL, NULL),
(33, 233, 1, NULL, NULL),
(34, 234, 1, NULL, NULL),
(35, 235, 1, NULL, NULL),
(36, 236, 1, NULL, NULL),
(37, 237, 1, NULL, NULL),
(38, 238, 1, NULL, NULL),
(39, 239, 1, NULL, NULL),
(40, 240, 1, NULL, NULL),
(41, 241, 1, NULL, NULL),
(42, 242, 1, NULL, NULL),
(43, 243, 1, NULL, NULL),
(44, 244, 1, NULL, NULL),
(45, 245, 1, NULL, NULL),
(46, 246, 1, NULL, NULL),
(47, 247, 1, NULL, NULL),
(48, 248, 1, NULL, NULL);

-- --------------------------------------------------------

--
-- Структура таблицы `athlete_tehkval`
--
-- Создание: Ноя 23 2022 г., 07:20
--

DROP TABLE IF EXISTS `athlete_tehkval`;
CREATE TABLE `athlete_tehkval` (
  `id` bigint(20) UNSIGNED NOT NULL,
  `athlete_id` bigint(20) NOT NULL,
  `tehkval_id` bigint(20) NOT NULL,
  `created_at` timestamp NULL DEFAULT NULL,
  `updated_at` timestamp NULL DEFAULT NULL
) ENGINE=InnoDB DEFAULT CHARSET=utf8mb4 COLLATE=utf8mb4_unicode_ci;

--
-- Дамп данных таблицы `athlete_tehkval`
--

INSERT INTO `athlete_tehkval` (`id`, `athlete_id`, `tehkval_id`, `created_at`, `updated_at`) VALUES
(1, 14, 1, NULL, NULL),
(2, 15, 1, NULL, NULL),
(3, 16, 1, NULL, NULL),
(4, 17, 1, NULL, NULL),
(5, 18, 1, NULL, NULL),
(6, 19, 1, NULL, NULL),
(7, 20, 1, NULL, NULL),
(8, 21, 1, NULL, NULL),
(9, 22, 1, NULL, NULL),
(10, 23, 1, NULL, NULL),
(11, 24, 1, NULL, NULL),
(12, 25, 1, NULL, NULL),
(13, 26, 1, NULL, NULL),
(14, 27, 1, NULL, NULL),
(15, 28, 1, NULL, NULL),
(16, 29, 1, NULL, NULL),
(17, 30, 1, NULL, NULL),
(18, 31, 1, NULL, NULL),
(19, 32, 1, NULL, NULL),
(20, 33, 1, NULL, NULL),
(21, 34, 1, NULL, NULL),
(22, 35, 1, NULL, NULL),
(23, 36, 1, NULL, NULL),
(24, 37, 1, NULL, NULL),
(25, 38, 1, NULL, NULL),
(26, 39, 1, NULL, NULL),
(27, 40, 1, NULL, NULL),
(28, 41, 1, NULL, NULL),
(29, 42, 1, NULL, NULL),
(30, 43, 1, NULL, NULL),
(31, 44, 1, NULL, NULL),
(32, 45, 1, NULL, NULL),
(33, 46, 1, NULL, NULL),
(34, 47, 1, NULL, NULL),
(35, 48, 1, NULL, NULL),
(36, 49, 1, NULL, NULL),
(37, 50, 1, NULL, NULL),
(38, 51, 1, NULL, NULL),
(39, 52, 1, NULL, NULL),
(40, 53, 1, NULL, NULL),
(41, 54, 1, NULL, NULL),
(42, 55, 1, NULL, NULL),
(43, 56, 1, NULL, NULL),
(44, 57, 1, NULL, NULL),
(45, 58, 1, NULL, NULL),
(46, 59, 1, NULL, NULL),
(47, 60, 1, NULL, NULL),
(48, 61, 1, NULL, NULL),
(49, 62, 1, NULL, NULL),
(50, 63, 1, NULL, NULL),
(51, 64, 1, NULL, NULL),
(52, 65, 1, NULL, NULL),
(53, 66, 1, NULL, NULL),
(54, 67, 1, NULL, NULL),
(55, 68, 1, NULL, NULL),
(56, 69, 1, NULL, NULL),
(57, 70, 1, NULL, NULL),
(58, 71, 1, NULL, NULL),
(59, 72, 1, NULL, NULL),
(60, 73, 1, NULL, NULL),
(61, 74, 1, NULL, NULL),
(62, 75, 1, NULL, NULL),
(63, 76, 1, NULL, NULL),
(64, 77, 1, NULL, NULL),
(65, 78, 1, NULL, NULL),
(66, 79, 1, NULL, NULL),
(67, 80, 1, NULL, NULL),
(68, 1, 1, NULL, NULL),
(69, 2, 1, NULL, NULL),
(70, 3, 1, NULL, NULL),
(71, 4, 1, NULL, NULL),
(72, 5, 1, NULL, NULL),
(73, 6, 1, NULL, NULL),
(74, 7, 1, NULL, NULL),
(75, 8, 1, NULL, NULL),
(76, 9, 1, NULL, NULL),
(77, 10, 1, NULL, NULL),
(78, 11, 1, NULL, NULL),
(79, 12, 1, NULL, NULL),
(80, 13, 1, NULL, NULL),
(81, 81, 1, NULL, NULL),
(82, 82, 1, NULL, NULL),
(83, 83, 1, NULL, NULL),
(84, 84, 1, NULL, NULL),
(85, 85, 1, NULL, NULL),
(86, 86, 1, NULL, NULL),
(87, 87, 1, NULL, NULL),
(88, 88, 1, NULL, NULL),
(89, 89, 1, NULL, NULL),
(90, 90, 1, NULL, NULL),
(91, 91, 1, NULL, NULL),
(92, 92, 1, NULL, NULL),
(93, 93, 1, NULL, NULL),
(94, 94, 1, NULL, NULL),
(95, 95, 1, NULL, NULL),
(96, 96, 1, NULL, NULL),
(97, 97, 1, NULL, NULL),
(98, 98, 1, NULL, NULL),
(99, 99, 1, NULL, NULL),
(100, 100, 1, NULL, NULL),
(101, 101, 1, NULL, NULL),
(102, 102, 1, NULL, NULL),
(103, 103, 1, NULL, NULL),
(104, 104, 1, NULL, NULL),
(105, 105, 1, NULL, NULL),
(106, 106, 1, NULL, NULL),
(107, 107, 1, NULL, NULL),
(108, 108, 1, NULL, NULL),
(109, 109, 1, NULL, NULL),
(110, 110, 1, NULL, NULL),
(111, 111, 1, NULL, NULL),
(112, 112, 1, NULL, NULL),
(113, 113, 1, NULL, NULL),
(114, 114, 1, NULL, NULL),
(115, 115, 1, NULL, NULL),
(116, 116, 1, NULL, NULL),
(117, 117, 1, NULL, NULL),
(118, 118, 1, NULL, NULL),
(119, 119, 1, NULL, NULL),
(120, 120, 1, NULL, NULL),
(121, 121, 1, NULL, NULL),
(122, 122, 1, NULL, NULL),
(123, 123, 1, NULL, NULL),
(124, 124, 1, NULL, NULL),
(125, 125, 1, NULL, NULL),
(126, 126, 1, NULL, NULL),
(127, 127, 1, NULL, NULL),
(128, 128, 1, NULL, NULL),
(129, 129, 1, NULL, NULL),
(130, 130, 1, NULL, NULL),
(131, 131, 1, NULL, NULL),
(132, 132, 1, NULL, NULL),
(133, 133, 1, NULL, NULL),
(134, 134, 1, NULL, NULL),
(135, 135, 1, NULL, NULL),
(136, 136, 1, NULL, NULL),
(137, 137, 1, NULL, NULL),
(138, 138, 1, NULL, NULL),
(139, 139, 1, NULL, NULL),
(140, 140, 1, NULL, NULL),
(141, 141, 1, NULL, NULL),
(142, 142, 1, NULL, NULL),
(143, 143, 1, NULL, NULL),
(144, 144, 1, NULL, NULL),
(145, 145, 1, NULL, NULL),
(146, 146, 1, NULL, NULL),
(147, 147, 1, NULL, NULL),
(148, 148, 1, NULL, NULL),
(149, 149, 1, NULL, NULL),
(150, 150, 1, NULL, NULL),
(151, 151, 1, NULL, NULL),
(152, 152, 1, NULL, NULL),
(153, 153, 1, NULL, NULL),
(154, 154, 1, NULL, NULL),
(155, 155, 1, NULL, NULL),
(156, 156, 1, NULL, NULL),
(157, 157, 1, NULL, NULL),
(158, 158, 1, NULL, NULL),
(159, 159, 1, NULL, NULL),
(160, 160, 1, NULL, NULL),
(161, 161, 1, NULL, NULL),
(162, 162, 1, NULL, NULL),
(163, 163, 1, NULL, NULL),
(164, 164, 1, NULL, NULL),
(165, 165, 1, NULL, NULL),
(166, 166, 1, NULL, NULL),
(167, 167, 1, NULL, NULL),
(168, 168, 1, NULL, NULL),
(169, 169, 1, NULL, NULL),
(170, 170, 1, NULL, NULL),
(171, 171, 1, NULL, NULL),
(172, 172, 1, NULL, NULL),
(173, 173, 1, NULL, NULL),
(174, 174, 1, NULL, NULL),
(175, 175, 1, NULL, NULL),
(176, 176, 1, NULL, NULL),
(177, 177, 1, NULL, NULL),
(178, 178, 1, NULL, NULL),
(179, 179, 1, NULL, NULL),
(180, 180, 1, NULL, NULL),
(181, 181, 1, NULL, NULL),
(182, 182, 1, NULL, NULL),
(183, 183, 1, NULL, NULL),
(184, 184, 1, NULL, NULL),
(185, 185, 1, NULL, NULL),
(186, 186, 1, NULL, NULL),
(187, 187, 1, NULL, NULL),
(188, 188, 1, NULL, NULL),
(189, 189, 1, NULL, NULL),
(190, 190, 1, NULL, NULL),
(191, 191, 1, NULL, NULL),
(192, 192, 1, NULL, NULL),
(193, 193, 1, NULL, NULL),
(194, 194, 1, NULL, NULL),
(195, 195, 1, NULL, NULL),
(196, 196, 1, NULL, NULL),
(197, 197, 1, NULL, NULL),
(198, 198, 1, NULL, NULL),
(199, 199, 1, NULL, NULL),
(200, 200, 1, NULL, NULL),
(201, 201, 1, NULL, NULL),
(202, 202, 1, NULL, NULL),
(203, 203, 1, NULL, NULL),
(204, 204, 1, NULL, NULL),
(205, 205, 1, NULL, NULL),
(206, 206, 1, NULL, NULL),
(207, 207, 1, NULL, NULL),
(208, 208, 1, NULL, NULL),
(209, 209, 1, NULL, NULL),
(210, 210, 1, NULL, NULL),
(211, 211, 1, NULL, NULL),
(212, 212, 1, NULL, NULL),
(213, 213, 1, NULL, NULL),
(214, 214, 1, NULL, NULL),
(215, 215, 1, NULL, NULL),
(216, 216, 1, NULL, NULL),
(217, 217, 1, NULL, NULL),
(218, 218, 1, NULL, NULL),
(219, 219, 1, NULL, NULL),
(220, 220, 1, NULL, NULL),
(221, 221, 1, NULL, NULL),
(222, 222, 1, NULL, NULL),
(223, 223, 1, NULL, NULL),
(224, 224, 1, NULL, NULL),
(225, 225, 1, NULL, NULL),
(226, 226, 1, NULL, NULL),
(227, 227, 1, NULL, NULL),
(228, 228, 1, NULL, NULL),
(229, 229, 1, NULL, NULL),
(230, 68, 5, NULL, NULL),
(231, 208, 7, NULL, NULL),
(232, 226, 5, NULL, NULL),
(233, 48, 4, NULL, NULL),
(234, 225, 4, NULL, NULL),
(235, 24, 4, NULL, NULL),
(236, 84, 10, NULL, NULL),
(237, 223, 4, NULL, NULL),
(238, 220, 4, NULL, NULL),
(239, 220, 3, NULL, NULL),
(240, 44, 4, NULL, NULL),
(241, 163, 3, NULL, NULL),
(242, 36, 5, NULL, NULL),
(243, 43, 4, NULL, NULL),
(244, 227, 6, NULL, NULL),
(245, 29, 5, NULL, NULL),
(246, 45, 3, NULL, NULL),
(247, 35, 5, NULL, NULL),
(248, 22, 5, NULL, NULL),
(249, 151, 7, NULL, NULL),
(250, 216, 3, NULL, NULL),
(251, 68, 5, NULL, NULL),
(252, 226, 5, NULL, NULL),
(253, 48, 4, NULL, NULL),
(254, 225, 4, NULL, NULL),
(255, 24, 4, NULL, NULL),
(256, 84, 10, NULL, NULL),
(257, 223, 4, NULL, NULL),
(258, 220, 3, NULL, NULL),
(259, 215, 1, NULL, NULL),
(260, 36, 5, NULL, NULL),
(261, 44, 4, NULL, NULL),
(262, 163, 3, NULL, NULL),
(263, 43, 4, NULL, NULL),
(264, 208, 7, NULL, NULL),
(265, 230, 1, NULL, NULL),
(266, 207, 5, NULL, NULL),
(267, 156, 5, NULL, NULL),
(268, 48, 4, NULL, NULL),
(269, 68, 5, NULL, NULL),
(270, 24, 4, NULL, NULL),
(271, 84, 10, NULL, NULL),
(272, 223, 4, NULL, NULL),
(273, 220, 3, NULL, NULL),
(274, 163, 4, NULL, NULL),
(275, 9, 1, NULL, NULL),
(276, 36, 5, NULL, NULL),
(277, 43, 4, NULL, NULL),
(278, 136, 5, NULL, NULL),
(279, 142, 3, NULL, NULL),
(280, 150, 4, NULL, NULL),
(281, 231, 1, NULL, NULL),
(282, 232, 1, NULL, NULL),
(283, 233, 1, NULL, NULL),
(284, 234, 1, NULL, NULL),
(285, 118, 7, NULL, NULL),
(286, 117, 4, NULL, NULL),
(287, 235, 1, NULL, NULL),
(288, 234, 5, NULL, NULL),
(289, 230, 6, NULL, NULL),
(290, 181, 2, NULL, NULL),
(291, 181, 2, NULL, NULL),
(292, 236, 1, NULL, NULL),
(293, 237, 1, NULL, NULL),
(294, 238, 1, NULL, NULL),
(295, 236, 5, NULL, NULL),
(296, 236, 5, NULL, NULL),
(297, 237, 1, NULL, NULL),
(298, 139, 2, NULL, NULL),
(299, 139, 2, NULL, NULL),
(300, 139, 2, NULL, NULL),
(301, 239, 1, NULL, NULL),
(302, 235, 4, NULL, NULL),
(303, 235, 4, NULL, NULL),
(304, 240, 1, NULL, NULL),
(305, 240, 2, NULL, NULL),
(306, 239, 9, NULL, NULL),
(307, 232, 8, NULL, NULL),
(308, 241, 1, NULL, NULL),
(309, 242, 1, NULL, NULL),
(310, 243, 1, NULL, NULL),
(311, 244, 6, NULL, NULL),
(312, 213, 3, NULL, NULL),
(313, 204, 2, NULL, NULL),
(314, 186, 4, NULL, NULL),
(315, 221, 1, NULL, NULL),
(316, 221, 2, NULL, NULL),
(317, 209, 10, NULL, NULL),
(318, 182, 2, NULL, NULL),
(319, 219, 2, NULL, NULL),
(320, 233, 2, NULL, NULL),
(321, 108, 1, NULL, NULL),
(322, 243, 6, NULL, NULL),
(323, 245, 1, NULL, NULL),
(324, 245, 2, NULL, NULL),
(325, 245, 2, NULL, NULL),
(326, 246, 1, NULL, NULL),
(327, 247, 1, NULL, NULL),
(328, 248, 1, NULL, NULL);

-- --------------------------------------------------------

--
-- Структура таблицы `attestations`
--
-- Создание: Сен 29 2022 г., 14:12
--

DROP TABLE IF EXISTS `attestations`;
CREATE TABLE `attestations` (
  `id` bigint(20) UNSIGNED NOT NULL,
  `date` date NOT NULL,
  `title` varchar(255) COLLATE utf8mb4_unicode_ci NOT NULL,
  `organization_id` bigint(20) UNSIGNED NOT NULL,
  `created_at` timestamp NULL DEFAULT NULL,
  `updated_at` timestamp NULL DEFAULT NULL
) ENGINE=InnoDB DEFAULT CHARSET=utf8mb4 COLLATE=utf8mb4_unicode_ci;

-- --------------------------------------------------------

--
-- Структура таблицы `attestation_results`
--
-- Создание: Окт 26 2022 г., 07:02
--

DROP TABLE IF EXISTS `attestation_results`;
CREATE TABLE `attestation_results` (
  `id` bigint(20) UNSIGNED NOT NULL,
  `athlete_id` bigint(20) UNSIGNED NOT NULL,
  `tehkval_id` bigint(20) UNSIGNED NOT NULL,
  `sertificatenum` varchar(45) COLLATE utf8mb4_unicode_ci NOT NULL,
  `created_at` timestamp NULL DEFAULT NULL,
  `updated_at` timestamp NULL DEFAULT NULL
) ENGINE=InnoDB DEFAULT CHARSET=utf8mb4 COLLATE=utf8mb4_unicode_ci;

-- --------------------------------------------------------

--
-- Структура таблицы `birth_certificates`
--
-- Создание: Сен 29 2022 г., 14:12
--

DROP TABLE IF EXISTS `birth_certificates`;
CREATE TABLE `birth_certificates` (
  `id` bigint(20) UNSIGNED NOT NULL,
  `series` varchar(45) COLLATE utf8mb4_unicode_ci NOT NULL,
  `number` varchar(45) COLLATE utf8mb4_unicode_ci NOT NULL,
  `dateissue` date DEFAULT NULL,
  `issuedby` varchar(300) COLLATE utf8mb4_unicode_ci DEFAULT NULL,
  `scanlink` varchar(400) COLLATE utf8mb4_unicode_ci DEFAULT NULL,
  `created_at` timestamp NULL DEFAULT NULL,
  `updated_at` timestamp NULL DEFAULT NULL
) ENGINE=InnoDB DEFAULT CHARSET=utf8mb4 COLLATE=utf8mb4_unicode_ci;

--
-- Дамп данных таблицы `birth_certificates`
--

INSERT INTO `birth_certificates` (`id`, `series`, `number`, `dateissue`, `issuedby`, `scanlink`, `created_at`, `updated_at`) VALUES
(1, 'II-PK', '777951', '2014-10-16', 'отдел ЗАГС администрации Советского района Волгограда', 'athlete/5_Ермоленко_Александр/birthcertificate_Ермоленко_Александр_Антонович.jpg', '2022-09-30 07:40:03', '2022-09-30 07:40:03'),
(2, 'III-PK', '653080', '2020-08-20', '93400041 отдел загс администрации кировского района Волгограда', 'athlete/8_Маргарян_Артём/birthcertificate_Маргарян_Артём_Арменович.jpg', '2022-10-01 05:51:48', '2022-10-01 05:51:48'),
(3, '2-РК', '802795', '2014-09-02', 'Отдел ЗАГС Городищенского муниципального района Волгоградской области', 'athlete/11_Удодов_Дмитрий/birthcertificate_Удодов_Дмитрий_Андреевич.jpg', '2022-10-04 05:05:56', '2022-10-04 05:05:56'),
(4, 'II-РК', '796033', '2014-10-07', 'Отдел Загс Ворошиловского района г Волгоград', 'athlete/13_Терехов_Дмитрий/birthcertificate_Терехов_Дмитрий_Романович.jpg', '2022-10-04 05:12:03', '2022-10-04 05:12:03'),
(5, 'III-БД', '752048', '2014-01-15', 'Управление ЗАГС Администрации муниципального образования городского округа\"город Махачкала Республики Дагестан', 'athlete/18_Магомедова_Бийке/birthcertificate_Магомедова_Бийке_Алиевна.jpg', '2022-10-06 07:30:07', '2022-10-06 07:30:07'),
(6, 'III-БД', '752048', '2014-01-15', 'Управление ЗАГС Администрации муниципального образования городского округа\"город Махачкала Республики Дагестан', 'athlete/18_Магомедова_Бийке/birthcertificate_Магомедова_Бийке_Алиевна.jpg', '2022-10-06 07:32:15', '2022-10-06 07:32:15'),
(7, 'III-БД', '894740', '2015-04-08', 'Управление ЗАГС Администрации муниципального образования городского округа\"город Махачкала Республики Дагестан', 'athlete/19_Магомедов_Абдурахман/birthcertificate_Магомедов_Абдурахман_Алиевич.jpg', '2022-10-06 07:42:50', '2022-10-06 07:42:50'),
(8, 'II-PK', '712239', '2014-01-15', 'Отдел ЗАГС администрации Советского района города Волгограда', 'athlete/23_Поляков_Сергей/birthcertificate_Поляков_Сергей_Александрович.jpg', '2022-10-10 11:08:12', '2022-10-10 11:08:12'),
(9, 'II-PK', '712239', '2014-01-15', 'Отдел ЗАГС администрации Советского района города Волгограда', 'athlete/23_Поляков_Сергей/birthcertificate_Поляков_Сергей_Александрович.jpg', '2022-10-10 11:08:39', '2022-10-10 11:08:39'),
(10, 'II-РК', '778600', '2015-01-28', 'отдел ЗАГС администрации Советского района Волгограда', 'athlete/25_Морина_Мирослава/birthcertificate_Морина_Мирослава_Евгеньевна.jpg', '2022-10-10 14:41:30', '2022-10-10 14:41:30'),
(11, 'II-РК', '623310', '2011-08-04', 'отдел ЗАГС администрации Советского района Волгограда', 'athlete/28_Локтионов_Дмитрий/birthcertificate_Локтионов_Дмитрий_Алексеевич.jpg', '2022-10-12 06:54:46', '2022-10-12 06:54:46'),
(12, 'II-РК', '712526', '2014-02-27', 'Отделом Загс администрации Советского района Волгограда', 'athlete/29_Евтушенко_Александр/birthcertificate_Евтушенко_Александр_Алексеевич.jpg', '2022-10-15 02:50:29', '2022-10-15 02:50:29'),
(13, 'II-PK', '701260', '2012-09-13', 'Отдел ЗАГС администрации Дзержинского района Волгограда', 'athlete/42_Мнацаканян_Эрик/birthcertificate_Мнацаканян_Эрик_Хачикович.jpg', '2022-11-29 11:41:16', '2022-11-29 11:41:16'),
(14, 'II-РК', '839481', '2016-01-30', 'отдел ЗАГС администрации Ворошиловского района г.Волгограда', 'athlete/47_Вовченко_Егор/birthcertificate_Вовченко_Егор_Алексеевич.jpg', '2022-11-29 12:56:40', '2022-11-29 12:56:40'),
(15, 'I-HO', '585588', '2014-05-13', 'Орджоникидзевский отдел государственной регистрации актов гражданского состояния регистрационной службы Мариупольского городского управления юстиции в Донецкой области', 'athlete/48_Вояновская_Полина/birthcertificate_Вояновская_Полина_Денисовна.jpg', '2022-11-29 14:22:00', '2022-11-29 14:22:00'),
(16, '|||-РК', '599771', '2019-11-23', 'ОТДЕЛ ЗАГС 1 АДМИНИСТРАЦИИ ГОРОДСКОГО ОКРУГА -г.ВОЛЖСКИЙ ВОЛГОГРАДСКОЙ ОБЛАСТИ', 'athlete/57_Ким_Юлия/birthcertificate_Ким_Юлия_Сергеевна.jpg', '2022-11-29 14:26:15', '2022-11-29 14:26:15'),
(17, 'II-РК', '745851', '2014-05-13', 'Отдел ЗАГС администрации Центрального района Волгограда', 'athlete/53_Щербаков_Станислава/birthcertificate_Щербаков_Станислава_Станиславовна.jpg', '2022-11-30 02:14:41', '2022-11-30 02:14:41'),
(18, 'II-PK', '754894', '2014-08-06', 'отдел ЗАГС администрации Дзержинского р-на Волгограда', 'athlete/68_Романов_Артëм/birthcertificate_Романов_Артëм_Александрович.jpg', '2022-11-30 05:14:38', '2022-11-30 05:14:38'),
(19, 'II-PK', '725740', '2013-07-26', 'Отдел ЗАГС администрации Краснооктябрьского района Волгограда', 'athlete/72_Ноздрина_Вера/birthcertificate_Ноздрина_Вера_Алексеевич.jpg', '2022-11-30 06:09:34', '2022-11-30 06:09:34'),
(20, 'V - БД', '633977', '2022-03-04', 'Отдел ЗАГС Управления ЗАГС', 'athlete/74_Муртазалиев_Магомед/birthcertificate_Муртазалиев_Магомед_Рамазанович.jpg', '2022-11-30 06:42:29', '2022-11-30 06:42:29'),
(21, '|| РК', '622399', '2011-10-06', 'ОЗАГС Краснооктябрьского района г. Волгоград', 'athlete/76_Коваленко_Кирилл/birthcertificate_Коваленко_Кирилл_Александрович.jpg', '2022-11-30 06:56:12', '2022-11-30 06:56:12'),
(22, 'РК', '653371', '2012-05-12', 'Отдел ЗАГС администрации Городищенского муниципального района Волгогоградской области', 'athlete/78_Калинин_Алексей/birthcertificate_Калинин_Алексей_Валерьевич.jpg', '2022-11-30 07:47:23', '2022-11-30 07:47:23'),
(23, 'РК', '803031', '2014-11-27', 'Отдел ЗАГС администрации Городищенского муниципального района Волгогоградской области', 'athlete/79_Калинин_Павел/birthcertificate_Калинин_Павел_Валерьевич.jpg', '2022-11-30 07:57:21', '2022-11-30 07:57:21'),
(24, 'II-PK', '767972', '2014-02-07', 'отдел ЗАГС №1 администрации городского округа-г. Волжский Волгоградской области', 'athlete/86_Бологачев_Дмитрий/birthcertificate_Бологачев_Дмитрий_Дмитриевич.jpg', '2022-11-30 09:21:10', '2022-11-30 09:21:10'),
(25, 'II-РК', '741700', '2013-06-17', 'Отдел ЗАГС администрации Городищенского муниципального района Волгоградской области', 'athlete/87_Арутюнян_Тигран/birthcertificate_Арутюнян_Тигран_Арманович.jpg', '2022-11-30 09:54:35', '2022-11-30 09:54:35'),
(26, 'II-PK', '725257', '2021-06-11', 'отдел ЗАГС администрации Краснооктябрьского района Волгограда', 'athlete/89_Полий_Варвара/birthcertificate_Полий_Варвара_Сергеевна.jpg', '2022-11-30 10:43:24', '2022-11-30 10:43:24'),
(27, 'II - PK', '702738', '2013-04-17', 'Отдел ЗАГС администрации Дзержинского района Волгоград', 'athlete/92_Бондаренко_Тимур/birthcertificate_Бондаренко_Тимур_Александрович.jpg', '2022-11-30 12:40:42', '2022-11-30 12:40:42'),
(28, 'II-РК', '754529', '2014-06-18', 'отдел ЗАГС администрации Дзержинского района Волгограда', 'athlete/94_Старшов_Давыд/birthcertificate_Старшов_Давыд_Алексеевич.jpg', '2022-11-30 13:10:23', '2022-11-30 13:10:23'),
(29, 'II-РК', '673098', '2012-06-21', 'ОтделЗАГС', 'athlete/97_Гузев_Савелий/birthcertificate_Гузев_Савелий_Дмитриевич.jpg', '2022-11-30 17:56:57', '2022-11-30 17:56:57'),
(30, 'II-РК', '857861', '2016-04-13', 'Отдел ЗАГС администрации Краснооктябрьского района Волгограда', 'athlete/101_Зайцев_Михаил/birthcertificate_Зайцев_Михаил_Вадимович.jpg', '2022-12-01 03:52:55', '2022-12-01 03:52:55'),
(31, 'II-РК', '727351', '2014-04-02', 'Отдел ЗАГС администрации Краснооктябрьского района Волгограда', 'athlete/102_Зайцев_Александр/birthcertificate_Зайцев_Александр_Вадимович.jpg', '2022-12-01 03:56:30', '2022-12-01 03:56:30'),
(32, '11-РК', '653118', '2012-02-16', 'отдел ЗАГС администрации Городищенского района Волгоградской области', 'athlete/54_Панфилович_Матвей/birthcertificate_Панфилович_Матвей_Алексеевич.jpg', '2022-12-01 07:34:03', '2022-12-01 07:34:03'),
(33, 'II-PK', '745073', '2013-12-27', 'Отдел ЗАГС Центрального района Волгограда', 'athlete/81_Чекунова_Варвара/birthcertificate_Чекунова_Варвара_Александровна.jpg', '2022-12-01 10:43:48', '2022-12-01 10:43:48'),
(34, '111-РК', '708547', '2022-09-14', '93400003 отдел ЗАГС администрации Городищенского муниципального района Волгоградской области', 'athlete/107_Лебедев_Кирилл/birthcertificate_Лебедев_Кирилл_Алеесеевич.jpg', '2022-12-01 11:20:03', '2022-12-01 11:20:03'),
(35, 'II-PK', '673149', '2012-06-28', 'Отдел ЗАГС администрации Советского района Волгограда', 'athlete/110_Черкашин_Матвей/birthcertificate_Черкашин_Матвей_Максимович.jpg', '2022-12-01 13:35:49', '2022-12-01 13:35:49'),
(36, 'II-PK', '673047', '2012-06-14', 'отдел ЗАГС АДМИНИСТРАЦИИ СОВЕТСКОГО района Волгограда', 'athlete/111_Корольчук_Марина/birthcertificate_Корольчук_Марина_Петровна.jpg', '2022-12-01 13:43:43', '2022-12-01 13:43:43'),
(37, 'II-РК', '790371', '2015-01-27', 'Отдел ЗАГС администрации Дзержинского района Волгограда', 'athlete/113_Неткач_Артём/birthcertificate_Неткач_Артём_Иванович.jpg', '2022-12-01 15:43:45', '2022-12-01 15:43:45'),
(38, 'II-РК', '790371', '2015-01-27', 'Отдел ЗАГС администрации Дзержинского района Волгограда', 'athlete/114_Неткач_Артём/birthcertificate_Неткач_Артём_Иванович.jpg', '2022-12-01 15:46:24', '2022-12-01 15:46:24'),
(39, 'II-РК', '847740', '2015-10-13', 'Отдел загс администрации дзержинского района города Волгоград', 'athlete/116_Дыльнов_Евгений/birthcertificate_Дыльнов_Евгений_Романович.jpg', '2022-12-02 06:12:46', '2022-12-02 06:12:46'),
(40, '11-РК', '673574', '2012-08-28', 'Отдел ЗАГС администрации Советского района Волгограда', 'athlete/117_Аббасов_Махаммад/birthcertificate_Аббасов_Махаммад_Физулиевич.jpg', '2022-12-02 06:25:59', '2022-12-02 06:25:59'),
(41, 'II-PK', '693544', '2012-05-29', 'отдел ЗАГС администрации Тракторозаводского района г. Волгоград', 'athlete/119_Дядькин_Артем/birthcertificate_Дядькин_Артем_Дмитриевич.jpg', '2022-12-02 07:51:03', '2022-12-02 07:51:03'),
(42, 'VI-ИК', '558057', '2017-12-29', 'Домодедовский отдел ЗАГС Главного управления ЗАГС Московской области', 'athlete/121_Меркурьев_Кирилл/birthcertificate_Меркурьев_Кирилл_Алексеевич.jpg', '2022-12-02 07:59:38', '2022-12-02 07:59:38'),
(43, 'II-PK', '854063', '2016-06-27', 'ОтделЗАГС администрации Красноармейского р-на Волгограда', 'athlete/127_Большаков_Филипп/birthcertificate_Большаков_Филипп_Михайлович.jpg', '2022-12-02 09:21:03', '2022-12-02 09:21:03'),
(44, 'I- АЖ', '777822', '2012-01-26', 'Управления ЗАГС РБ', 'athlete/128_Неретин_Владислав/birthcertificate_Неретин_Владислав_Александрович.jpg', '2022-12-02 09:42:13', '2022-12-02 09:42:13'),
(45, 'I- АЖ', '777822', '2012-01-26', 'Управления ЗАГС РБ', 'athlete/132_Неретин_Владислав/birthcertificate_Неретин_Владислав_Александрович.jpg', '2022-12-02 10:38:55', '2022-12-02 10:38:55'),
(46, 'II-PK', '778814', '2015-03-03', 'Отдел ЗАГС администрации Советского района Волгограда', 'athlete/138_Нежурин_Вадим/birthcertificate_Нежурин_Вадим_Михайлович.jpg', '2022-12-02 11:45:02', '2022-12-02 11:45:02'),
(47, '2-РК', '792523', '2014-08-12', 'Отдел ЗАГС администрации Тракторозаводского района города Волгограда', 'athlete/141_Бовсуновский_Никита/birthcertificate_Бовсуновский_Никита_Сергеевич.jpg', '2022-12-02 11:45:23', '2022-12-02 11:45:23'),
(48, '||-РК', '854415', '2016-03-04', 'отдел ЗАГС администрации Тракторозаводского района Волгограда', 'athlete/140_Василевская_Мария/birthcertificate_Василевская_Мария_Евгеньевна.jpg', '2022-12-02 11:49:22', '2022-12-02 11:49:22'),
(49, 'V-МЮ', '676806', '2011-08-31', 'Таганский отдел ЗАГС Управления ЗАГС Москвы', 'athlete/137_Нежурина_Валерия/birthcertificate_Нежурина_Валерия_Михайловна.jpg', '2022-12-02 11:50:23', '2022-12-02 11:50:23'),
(50, 'II-PK', '614142', '2011-09-15', 'Отдел ЗАГС администрации Кировского района г. Волгограда', 'athlete/145_Пятышкин_Даниил/birthcertificate_Пятышкин_Даниил_Владимирович.jpg', '2022-12-02 11:51:13', '2022-12-02 11:51:13'),
(51, 'II-PK', '696916', '2013-08-07', 'Отдел ЗАГС администрации Тракторозаводского района г. Волгограда', 'athlete/149_Попов_Ярослав/birthcertificate_Попов_Ярослав_Дмитриевич.jpg', '2022-12-02 11:51:49', '2022-12-02 11:51:49'),
(52, 'II-PK', '614142', '2011-09-15', 'Отдел ЗАГС администрации Кировского района г. Волгограда', 'athlete/146_Пятышкин_Даниил/birthcertificate_Пятышкин_Даниил_Владимирович.jpg', '2022-12-02 11:54:00', '2022-12-02 11:54:00'),
(53, 'III -РК', '555304', '2010-07-06', 'отдел ЗАГС администрации Советского района', 'athlete/147_Грачев_Ярослав/birthcertificate_Грачев_Ярослав_Александрович.jpg', '2022-12-02 11:54:36', '2022-12-02 11:54:36'),
(54, 'II- РК', '721112', '2013-07-25', 'Отдел ЗАГС администрации Жирновского муниципального района Волгоградской области', 'athlete/152_Шмырев_Виктор/birthcertificate_Шмырев_Виктор_Александрович.jpg', '2022-12-02 12:09:05', '2022-12-02 12:09:05'),
(55, 'II-PK', '761082', '2014-12-11', 'Отделом ЗАГС Краснооктябрьского района', 'athlete/153_Сатдинов_Богдан/birthcertificate_Сатдинов_Богдан_Алексеевич.jpg', '2022-12-02 12:57:23', '2022-12-02 12:57:23'),
(56, 'II-РК', '747631', '2013-10-04', 'Отдел ЗАГС Красноармейского района Волгограда', 'athlete/159_Гречкин_Даниил/birthcertificate_Гречкин_Даниил_Александрович.jpg', '2022-12-02 13:21:27', '2022-12-02 13:21:27'),
(57, 'II-РК', '747631', '2013-10-04', 'Отдел ЗАГС Красноармейского района Волгограда', 'athlete/159_Гречкин_Даниил/birthcertificate_Гречкин_Даниил_Александрович.jpg', '2022-12-02 13:26:10', '2022-12-02 13:26:10'),
(58, 'II-РК', '747631', '2013-10-04', 'Отдел ЗАГС Красноармейского района Волгограда', 'athlete/159_Гречкин_Даниил/birthcertificate_Гречкин_Даниил_Александрович.jpg', '2022-12-02 13:26:54', '2022-12-02 13:26:54'),
(59, 'II-PK', '790447', '2015-02-05', 'отдел ЗАГС администрации Дзержинского района Волгограда', 'athlete/162_Ставыщенко_Макар/birthcertificate_Ставыщенко_Макар_Дмитриевич.jpg', '2022-12-02 13:38:05', '2022-12-02 13:38:05'),
(60, 'II-РК', '674512', '2013-01-31', 'Отдел ЗАГЗ администрации Советского района Волгограда', 'athlete/163_Урсов_Михаил/birthcertificate_Урсов_Михаил_Арменович.jpg', '2022-12-02 14:21:32', '2022-12-02 14:21:32'),
(61, 'II-PK', '876480', '2016-04-06', 'Отдел ЗАГС администрации Советского района Волгограда', 'athlete/166_Шувалов_Константин/birthcertificate_Шувалов_Константин_Юрьевич.jpg', '2022-12-02 14:25:58', '2022-12-02 14:25:58'),
(62, 'II-РК', '646745', '2012-02-07', 'отдел ЗАГС администрации Дзержинского района Волгограда', 'athlete/170_Маслов_Максим/birthcertificate_Маслов_Максим_Сергеевич.jpg', '2022-12-02 15:02:46', '2022-12-02 15:02:46'),
(63, 'II - PK', '620504', '2011-02-08', 'Отдел ЗАГС администрации Краснооктябрьского района г. Волгограда', 'athlete/167_Ильменский_Роман/birthcertificate_Ильменский_Роман_Александрович.jpg', '2022-12-02 15:53:40', '2022-12-02 15:53:40'),
(64, '1-ЕД', '196899', '2011-01-04', 'Жовтневый отдел государственной регистрации актов гражданского состояния Луганского городского управления юстиции', 'athlete/173_Драгунова_Вероника/birthcertificate_Драгунова_Вероника_Денисовна.jpg', '2022-12-02 15:54:34', '2022-12-02 15:54:34'),
(65, 'II-РК', '710412', '2014-01-31', 'Отдел ЗАГС администрации Кировского района Волгограда', 'athlete/179_Токарев_Дмитрий/birthcertificate_Токарев_Дмитрий_Сергеевич.jpg', '2022-12-03 02:35:39', '2022-12-03 02:35:39'),
(66, 'II-PK', '573405', '2011-01-19', 'Отделом ЗАГС администрации Советского района Волгограда', 'athlete/181_Нерушаева_София/birthcertificate_Нерушаева_София_Борисовна.jpg', '2022-12-03 03:26:33', '2022-12-03 03:26:33'),
(67, 'II-PK', '710431', '2014-02-05', 'ОТДЕЛ ЗАГС администрации Кировского района Волгограда', 'athlete/190_Протопопова_Софья/birthcertificate_Протопопова_Софья_Михайловна.jpg', '2022-12-03 09:04:06', '2022-12-03 09:04:06'),
(68, 'II -РК', '712273', '2014-01-21', 'Отдел ЗАГС администрации Советского района Волгограда', 'athlete/191_Киляков_Егор/birthcertificate_Киляков_Егор_Александрович.jpg', '2022-12-03 09:04:46', '2022-12-03 09:04:46'),
(69, '11-РК', '518080', '2009-06-16', 'Отделом ЗАГС Администрации Советского района г.  Волгограда', 'athlete/193_Мелихов_Денис/birthcertificate_Мелихов_Денис_Владимирович.jpg', '2022-12-03 10:45:23', '2022-12-03 10:45:23'),
(70, 'II-PK', '777275', '2014-07-08', 'Отдел ЗАГС  администрации советского района Волгограда', 'athlete/195_Котрунов_Дэмис/birthcertificate_Котрунов_Дэмис_Романович.jpg', '2022-12-03 10:54:59', '2022-12-03 10:54:59'),
(71, 'II-PK', '743473', '2013-04-11', 'Отдел ЗАГС Администрации центрального района Волгограда', 'athlete/197_Манько_Михаил/birthcertificate_Манько_Михаил_Сергеевич.jpg', '2022-12-03 11:07:04', '2022-12-03 11:07:04'),
(72, 'II-PK', '841666', '2015-12-09', 'Отдел ЗАГС администрации кировского района г.Волгоград', 'athlete/199_Артемова_Злата/birthcertificate_Артемова_Злата_Романовна.jpg', '2022-12-03 11:36:50', '2022-12-03 11:36:50'),
(73, 'II-PK', '837168', '2015-10-27', 'отдел ЗАГС администрации советского района Волгограда', 'athlete/201_Иванов_Григорий/birthcertificate_Иванов_Григорий_Антонович.jpg', '2022-12-03 12:02:31', '2022-12-03 12:02:31'),
(74, 'II-PK', '698555', '2013-01-07', 'отдел ЗАГС администрации Кировского района г. Волгограда', 'athlete/169_Мирошникова_Валерия/birthcertificate_Мирошникова_Валерия_Ивановна.jpg', '2022-12-03 12:50:12', '2022-12-03 12:50:12'),
(75, 'II-PK', '712960', '2014-05-07', 'Отделом загс администрации советского района', 'athlete/207_Кисленко_Егор/birthcertificate_Кисленко_Егор_Павлович.jpg', '2022-12-03 13:20:35', '2022-12-03 13:20:35'),
(76, 'II-PK', '837137', '2015-10-20', 'отдел ЗАГС администрации Советского района Волгограда', 'athlete/209_Лузановская_Арина/birthcertificate_Лузановская_Арина_Александровна.jpg', '2022-12-03 16:02:58', '2022-12-03 16:02:58'),
(77, 'II-PK', '831098', '2015-09-22', 'отдел ЗАГС администрации Городищенского муниципального района Волгоградской области', 'athlete/211_Евтеев_Евгений/birthcertificate_Евтеев_Евгений_Александрович.jpg', '2022-12-04 08:46:02', '2022-12-04 08:46:02'),
(78, 'II- РК', '622860', '2011-05-17', 'Отделом ЗАГС администрации Советского района Волгограда', 'athlete/213_Серяков_Александр/birthcertificate_Серяков_Александр_Евгеньевич.jpg', '2022-12-04 09:08:27', '2022-12-04 09:08:27'),
(79, 'II-РК', '713000', '2014-05-13', 'отдел ЗАГС администрации Советского района Волгограда', 'athlete/214_Фомичев_Глеб/birthcertificate_Фомичев_Глеб_Станиславович.jpg', '2022-12-04 09:19:04', '2022-12-04 09:19:04'),
(80, 'II-РК', '760125', '2014-08-06', 'Отдел ЗАГС администрации  Краснооктябрьского района Волгограда', 'athlete/220_Букин_Андрей/birthcertificate_Букин_Андрей_Алексеевич.jpg', '2022-12-04 12:57:45', '2022-12-04 12:57:45'),
(81, 'II-PK', '512027', '2009-06-10', 'Чередниченко И.В', 'athlete/221_Кострыко_Алиса/birthcertificate_Кострыко_Алиса_Алексеевна.jpg', '2022-12-04 13:07:51', '2022-12-04 13:07:51'),
(82, 'II-BC', '599741', '2012-06-06', 'Отдел ЗАГС администрации Тернейского миниципального района Приморского края п. Пластун', 'athlete/224_Кулёмина_Дарья/birthcertificate_Кулёмина_Дарья_Романовна.jpg', '2022-12-04 16:18:53', '2022-12-04 16:18:53'),
(83, 'II-РК', '818524', '2015-10-20', 'Отдел ЗАГС Администрации Центрального района Волгограда', 'athlete/227_Новохатская_Таисия/birthcertificate_Новохатская_Таисия_Михайловна.jpg', '2022-12-04 16:54:00', '2022-12-04 16:54:00'),
(84, 'II-РК', '745151', '2014-01-21', 'Отдел ЗАГС администрации Центрального района Волгограда', 'athlete/186_Юринкин_Кирилл/birthcertificate_Юринкин_Кирилл_Сергеевич.jpg', '2022-12-04 17:05:44', '2022-12-04 17:05:44'),
(85, 'V-ИК', '687752', '2015-11-12', 'Красногорское управление ЗАГС Главного управления ЗАГС Московской области', 'athlete/226_Жирков_Захар/birthcertificate_Жирков_Захар_Станиславович.jpg', '2022-12-04 17:06:49', '2022-12-04 17:06:49'),
(86, 'Ii- РК', '796558', '2015-02-26', 'Отдел ЗАГС администрации Ворошиловского района', 'athlete/230_Суханов_Денис/birthcertificate_Суханов_Денис_Русланович.jpg', '2022-12-05 02:41:16', '2022-12-05 02:41:16'),
(87, 'II-PK', '698292', '2012-12-14', 'отдел ЗАГС администрации Кировского района г. Волгограда', 'athlete/239_Гончаров_Данил/birthcertificate_Гончаров_Данил_Игоревич.jpg', '2022-12-05 04:52:11', '2022-12-05 04:52:11'),
(88, 'III-АН', '718583', '2014-01-28', 'Отдел ЗАГС Миллеровского района Ростовской области', 'athlete/242_Близнюк_Тимофей/birthcertificate_Близнюк_Тимофей_Алексеевич.jpg', '2022-12-05 05:24:19', '2022-12-05 05:24:19'),
(89, 'll-PK', '697725', '2012-08-30', 'Отдел ЗАГС администрации Кировского рай-на г. Волгограда', 'athlete/243_Полторацкий_Никита/birthcertificate_Полторацкий_Никита_Алексеевич.jpg', '2022-12-05 05:26:11', '2022-12-05 05:26:11'),
(90, 'll-PK', '843095', '2016-10-18', 'Отдел ЗАГС администрации Кировского рай-на г. Волгограда', 'athlete/244_Полторацкий_Максим/birthcertificate_Полторацкий_Максим_Алексеевич.jpg', '2022-12-05 05:31:28', '2022-12-05 05:31:28'),
(91, '2-РК', '843695', '2017-03-07', 'Отдел ЗАГС администрации Кировского района города Волгограда', 'athlete/246_Шушляев_Артём/birthcertificate_Шушляев_Артём_Антонович.jpg', '2022-12-05 05:36:33', '2022-12-05 05:36:33'),
(92, 'II-PK', '697624', '2012-08-10', 'Отдел ЗАГС администрации Кировского района г. Волгограда', 'athlete/250_Дубинин_Матвей/birthcertificate_Дубинин_Матвей_Артёмович.jpg', '2022-12-05 07:09:49', '2022-12-05 07:09:49'),
(93, 'II-PK', '762020', '2015-03-17', 'Отдел Загс администрации Краснооктябрьского района Волгоград', 'athlete/228_Коваленко_Владислав/birthcertificate_Коваленко_Владислав_Валерьевич.jpg', '2022-12-05 07:19:54', '2022-12-05 07:19:54'),
(94, 'II-PK', '806108', '2014-11-08', 'Отдел ЗАГС АДМИНИСТРАЦИИ КИРОВСКОГО РАЙОНА ГОРОДА ВОЛГОГРАДА', 'athlete/258_Сяткин_Прохор/birthcertificate_Сяткин_Прохор_Александрович.jpg', '2022-12-05 09:41:20', '2022-12-05 09:41:20'),
(95, 'III-РК', '690330', '2022-02-10', 'Отдел ЗАГС администрации Кировского района Волгограда', 'athlete/256_Каплунов_Владислав/birthcertificate_Каплунов_Владислав_Сергеевич.jpg', '2022-12-05 09:43:49', '2022-12-05 09:43:49'),
(96, 'II-PK', '569305', '2010-11-16', 'Отдел загс администрации Кировского района города Волгограда', 'athlete/260_Сяткина_Юлия/birthcertificate_Сяткина_Юлия_Александровна.jpg', '2022-12-05 09:50:09', '2022-12-05 09:50:09'),
(97, 'III-РК', '690332', '2022-02-10', 'Отдел ЗАГС администрации Кировского района Волгограда', 'athlete/261_Каплунов_Артем/birthcertificate_Каплунов_Артем_Сергеевич.jpg', '2022-12-05 09:53:00', '2022-12-05 09:53:00'),
(98, 'II-PK', '697621', '2012-08-10', 'отдел ЗАГС администрации Кировского района г. Волгограда', 'athlete/266_Новиков_Даниил/birthcertificate_Новиков_Даниил_Евгеньевич.jpg', '2022-12-05 10:22:14', '2022-12-05 10:22:14'),
(99, 'II-PK', '680942', '2012-07-18', 'отдел ЗАГС администрации Краснооктябрьского района Волгограда', 'athlete/268_Смольяков_Николай/birthcertificate_Смольяков_Николай_Алексеевич.jpg', '2022-12-05 10:25:15', '2022-12-05 10:25:15'),
(100, 'II-РК', '782301', '2014-10-28', 'Отдел ЗАГС адм Палласовского муниципального района Волгоградской области', 'athlete/270_Маутова_Аделина/birthcertificate_Маутова_Аделина_Алибековна.jpg', '2022-12-05 11:16:33', '2022-12-05 11:16:33'),
(101, 'II-РК', '883009', '2016-05-26', 'Отдел ЗАГС адм Палласовского муниципального района Волгоградской области', 'athlete/271_Маутова_Диляра/birthcertificate_Маутова_Диляра_Алибековна.jpg', '2022-12-05 11:19:24', '2022-12-05 11:19:24'),
(102, 'II-РК', '796358', '2015-01-16', 'Отдел ЗАГс администрации Ворошиловского района Волгограда', 'athlete/272_Карнаухова_Виктория/birthcertificate_Карнаухова_Виктория_Андреевна.jpg', '2022-12-05 11:29:54', '2022-12-05 11:29:54'),
(103, 'II-РК', '522937', '2010-01-26', 'Отдел ЗАГС администрации Кировского района г.Волгограда', 'athlete/252_Казарников_Сергей/birthcertificate_Казарников_Сергей_Сергеевич.jpg', '2022-12-05 12:17:47', '2022-12-05 12:17:47'),
(104, 'II-РК', '772665', '2014-08-07', 'Отдел ЗАГС администрации Кировского района Волгограда', 'athlete/274_Иванова_Ярослава/birthcertificate_Иванова_Ярослава_Львовна.jpg', '2022-12-05 12:21:20', '2022-12-05 12:21:20'),
(105, '2-РК', '685152', '2013-01-22', 'Отдел ЗАГС администрации Центрального района Волгограда', 'athlete/262_Шамшурин_Роман/birthcertificate_Шамшурин_Роман_Сергеевич.jpg', '2022-12-05 12:39:36', '2022-12-05 12:39:36'),
(106, '2-РК', '802905', '2014-10-14', 'Отдел ЗАГС АДМИНИСТРАЦИИ ГОРОДИЩЕНСКОГО МУНИЦИПАЛЬНОГО РАЙОНА ВОЛГОГРАДСКОЙ ОБЛАСТИ', 'athlete/276_Филимонова_Полина/birthcertificate_Филимонова_Полина_Игоревна.jpg', '2022-12-05 12:42:28', '2022-12-05 12:42:28'),
(107, '2-РК', '573009', '2010-10-27', 'Отдел ЗАГС администрации Советского района Волгограда', 'athlete/278_Евсеевичев_Михаил/birthcertificate_Евсеевичев_Михаил_Дмитриевич.jpg', '2022-12-05 13:20:04', '2022-12-05 13:20:04'),
(108, 'I-КВ', '745380', '2012-05-11', 'Отдел службы ЗАГС Астраханской области по Советскому району г.Астрахани', 'athlete/285_Беккер_Злата/birthcertificate_Беккер_Злата_Алексеевна.jpg', '2022-12-05 13:56:46', '2022-12-05 13:56:46'),
(109, 'II-PK', '806074', '2014-10-29', 'отдел ЗАГС администрации Кировского района Волгограда', 'athlete/287_Антюхин_Николай/birthcertificate_Антюхин_Николай_Сергеевич.jpg', '2022-12-05 14:09:03', '2022-12-05 14:09:03'),
(110, 'II-PK', '899033', '2017-05-11', 'отдел ЗАГС администрации Кировского района Волгограда', 'athlete/289_Антюхин_Дмитрий/birthcertificate_Антюхин_Дмитрий_Сергеевич.jpg', '2022-12-05 14:16:55', '2022-12-05 14:16:55'),
(111, '||-РК', '569443', '2010-12-14', 'Отдел ЗАГС администрации Кировского района г Волгограда', 'athlete/290_Ведзижева_Ясмина/birthcertificate_Ведзижева_Ясмина_Тамерлановна.jpg', '2022-12-05 14:22:20', '2022-12-05 14:22:20'),
(112, 'II-PK', '697105', '2012-05-16', 'Отдел ЗАГС администрации Кировского района г. Волгограда', 'athlete/293_Юдочкин_Сергей/birthcertificate_Юдочкин_Сергей_Васильевич.jpg', '2022-12-05 17:13:06', '2022-12-05 17:13:06'),
(113, 'II-РК', '776609', '2014-07-30', 'Отделом ЗАГС #2 городского округа - г. Волжский Волгоградской области', 'athlete/294_Пимкин_Максим/birthcertificate_Пимкин_Максим_Александрович.jpg', '2022-12-05 17:29:21', '2022-12-05 17:29:21'),
(114, 'II-PK', '697403', '2012-07-03', 'Отдел ЗАГС администрации Кировского района города Волгограда', 'athlete/255_Коробкина_Дарья/birthcertificate_Коробкина_Дарья_Алексеевна.jpg', '2022-12-05 18:55:54', '2022-12-05 18:55:54'),
(115, 'IIIРК', '721882', '2022-09-08', '93400041 отдел ЗАГС администрации Кировского района Волгограда', 'athlete/301_Белицкий_Даниил/birthcertificate_Белицкий_Даниил_Викторович.jpg', '2022-12-06 02:07:04', '2022-12-06 02:07:04'),
(116, 'II-RK', '836827', '2015-09-10', 'отдел ЗАГС администрации Советского района Волгограда', 'athlete/302_ЩЕДРИН_АЛЕКСАНДР/birthcertificate_ЩЕДРИН_АЛЕКСАНДР_ДМИТРИЕВИЧ.jpg', '2022-12-06 02:23:50', '2022-12-06 02:23:50'),
(117, 'II- РК', '614569', '2011-12-06', 'отдел ЗАГС администрации Кировского района г. Волгоград', 'athlete/304_Яблочкин_Григорий/birthcertificate_Яблочкин_Григорий_Станиславович.jpg', '2022-12-06 04:04:13', '2022-12-06 04:04:13'),
(118, 'II-PK', '624232', '2012-01-19', 'отдел ЗАГС администрации Советского района Волгограда', 'athlete/311_Таранов_Данила/birthcertificate_Таранов_Данила_Владимирович.jpg', '2022-12-06 04:52:04', '2022-12-06 04:52:04'),
(119, 'II-РК', '695422', '2013-01-22', 'Отдел ЗАГС Администрации Тракторозаводского района города Волгограда', 'athlete/314_Нелепа_Назар/birthcertificate_Нелепа_Назар_Юрьевич.jpg', '2022-12-06 04:53:07', '2022-12-06 04:53:07'),
(120, 'II-PK', '617994', '2011-08-24', 'отдел ЗАГС Центрального района города Волгограда', 'athlete/318_Пушкарская_Дарина/birthcertificate_Пушкарская_Дарина_Андреевна.jpg', '2022-12-06 07:12:44', '2022-12-06 07:12:44'),
(121, 'II-РК', '701965', '2012-12-25', 'Отдел ЗАГС администрации Дзержинского района', 'athlete/320_Куликов_Мирон/birthcertificate_Куликов_Мирон_Алексеевич.jpg', '2022-12-06 07:50:10', '2022-12-06 07:50:10'),
(122, 'IIРК', '698389', '2013-01-11', 'Отдел ЗАГС Кировского района Волгоград', 'athlete/322_Хомяков_Валерий/birthcertificate_Хомяков_Валерий_Сергеевич.jpg', '2022-12-06 08:12:37', '2022-12-06 08:12:37'),
(123, 'II-РК', '578074', '2010-02-18', 'Отдел ЗАГС администрации Центрального района Волгограда', 'athlete/324_Придачук_Антонина/birthcertificate_Придачук_Антонина_Максимовна.jpg', '2022-12-06 08:29:33', '2022-12-06 08:29:33'),
(124, 'II-PK', '699046', '2012-05-15', 'Отдел ЗАГС Администрации Иловлинского муниципального района Волгоградской области', 'athlete/326_Поликарпов_Ярослав/birthcertificate_Поликарпов_Ярослав_Сергеевич.jpg', '2022-12-06 08:39:47', '2022-12-06 08:39:47'),
(125, 'II-TH', '846551', '2013-10-02', 'Отдел ЗАГС Кстовского района главного управления загс нижегородской области', 'athlete/328_Кунгурцев_Данила/birthcertificate_Кунгурцев_Данила_Александрович.jpg', '2022-12-06 09:23:37', '2022-12-06 09:23:37'),
(126, 'III-PK', '542537', '2018-05-16', 'Отдел ЗАГС администрации Городищенского муниципального района Волгоградской области', 'athlete/188_Ануфриева_София/birthcertificate_Ануфриева_София_Артемовна.jpg', '2022-12-06 10:44:46', '2022-12-06 10:44:46'),
(127, 'II- PK', '568588', '2010-06-23', 'Отдел ЗАГС администрации Кировского района г.Волгограда', 'athlete/334_Лымарев_Дмитрий/birthcertificate_Лымарев_Дмитрий_Евгеньевич.jpg', '2022-12-06 13:09:07', '2022-12-06 13:09:07'),
(128, 'II-PK', '772421', '2014-07-01', 'Отдел ЗАГС администрации Кировского района Волгограда', 'athlete/332_Соколов_Владислав/birthcertificate_Соколов_Владислав_Леонидович.jpg', '2022-12-06 13:13:22', '2022-12-06 13:13:22'),
(129, 'II-РК', '615107', '2012-03-23', 'Отдел ЗАГС администрации Кировского района г. Волгограда', 'athlete/338_Сивогривов_Никита/birthcertificate_Сивогривов_Никита_Алексеевич.jpg', '2022-12-06 13:26:38', '2022-12-06 13:26:38'),
(130, 'II-РК', '877457', '2016-08-17', 'Отдел ЗАГС администрации Советского района Волгограда', 'athlete/336_Бураменская_Каролина/birthcertificate_Бураменская_Каролина_Алексеевна.jpg', '2022-12-06 13:42:19', '2022-12-06 13:42:19'),
(131, '2-РК', '845757', '2015-09-01', 'Отделом ЗАГС Администрации Дзержинского района Волгограда', 'athlete/341_Сухов_Арсений/birthcertificate_Сухов_Арсений_Сергеевич.jpg', '2022-12-06 14:11:51', '2022-12-06 14:11:51'),
(132, '11-РК', '695541', '2013-02-08', 'Отдел ЗАГС администрации Тракторозаводского района г.Волгоград', 'athlete/343_Хитров_Алексей/birthcertificate_Хитров_Алексей_Дмитриевич.jpg', '2022-12-06 15:04:48', '2022-12-06 15:04:48'),
(133, 'I-ДВ', '893891', '2013-07-10', 'отделом ЗАГС Железнодорожного района администрации города Хабаровска Хабаровского края Российской Федерации', 'athlete/346_Рожнов_Роман/birthcertificate_Рожнов_Роман_Вадимович.jpg', '2022-12-06 16:52:39', '2022-12-06 16:52:39'),
(134, 'II-РК', '565314', '2010-10-18', 'Отдел ЗАГС администрации Быковского муниципального района Волгоградской области', 'athlete/348_Бабенко_Данил/birthcertificate_Бабенко_Данил_Иванович.jpg', '2022-12-07 02:32:28', '2022-12-07 02:32:28'),
(135, 'II-РК', '733023', '2013-10-15', 'Отдел ЗАГС администрации Тракторозаводского района г. Волгограда', 'athlete/349_Бабенко_Семён/birthcertificate_Бабенко_Семён_Иванович.jpg', '2022-12-07 02:43:56', '2022-12-07 02:43:56'),
(136, 'II-РК', '702576', '2022-04-20', 'отдел ЗАГС администрации Дзержинского района Волгограда', 'athlete/354_Стасевич_Артём/birthcertificate_Стасевич_Артём_Кириллович.jpg', '2022-12-07 06:30:36', '2022-12-07 06:30:36'),
(137, 'II-РК', '727830', '2014-07-08', 'Отдел ЗАГС администрацииКраснооктябрьского районаВолгограда', 'athlete/356_Поликарпов_Денис/birthcertificate_Поликарпов_Денис_Сергеевич.jpg', '2022-12-07 07:33:38', '2022-12-07 07:33:38'),
(138, 'II - PK', '830960', '2015-08-10', 'Отдел ЗАГС администрации городищенского муниципального района волгоградской области', 'athlete/360_Грабова_Мария/birthcertificate_Грабова_Мария_Денисовна.jpg', '2022-12-07 11:02:54', '2022-12-07 11:02:54'),
(139, 'ш-рк', '538238', '2018-04-06', 'Отдел ЗАГС №1 Волжский', 'athlete/362_Великанов_Захар/birthcertificate_Великанов_Захар_Дмитриевич.jpg', '2022-12-07 11:19:51', '2022-12-07 11:19:51'),
(140, 'II-РК', '779005', '2015-04-02', 'Отдел ЗАГС администрации Советского района Волгограда', 'athlete/307_Кубик_Максим/birthcertificate_Кубик_Максим_Андреевич.jpg', '2022-12-07 12:17:32', '2022-12-07 12:17:32'),
(141, 'II-PK', '789126', '2015-12-24', 'Отдел ЗАГС администрации Краснооктябрьского района Волгограда', 'athlete/364_Сергеев_Иван/birthcertificate_Сергеев_Иван_Андреевич.jpg', '2022-12-07 13:53:56', '2022-12-07 13:53:56'),
(142, 'II-РК', '692107', '2013-08-07', 'Отдел ЗАГС администрации Палласовского муниципального района Волгоградской области', 'athlete/366_Максудова_Анель/birthcertificate_Максудова_Анель_Милановна.jpg', '2022-12-07 15:08:58', '2022-12-07 15:08:58'),
(143, 'II-PK', '726655', '2013-11-26', 'отдел ЗАГС администрации Краснооктябрьского района Волгограда', 'athlete/368_Иванов_Александр/birthcertificate_Иванов_Александр_Александрович.jpg', '2022-12-07 16:34:57', '2022-12-07 16:34:57'),
(144, 'II-РК', '796578', '2015-03-06', 'Отдел ЗАГС администрации Ворошиловского района Волгограда', 'athlete/109_Хвастунова_Дарья/birthcertificate_Хвастунова_Дарья_Сергеевна.jpg', '2022-12-08 03:32:33', '2022-12-08 03:32:33'),
(145, '11- РК', '747982', '2013-11-14', 'Отдел ЗАГС администрации Красноармейского района Волгограда', 'athlete/372_Осипов_Михаил/birthcertificate_Осипов_Михаил_Юрьевич.jpg', '2022-12-08 04:53:01', '2022-12-08 04:53:01'),
(146, '2-РК', '780102', '2014-10-09', 'Отдел ЗАГС администрации Центрального района Волгограда', 'athlete/374_Сальников_Роман/birthcertificate_Сальников_Роман_Викторович.jpg', '2022-12-08 05:02:37', '2022-12-08 05:02:37'),
(147, 'II-РК', '700531', '2012-06-01', 'Отдел ЗАГС администрации Дзержинского района Волгограда', 'athlete/381_Литвинов_Артём/birthcertificate_Литвинов_Артём_Александрович.jpg', '2022-12-08 06:54:37', '2022-12-08 06:54:37'),
(148, 'IIPK', '842151', '2016-04-05', 'Отдел ЗАГС администрации Кировского района Волгоград', 'athlete/384_Колобков_Мирон/birthcertificate_Колобков_Мирон_Александрович.jpg', '2022-12-08 07:39:13', '2022-12-08 07:39:13'),
(149, '||-РК', '754279', '2014-05-15', 'Отдел ЗАГС администрации Дзержинского района города Волгоград', 'athlete/389_Плюснина_Алёна/birthcertificate_Плюснина_Алёна_Павловна.jpg', '2022-12-08 07:45:50', '2022-12-08 07:45:50'),
(150, '||-РК', '754279', '2014-05-15', 'Отдел ЗАГС администрации Дзержинского района города Волгоград', 'athlete/389_Плюснина_Алёна/birthcertificate_Плюснина_Алёна_Павловна.jpg', '2022-12-08 07:56:14', '2022-12-08 07:56:14'),
(151, 'II-PK', '761046', '2014-12-09', 'Отдел загс администрации Краснооктябрьского района волгограда', 'athlete/393_Шарапов_Андрей/birthcertificate_Шарапов_Андрей_Андреевич.jpg', '2022-12-08 08:28:29', '2022-12-08 08:28:29'),
(152, 'II-РК', '796539', '2015-02-17', 'Отдел ЗАГС Администрации Ворошиловского района Волгограда', 'athlete/390_Луговой_Андрей/birthcertificate_Луговой_Андрей_Сергеевич.jpg', '2022-12-08 08:30:20', '2022-12-08 08:30:20'),
(153, 'II-PK', '752985', '2013-10-16', 'Отдел ЗАГС администрации Дзержинского района Волгограда', 'athlete/396_Патрушев_Демид/birthcertificate_Патрушев_Демид_Максимович.jpg', '2022-12-08 08:55:28', '2022-12-08 08:55:28'),
(154, 'II-PK', '725758', '2013-08-06', 'Отдел ЗАГС администрации Краснооктябрьского района города Волгограда', 'athlete/398_Сидоренко_Мартин/birthcertificate_Сидоренко_Мартин_Павлович.jpg', '2022-12-08 09:02:50', '2022-12-08 09:02:50'),
(155, 'II-РК', '623660', '2011-10-11', 'отдел ЗАГС администрации Советского района Волгограда', 'athlete/400_Сергеев_Максим/birthcertificate_Сергеев_Максим_Алексеевич.jpg', '2022-12-08 09:36:07', '2022-12-08 09:36:07'),
(156, 'II-PK', '710038', '2013-11-19', 'отдел ЗАГС администрации Кировского района Волгограда', 'athlete/410_Филимонова_Ангелина/birthcertificate_Филимонова_Ангелина_Ивановна.jpg', '2022-12-08 13:12:12', '2022-12-08 13:12:12'),
(157, 'II-РК', '789940', '2014-11-18', 'отдел ЗАГС администрации Дзержинского района Волгограда', 'athlete/412_Чурсин_Никита/birthcertificate_Чурсин_Никита_Максимович.jpg', '2022-12-08 13:14:24', '2022-12-08 13:14:24'),
(158, 'II-PK', '803548', '2015-06-04', 'Отдел ЗАГС администрации Городищенского муниципального района волгоградской области', 'athlete/411_Хайдурова_Полина/birthcertificate_Хайдурова_Полина_Сергеевна.jpg', '2022-12-08 13:25:29', '2022-12-08 13:25:29'),
(159, 'II-PK', '837697', '2016-01-14', 'Отдел ЗАГС администрации Советского района Волгограда', 'athlete/413_Беглов_Владимир/birthcertificate_Беглов_Владимир_Владимирович.jpg', '2022-12-08 13:39:54', '2022-12-08 13:39:54'),
(160, 'II-РК', '836356', '2015-07-21', 'Отдел ЗАГС администрации Советского района Волгограда', 'athlete/417_Ильяшенко_Вероника/birthcertificate_Ильяшенко_Вероника_Денисовна.jpg', '2022-12-08 14:39:10', '2022-12-08 14:39:10'),
(161, 'II-PK', '803387', '2015-04-02', 'Отдел ЗАГС администрации Городищенского района муниципального района Волгоградской области', 'athlete/418_Бережной_Станислав/birthcertificate_Бережной_Станислав_Владимирович.jpg', '2022-12-08 15:04:29', '2022-12-08 15:04:29'),
(162, 'II-РК', '708616', '2014-01-14', 'отдел ЗАГС администрации Ворошиловского района Волгограда', 'athlete/419_Кубанцев_Макар/birthcertificate_Кубанцев_Макар_Андреевич.jpg', '2022-12-08 15:24:06', '2022-12-08 15:24:06'),
(163, 'II-РК', '786967', '2015-09-04', 'отдел ЗАГС администрации Краснооктябрьского района Волгограда', 'athlete/358_Студеникин_Никита/birthcertificate_Студеникин_Никита_Алексеевич.jpg', '2022-12-08 17:09:24', '2022-12-08 17:09:24'),
(164, 'II-РК', '822587', '2016-02-19', 'Отдет ЗАГС администрации Калачевского муниципального района Волгоградской области', 'athlete/421_Янкин_Максим/birthcertificate_Янкин_Максим_Михайлович.jpg', '2022-12-09 00:54:05', '2022-12-09 00:54:05'),
(165, 'II-РК', '788785', '2015-10-21', 'Отдел ЗАГС администрации Краснооктябрьского района Волгограда', 'athlete/424_Матвеев_Захар/birthcertificate_Матвеев_Захар_Владимирович.jpg', '2022-12-09 02:16:16', '2022-12-09 02:16:16'),
(166, 'II-PK', '794559', '2015-06-30', 'Отдел ЗАГС администрации Тракторозаводского района г.Волгограда', 'athlete/330_Спирин_Артём/birthcertificate_Спирин_Артём_Александрович.jpg', '2022-12-09 04:06:07', '2022-12-09 04:06:07'),
(167, 'II-PK', '816759', '2015-03-17', 'Отдел ЗАГС администрации Среднеахтубинского муниципального района Волгоградской области', 'athlete/317_Лагутин_Савелий/birthcertificate_Лагутин_Савелий_Ярославович.jpg', '2022-12-09 07:19:49', '2022-12-09 07:19:49'),
(168, '111-РК', '655222', '2015-07-15', 'Отдел ЗАГС администрации Краснооктябрьского района Волгограда', 'athlete/428_Мошняков_Мирослав/birthcertificate_Мошняков_Мирослав_Михайлович.jpg', '2022-12-09 12:41:13', '2022-12-09 12:41:13'),
(169, 'II-PK', '843747', '2017-03-17', 'Отдел ЗАГС администрации Кировского района Волгограда', 'athlete/432_Шарапов_Федор/birthcertificate_Шарапов_Федор_Дмитриевич.jpg', '2022-12-10 03:26:12', '2022-12-10 03:26:12'),
(170, 'II-PK', '806902', '2015-04-15', 'Отдел ЗАГС администрации Кировского района Волгограда', 'athlete/433_Шарапов_Егор/birthcertificate_Шарапов_Егор_Дмитриевич.jpg', '2022-12-10 03:28:39', '2022-12-10 03:28:39'),
(171, 'II-PK', '609115', '2011-02-10', 'Отдел ЗАГС администрации Калачевского муниципального района Волгоградской области', 'athlete/437_Фролова_Елизавета/birthcertificate_Фролова_Елизавета_Петровна.jpg', '2022-12-11 14:25:27', '2022-12-11 14:25:27'),
(172, 'II-PK', '850708', '2015-12-29', 'Отдел ЗАГС администрации Дзержинского района Волгограда', 'athlete/438_Фролова_Анастасия/birthcertificate_Фролова_Анастасия_Петровна.jpg', '2022-12-11 14:29:00', '2022-12-11 14:29:00'),
(173, 'II-РК', '522494', '2009-10-30', 'Отдел ЗАГС администрации Кировского района г. Волгограда', 'athlete/439_Рыбенец_Степан/birthcertificate_Рыбенец_Степан_Александрович.jpg', '2022-12-11 14:48:57', '2022-12-11 14:48:57'),
(174, 'II-РК', '572918', '2010-10-12', 'Отделом ЗАГС администрации Советского района г.Волгограда', 'athlete/442_Макаров_Максим/birthcertificate_Макаров_Максим_Федорович.jpg', '2022-12-12 08:20:16', '2022-12-12 08:20:16'),
(175, 'II-PK', '634435', '2011-08-17', 'отдел ЗАГС город Камышин', 'athlete/444_Батаров_Александр/birthcertificate_Батаров_Александр_Петрович.jpg', '2022-12-12 10:15:16', '2022-12-12 10:15:16'),
(176, 'II-PK', '624799', '2012-05-03', 'отдел ЗАГС администрации Советского района Со', 'athlete/449_Сорокодумов_Олег/birthcertificate_Сорокодумов_Олег_Максимович.jpg', '2022-12-12 10:42:01', '2022-12-12 10:42:01'),
(177, 'I-БК', '274008', '2011-09-29', 'Отдел регистрации актов гражданского состояния Деснянского районного управления юстиции в г.Киеве', 'athlete/451_Чумакова_Аделина/birthcertificate_Чумакова_Аделина_Вячеславовна.jpg', '2022-12-12 11:16:41', '2022-12-12 11:16:41'),
(178, 'II-PK', '775622', '2014-05-20', 'Отделом ЗАГС администрации советского района Волгоград', 'athlete/455_Шепелева_Милана/birthcertificate_Шепелева_Милана_Станиславовна.jpg', '2022-12-12 13:14:28', '2022-12-12 13:14:28'),
(179, 'II-РК', '754760', '2014-07-22', 'ЗАГС администрации Дзержинского района Волгограда', 'athlete/457_Камышанов_Георгий/birthcertificate_Камышанов_Георгий_Сергеевич.jpg', '2022-12-12 13:50:28', '2022-12-12 13:50:28'),
(180, 'II-PK', '641071', '2011-12-12', 'отдел ЗАГС администрации Палласовского муниципального района Волгоградской области', 'athlete/460_Дегтярёва_Эвелина/birthcertificate_Дегтярёва_Эвелина_Сергеевна.jpg', '2022-12-12 15:07:20', '2022-12-12 15:07:20'),
(181, 'II-РК', '711641', '2013-10-08', 'Отдел ЗАГС администрации Советского района г Волгограда', 'athlete/466_Здор_Александр/birthcertificate_Здор_Александр_Михайлович.jpg', '2022-12-13 05:03:31', '2022-12-13 05:03:31'),
(182, 'II-PK', '754562', '2014-06-20', 'Отдел ЗАГС администрации Дзержинского района Волгограда', 'athlete/469_Вирченко_Екатерина/birthcertificate_Вирченко_Екатерина_Робертовна.jpg', '2022-12-13 06:05:00', '2022-12-13 06:05:00'),
(183, 'II-PK', '624138', '2011-12-29', 'Отдел ЗАГС администрации Советского района Волгограда', 'athlete/470_Дудкин_Даниил/birthcertificate_Дудкин_Даниил_Анатольевич.jpg', '2022-12-13 06:30:20', '2022-12-13 06:30:20'),
(184, 'II-РК', '682256', '2012-12-13', 'отдел ЗАГС администрации Краснооктябрьского района Волгограда', 'athlete/476_Иванов_Степан/birthcertificate_Иванов_Степан_Ильич.jpg', '2022-12-13 13:48:59', '2022-12-13 13:48:59'),
(185, 'II-РК', '573506', '2011-02-08', 'Отдел ЗАГС администрации Советского района Волгограда', 'athlete/478_Гузенко_Роман/birthcertificate_Гузенко_Роман_Алексеевич.jpg', '2022-12-13 14:11:28', '2022-12-13 14:11:28'),
(186, 'II -рк', '702676', '2013-04-09', 'отдел ЗАГС администрации Дзержинского района Волгограда', 'athlete/484_Барабанов_Дмитрий/birthcertificate_Барабанов_Дмитрий_Евгеньевич.jpg', '2022-12-13 15:59:33', '2022-12-13 15:59:33'),
(187, 'II PK', '624094', '2011-12-22', 'Отдел Загс администрации Советского района города Волгограда', 'athlete/485_Мещеряков_Артём/birthcertificate_Мещеряков_Артём_Вячеславович.jpg', '2022-12-13 16:18:24', '2022-12-13 16:18:24'),
(188, 'II-PK', '681379', '2012-08-02', 'отдел ЗАГС администрации Краснооктябрьского района Волгограда', 'athlete/488_Мосоловская_Маргарита/birthcertificate_Мосоловская_Маргарита_Александровна.jpg', '2022-12-14 07:45:14', '2022-12-14 07:45:14'),
(189, 'III - PK', '726410', '2022-10-11', 'Отделом ЗАГС администрации Дзержинского района г. Волгограда', 'athlete/495_Кокушин_Артём/birthcertificate_Кокушин_Артём_Дмитриевич.jpg', '2022-12-14 11:33:26', '2022-12-14 11:33:26'),
(190, '156-12', '058695', '2012-07-09', 'Департамент здравоохранения г.Нью-Йорк', 'athlete/496_Горин_Филип/birthcertificate_Горин_Филип_Александрович.jpg', '2022-12-14 11:40:32', '2022-12-14 11:40:32'),
(191, 'II-RK', '613336', '2011-04-20', 'Отдел загс администрации Кировского района города Волгограда', 'athlete/499_Попов_Владислав/birthcertificate_Попов_Владислав_Евгеньевич.jpg', '2022-12-14 13:46:22', '2022-12-14 13:46:22'),
(192, 'II-РК', '610713', '2011-05-25', 'Отдел ЗАГС администрации Жирновского муниципального района Волгоградской области', 'athlete/514_Мустафаева_Айсель/birthcertificate_Мустафаева_Айсель_Ягубовна.jpg', '2022-12-15 17:18:14', '2022-12-15 17:18:14');

-- --------------------------------------------------------

--
-- Структура таблицы `coaches`
--
-- Создание: Сен 29 2022 г., 14:12
--

DROP TABLE IF EXISTS `coaches`;
CREATE TABLE `coaches` (
  `id` bigint(20) UNSIGNED NOT NULL,
  `user_id` bigint(20) UNSIGNED DEFAULT NULL,
  `photo` varchar(256) COLLATE utf8mb4_unicode_ci DEFAULT NULL,
  `code` int(11) DEFAULT NULL,
  `created_at` timestamp NULL DEFAULT NULL,
  `updated_at` timestamp NULL DEFAULT NULL
) ENGINE=InnoDB DEFAULT CHARSET=utf8mb4 COLLATE=utf8mb4_unicode_ci;

--
-- Дамп данных таблицы `coaches`
--

INSERT INTO `coaches` (`id`, `user_id`, `photo`, `code`, `created_at`, `updated_at`) VALUES
(1, 1, NULL, 5968, '2022-09-29 11:13:57', '2022-10-20 16:33:18'),
(2, 2, NULL, 7, '2022-09-29 12:08:30', '2022-09-29 12:08:45'),
(3, 31, NULL, 4308, '2022-11-29 09:16:38', '2022-11-29 09:16:38'),
(4, 32, NULL, 5555, '2022-11-29 09:17:36', '2022-11-29 09:17:57'),
(5, 33, NULL, 6004, '2022-11-29 09:22:06', '2022-11-29 09:22:06'),
(6, 34, NULL, 6803, '2022-11-29 09:54:38', '2022-11-29 09:54:38'),
(7, 35, NULL, 7799, '2022-11-29 10:11:09', '2022-12-05 03:54:31'),
(8, 36, NULL, 1340, '2022-11-29 10:28:57', '2022-11-29 11:00:58'),
(9, 45, NULL, 1353, '2022-11-29 12:31:02', '2022-11-29 12:31:02'),
(10, 55, NULL, 6603, '2022-11-29 13:44:12', '2022-11-29 13:44:12'),
(11, 84, NULL, 777, '2022-11-30 09:12:24', '2022-11-30 09:13:21'),
(12, 122, NULL, 7777, '2022-12-02 08:21:00', '2022-12-02 08:21:16'),
(13, 315, NULL, 5836, '2022-12-06 05:20:53', '2022-12-06 05:20:53'),
(14, 525, NULL, 1325, '2022-12-21 03:22:43', '2022-12-21 03:22:43');

-- --------------------------------------------------------

--
-- Структура таблицы `competitions`
--
-- Создание: Окт 27 2022 г., 08:37
--

DROP TABLE IF EXISTS `competitions`;
CREATE TABLE `competitions` (
  `id` bigint(20) UNSIGNED NOT NULL,
  `date_start` date NOT NULL,
  `date_end` date NOT NULL,
  `title` varchar(256) COLLATE utf8mb4_unicode_ci NOT NULL,
  `address` varchar(256) COLLATE utf8mb4_unicode_ci NOT NULL,
  `linkreport` varchar(256) COLLATE utf8mb4_unicode_ci DEFAULT NULL,
  `status` int(11) NOT NULL DEFAULT '1',
  `country_id` bigint(20) UNSIGNED NOT NULL,
  `district_id` bigint(20) UNSIGNED NOT NULL,
  `region_id` bigint(20) UNSIGNED NOT NULL,
  `created_at` timestamp NULL DEFAULT NULL,
  `updated_at` timestamp NULL DEFAULT NULL
) ENGINE=InnoDB DEFAULT CHARSET=utf8mb4 COLLATE=utf8mb4_unicode_ci;

--
-- Дамп данных таблицы `competitions`
--

INSERT INTO `competitions` (`id`, `date_start`, `date_end`, `title`, `address`, `linkreport`, `status`, `country_id`, `district_id`, `region_id`, `created_at`, `updated_at`) VALUES
(1, '2022-12-18', '2022-12-18', 'Открытое Первенство Волгограда по тхэквондо ВТФ', 'пр. Ленина, 31', 'https://disk.yandex.ru/d/BGRXVfUVGtD7YQ', 3, 1, 1, 33, '2022-11-24 16:05:14', '2022-11-24 16:05:14'),
(2, '2022-12-11', '2022-12-11', 'Первенство СК \"Легион\" по ОФП', 'г. Волгоград, Дом Офицеров', 'https://disk.yandex.ru/d/0RzEI4MmplYD3w', 4, 1, 1, 33, '2022-11-29 10:52:19', '2022-11-29 10:52:19'),
(3, '2022-12-18', '2022-12-18', 'Первенство СК \"Легион\" по пхумсэ', 'г. Волгоград. пр. Ленина, 31', 'https://disk.yandex.ru/d/BGRXVfUVGtD7YQ', 4, 1, 1, 1, '2022-12-12 05:29:36', '2022-12-12 05:29:36'),
(4, '2022-12-18', '2022-12-18', 'Первенство СК \"Легион\" по системе земита', 'г. Волгоград. пр. Ленина, 31', 'https://disk.yandex.ru/d/BGRXVfUVGtD7YQ', 1, 1, 1, 1, '2022-12-12 05:38:48', '2022-12-12 05:38:48');

-- --------------------------------------------------------

--
-- Структура таблицы `competitions_ranks_points`
--
-- Создание: Окт 26 2022 г., 07:12
--

DROP TABLE IF EXISTS `competitions_ranks_points`;
CREATE TABLE `competitions_ranks_points` (
  `id` bigint(20) UNSIGNED NOT NULL,
  `point` int(11) NOT NULL,
  `compranktitle_id` bigint(20) UNSIGNED NOT NULL,
  `age_id` bigint(20) UNSIGNED NOT NULL,
  `created_at` timestamp NULL DEFAULT NULL,
  `updated_at` timestamp NULL DEFAULT NULL
) ENGINE=InnoDB DEFAULT CHARSET=utf8mb4 COLLATE=utf8mb4_unicode_ci;

-- --------------------------------------------------------

--
-- Структура таблицы `competitions_ranks_titles`
--
-- Создание: Сен 29 2022 г., 14:12
--

DROP TABLE IF EXISTS `competitions_ranks_titles`;
CREATE TABLE `competitions_ranks_titles` (
  `id` bigint(20) UNSIGNED NOT NULL,
  `title` varchar(100) COLLATE utf8mb4_unicode_ci NOT NULL,
  `created_at` timestamp NULL DEFAULT NULL,
  `updated_at` timestamp NULL DEFAULT NULL
) ENGINE=InnoDB DEFAULT CHARSET=utf8mb4 COLLATE=utf8mb4_unicode_ci;

--
-- Дамп данных таблицы `competitions_ranks_titles`
--

INSERT INTO `competitions_ranks_titles` (`id`, `title`, `created_at`, `updated_at`) VALUES
(1, 'Всероссийские соревнования', NULL, NULL),
(2, 'Региональные соревнования', NULL, NULL),
(3, 'Городские соревнования', NULL, NULL),
(4, 'Клубные соревнования', NULL, NULL);

-- --------------------------------------------------------

--
-- Структура таблицы `competitions_results`
--
-- Создание: Окт 26 2022 г., 07:14
--

DROP TABLE IF EXISTS `competitions_results`;
CREATE TABLE `competitions_results` (
  `id` bigint(20) UNSIGNED NOT NULL,
  `number_of_fights` int(11) DEFAULT NULL,
  `place` int(11) DEFAULT NULL,
  `athlete_id` bigint(20) UNSIGNED DEFAULT NULL,
  `competition_id` bigint(20) UNSIGNED DEFAULT NULL,
  `weight_id` bigint(20) UNSIGNED DEFAULT NULL,
  `age_id` bigint(20) UNSIGNED DEFAULT NULL,
  `rankpoint_id` bigint(20) UNSIGNED DEFAULT NULL,
  `created_at` timestamp NULL DEFAULT NULL,
  `updated_at` timestamp NULL DEFAULT NULL
) ENGINE=InnoDB DEFAULT CHARSET=utf8mb4 COLLATE=utf8mb4_unicode_ci;

-- --------------------------------------------------------

--
-- Структура таблицы `competition_agecategory`
--
-- Создание: Окт 25 2022 г., 19:14
--

DROP TABLE IF EXISTS `competition_agecategory`;
CREATE TABLE `competition_agecategory` (
  `id` bigint(20) UNSIGNED NOT NULL,
  `competition_id` bigint(20) NOT NULL,
  `agecategory_id` bigint(20) NOT NULL
) ENGINE=InnoDB DEFAULT CHARSET=utf8mb4 COLLATE=utf8mb4_unicode_ci;

--
-- Дамп данных таблицы `competition_agecategory`
--

INSERT INTO `competition_agecategory` (`id`, `competition_id`, `agecategory_id`) VALUES
(17, 2, 1),
(18, 2, 2),
(19, 2, 3),
(20, 2, 7),
(21, 2, 8),
(36, 3, 1),
(37, 3, 2),
(38, 3, 3),
(39, 3, 8),
(42, 4, 1),
(43, 4, 8),
(44, 1, 1),
(45, 1, 2),
(46, 1, 3),
(47, 1, 4),
(48, 1, 6);

-- --------------------------------------------------------

--
-- Структура таблицы `competition_competitor`
--
-- Создание: Ноя 23 2022 г., 07:20
--

DROP TABLE IF EXISTS `competition_competitor`;
CREATE TABLE `competition_competitor` (
  `id` bigint(20) UNSIGNED NOT NULL,
  `competition_id` bigint(20) NOT NULL,
  `competitor_id` bigint(20) NOT NULL,
  `created_at` timestamp NULL DEFAULT NULL,
  `updated_at` timestamp NULL DEFAULT NULL
) ENGINE=InnoDB DEFAULT CHARSET=utf8mb4 COLLATE=utf8mb4_unicode_ci;

--
-- Дамп данных таблицы `competition_competitor`
--

INSERT INTO `competition_competitor` (`id`, `competition_id`, `competitor_id`, `created_at`, `updated_at`) VALUES
(1, 2, 1, NULL, NULL),
(2, 2, 2, NULL, NULL),
(3, 2, 3, NULL, NULL),
(4, 2, 4, NULL, NULL),
(5, 2, 5, NULL, NULL),
(6, 2, 6, NULL, NULL),
(7, 2, 7, NULL, NULL),
(8, 2, 8, NULL, NULL),
(9, 2, 9, NULL, NULL),
(10, 2, 10, NULL, NULL),
(11, 2, 11, NULL, NULL),
(12, 2, 12, NULL, NULL),
(13, 2, 13, NULL, NULL),
(14, 2, 14, NULL, NULL),
(15, 2, 15, NULL, NULL),
(16, 2, 16, NULL, NULL),
(17, 2, 17, NULL, NULL),
(18, 2, 18, NULL, NULL),
(19, 2, 19, NULL, NULL),
(20, 2, 20, NULL, NULL),
(21, 2, 21, NULL, NULL),
(22, 2, 22, NULL, NULL),
(23, 2, 23, NULL, NULL),
(25, 2, 25, NULL, NULL),
(26, 2, 26, NULL, NULL),
(27, 2, 27, NULL, NULL),
(28, 2, 28, NULL, NULL),
(30, 2, 30, NULL, NULL),
(31, 2, 31, NULL, NULL),
(32, 2, 32, NULL, NULL),
(33, 2, 33, NULL, NULL),
(34, 2, 34, NULL, NULL),
(35, 2, 35, NULL, NULL),
(36, 2, 36, NULL, NULL),
(37, 2, 37, NULL, NULL),
(38, 2, 38, NULL, NULL),
(39, 2, 39, NULL, NULL),
(40, 2, 40, NULL, NULL),
(41, 2, 41, NULL, NULL),
(42, 2, 42, NULL, NULL),
(44, 2, 44, NULL, NULL),
(45, 2, 45, NULL, NULL),
(47, 2, 47, NULL, NULL),
(48, 2, 48, NULL, NULL),
(49, 2, 49, NULL, NULL),
(50, 2, 50, NULL, NULL),
(51, 2, 51, NULL, NULL),
(52, 2, 52, NULL, NULL),
(53, 2, 53, NULL, NULL),
(54, 2, 54, NULL, NULL),
(55, 2, 55, NULL, NULL),
(56, 2, 56, NULL, NULL),
(57, 2, 57, NULL, NULL),
(58, 2, 58, NULL, NULL),
(59, 2, 59, NULL, NULL),
(60, 2, 60, NULL, NULL),
(61, 2, 61, NULL, NULL),
(62, 2, 62, NULL, NULL),
(63, 2, 63, NULL, NULL),
(64, 2, 64, NULL, NULL),
(65, 2, 65, NULL, NULL),
(66, 2, 66, NULL, NULL),
(67, 2, 67, NULL, NULL),
(68, 2, 68, NULL, NULL),
(69, 2, 69, NULL, NULL),
(70, 2, 70, NULL, NULL),
(71, 2, 71, NULL, NULL),
(72, 2, 72, NULL, NULL),
(73, 2, 73, NULL, NULL),
(74, 2, 74, NULL, NULL),
(75, 2, 75, NULL, NULL),
(76, 2, 76, NULL, NULL),
(77, 2, 77, NULL, NULL),
(78, 2, 78, NULL, NULL),
(79, 2, 79, NULL, NULL),
(80, 2, 80, NULL, NULL),
(81, 2, 81, NULL, NULL),
(82, 2, 82, NULL, NULL),
(83, 2, 83, NULL, NULL),
(84, 2, 84, NULL, NULL),
(85, 2, 85, NULL, NULL),
(86, 2, 86, NULL, NULL),
(87, 2, 87, NULL, NULL),
(88, 2, 88, NULL, NULL),
(89, 2, 89, NULL, NULL),
(90, 2, 90, NULL, NULL),
(91, 2, 91, NULL, NULL),
(92, 2, 92, NULL, NULL),
(93, 2, 93, NULL, NULL),
(94, 2, 94, NULL, NULL),
(95, 2, 95, NULL, NULL),
(96, 1, 96, NULL, NULL),
(97, 1, 97, NULL, NULL),
(98, 3, 98, NULL, NULL),
(99, 1, 99, NULL, NULL),
(100, 3, 100, NULL, NULL),
(101, 4, 101, NULL, NULL),
(102, 3, 102, NULL, NULL),
(103, 3, 103, NULL, NULL),
(104, 4, 104, NULL, NULL),
(105, 3, 105, NULL, NULL),
(106, 1, 106, NULL, NULL),
(108, 4, 108, NULL, NULL),
(111, 1, 111, NULL, NULL),
(112, 4, 112, NULL, NULL),
(115, 1, 115, NULL, NULL),
(116, 4, 116, NULL, NULL),
(117, 1, 117, NULL, NULL),
(118, 4, 118, NULL, NULL),
(119, 1, 119, NULL, NULL),
(120, 3, 120, NULL, NULL),
(122, 1, 122, NULL, NULL),
(123, 3, 123, NULL, NULL),
(124, 1, 124, NULL, NULL),
(125, 1, 125, NULL, NULL),
(126, 4, 126, NULL, NULL),
(127, 3, 127, NULL, NULL),
(128, 3, 128, NULL, NULL),
(129, 1, 129, NULL, NULL),
(130, 1, 130, NULL, NULL),
(131, 1, 131, NULL, NULL),
(132, 1, 132, NULL, NULL),
(133, 3, 133, NULL, NULL),
(134, 1, 134, NULL, NULL),
(135, 1, 135, NULL, NULL),
(136, 3, 136, NULL, NULL),
(137, 1, 137, NULL, NULL),
(138, 3, 138, NULL, NULL),
(139, 1, 139, NULL, NULL),
(140, 3, 140, NULL, NULL),
(141, 1, 141, NULL, NULL),
(142, 3, 142, NULL, NULL),
(144, 1, 144, NULL, NULL),
(145, 1, 145, NULL, NULL),
(146, 1, 146, NULL, NULL),
(147, 1, 147, NULL, NULL),
(148, 1, 148, NULL, NULL),
(149, 1, 149, NULL, NULL),
(150, 1, 150, NULL, NULL),
(151, 3, 151, NULL, NULL),
(152, 3, 152, NULL, NULL),
(154, 4, 154, NULL, NULL),
(155, 1, 155, NULL, NULL),
(157, 1, 157, NULL, NULL),
(158, 1, 158, NULL, NULL),
(159, 3, 159, NULL, NULL),
(160, 1, 160, NULL, NULL),
(161, 1, 161, NULL, NULL),
(162, 1, 162, NULL, NULL),
(163, 3, 163, NULL, NULL),
(164, 1, 164, NULL, NULL),
(165, 1, 165, NULL, NULL),
(166, 1, 166, NULL, NULL),
(167, 1, 167, NULL, NULL),
(168, 4, 168, NULL, NULL),
(169, 3, 169, NULL, NULL),
(170, 1, 170, NULL, NULL),
(171, 1, 171, NULL, NULL),
(172, 3, 172, NULL, NULL),
(173, 1, 173, NULL, NULL),
(174, 1, 174, NULL, NULL),
(175, 1, 175, NULL, NULL),
(176, 1, 176, NULL, NULL),
(177, 3, 177, NULL, NULL),
(178, 3, 178, NULL, NULL),
(179, 4, 179, NULL, NULL),
(180, 1, 180, NULL, NULL),
(182, 1, 182, NULL, NULL),
(183, 1, 183, NULL, NULL),
(184, 3, 184, NULL, NULL),
(185, 1, 185, NULL, NULL),
(186, 4, 186, NULL, NULL),
(187, 1, 187, NULL, NULL),
(188, 1, 188, NULL, NULL),
(189, 1, 189, NULL, NULL),
(190, 1, 190, NULL, NULL),
(191, 1, 191, NULL, NULL),
(192, 1, 192, NULL, NULL),
(193, 1, 193, NULL, NULL),
(194, 1, 194, NULL, NULL),
(195, 3, 195, NULL, NULL),
(196, 3, 196, NULL, NULL),
(197, 4, 197, NULL, NULL),
(198, 4, 198, NULL, NULL),
(199, 4, 199, NULL, NULL),
(200, 4, 200, NULL, NULL),
(201, 4, 201, NULL, NULL),
(202, 4, 202, NULL, NULL),
(203, 4, 203, NULL, NULL),
(204, 4, 204, NULL, NULL),
(205, 1, 205, NULL, NULL),
(206, 1, 206, NULL, NULL),
(207, 1, 207, NULL, NULL),
(208, 1, 208, NULL, NULL),
(209, 1, 209, NULL, NULL),
(210, 1, 210, NULL, NULL),
(211, 3, 211, NULL, NULL),
(212, 4, 212, NULL, NULL),
(215, 3, 215, NULL, NULL),
(216, 1, 216, NULL, NULL),
(217, 3, 217, NULL, NULL),
(218, 3, 218, NULL, NULL),
(219, 1, 219, NULL, NULL),
(220, 3, 220, NULL, NULL);

-- --------------------------------------------------------

--
-- Структура таблицы `competition_organization`
--
-- Создание: Ноя 23 2022 г., 07:20
--

DROP TABLE IF EXISTS `competition_organization`;
CREATE TABLE `competition_organization` (
  `id` bigint(20) UNSIGNED NOT NULL,
  `competition_id` bigint(20) NOT NULL,
  `organization_id` bigint(20) NOT NULL,
  `created_at` timestamp NULL DEFAULT NULL,
  `updated_at` timestamp NULL DEFAULT NULL
) ENGINE=InnoDB DEFAULT CHARSET=utf8mb4 COLLATE=utf8mb4_unicode_ci;

--
-- Дамп данных таблицы `competition_organization`
--

INSERT INTO `competition_organization` (`id`, `competition_id`, `organization_id`, `created_at`, `updated_at`) VALUES
(2, 1, 1, NULL, NULL),
(3, 2, 1, NULL, NULL),
(4, 3, 1, NULL, NULL),
(5, 4, 1, NULL, NULL);

-- --------------------------------------------------------

--
-- Структура таблицы `competitors`
--
-- Создание: Ноя 11 2022 г., 09:25
--

DROP TABLE IF EXISTS `competitors`;
CREATE TABLE `competitors` (
  `id` bigint(20) UNSIGNED NOT NULL,
  `athlete_id` bigint(20) UNSIGNED NOT NULL,
  `weight` double NOT NULL,
  `lot` int(11) DEFAULT NULL,
  `agecategory_id` bigint(20) UNSIGNED DEFAULT NULL,
  `weightcategory_id` bigint(20) UNSIGNED DEFAULT NULL,
  `tehkvalgroup_id` bigint(20) UNSIGNED DEFAULT NULL,
  `created_at` timestamp NULL DEFAULT NULL,
  `updated_at` timestamp NULL DEFAULT NULL
) ENGINE=InnoDB DEFAULT CHARSET=utf8mb4 COLLATE=utf8mb4_unicode_ci;

--
-- Дамп данных таблицы `competitors`
--

INSERT INTO `competitors` (`id`, `athlete_id`, `weight`, `lot`, `agecategory_id`, `weightcategory_id`, `tehkvalgroup_id`, `created_at`, `updated_at`) VALUES
(1, 43, 41, NULL, 2, 46, 4, '2022-12-01 14:03:19', '2022-12-09 05:55:19'),
(2, 57, 30, NULL, 1, 64, 1, '2022-12-02 11:50:20', '2022-12-02 11:50:20'),
(4, 56, 18.7, NULL, 8, 116, 28, '2022-12-03 04:58:39', '2022-12-03 04:58:39'),
(5, 45, 25, NULL, 8, 115, 28, '2022-12-03 08:31:39', '2022-12-03 08:31:39'),
(6, 10, 39, NULL, 1, 68, 1, '2022-12-03 09:05:43', '2022-12-03 09:05:43'),
(7, 85, 29, NULL, 1, 64, 1, '2022-12-03 10:57:18', '2022-12-03 10:57:18'),
(8, 89, 25, NULL, 1, 62, 1, '2022-12-03 12:25:46', '2022-12-03 12:25:46'),
(9, 23, 35, NULL, 1, 77, 1, '2022-12-03 13:27:14', '2022-12-03 13:27:14'),
(10, 50, 38.9, NULL, 1, 68, 1, '2022-12-04 05:41:34', '2022-12-04 05:41:34'),
(11, 20, 30, NULL, 2, 42, 4, '2022-12-04 06:03:19', '2022-12-04 06:03:19'),
(12, 16, 35, NULL, 1, 77, 1, '2022-12-04 06:43:48', '2022-12-04 06:43:48'),
(13, 37, 25.8, NULL, 8, 115, 28, '2022-12-04 08:16:58', '2022-12-04 08:16:58'),
(14, 38, 31.8, NULL, 1, 65, 1, '2022-12-04 08:17:18', '2022-12-04 08:17:18'),
(15, 32, 35, NULL, 1, 67, 1, '2022-12-04 11:26:39', '2022-12-04 11:26:39'),
(16, 100, 21, NULL, 8, 115, 28, '2022-12-04 16:45:08', '2022-12-04 16:45:08'),
(17, 9, 28.5, NULL, 1, 64, 1, '2022-12-05 04:31:45', '2022-12-05 04:31:45'),
(18, 98, 30, NULL, 8, 116, 28, '2022-12-05 05:02:10', '2022-12-05 05:02:10'),
(19, 108, 35, NULL, 1, 67, 1, '2022-12-05 05:33:13', '2022-12-05 05:33:13'),
(20, 107, 15, NULL, 7, 113, 27, '2022-12-05 05:56:25', '2022-12-05 05:56:25'),
(21, 14, 36.6, NULL, 2, 45, 4, '2022-12-05 09:05:07', '2022-12-05 09:05:07'),
(22, 34, 26, NULL, 1, 62, 1, '2022-12-05 09:24:28', '2022-12-09 06:14:52'),
(23, 124, 25, NULL, 1, 72, 1, '2022-12-05 11:13:25', '2022-12-05 11:13:25'),
(25, 17, 20, NULL, 7, 114, 27, '2022-12-05 11:52:13', '2022-12-05 11:52:13'),
(26, 120, 32, NULL, 1, 65, 1, '2022-12-05 12:43:37', '2022-12-05 12:43:37'),
(27, 126, 19, NULL, 1, 71, 1, '2022-12-05 13:44:58', '2022-12-05 13:44:58'),
(28, 72, 33, NULL, 2, 43, 4, '2022-12-05 13:52:20', '2022-12-05 13:52:20'),
(30, 133, 29, NULL, 1, 64, 1, '2022-12-05 14:26:58', '2022-12-05 14:26:58'),
(31, 93, 26, NULL, 8, 115, 28, '2022-12-05 15:08:10', '2022-12-05 15:08:10'),
(32, 125, 22, NULL, 8, 116, 28, '2022-12-05 15:55:26', '2022-12-05 15:55:26'),
(33, 136, 25.8, NULL, 2, 41, 4, '2022-12-05 17:19:10', '2022-12-05 17:19:10'),
(34, 137, 36, NULL, 1, 67, 1, '2022-12-05 17:30:47', '2022-12-05 17:30:47'),
(35, 141, 27, NULL, 8, 115, 28, '2022-12-06 02:28:48', '2022-12-06 02:28:48'),
(36, 65, 24, NULL, 1, 61, 1, '2022-12-06 03:14:52', '2022-12-06 03:14:52'),
(37, 142, 40, NULL, 2, 45, 4, '2022-12-06 03:59:02', '2022-12-06 03:59:02'),
(38, 146, 40, NULL, 1, 68, 1, '2022-12-06 05:03:30', '2022-12-06 05:03:30'),
(39, 147, 31, NULL, 8, 115, 28, '2022-12-06 05:54:15', '2022-12-06 05:54:15'),
(40, 87, 25, NULL, 8, 116, 28, '2022-12-06 06:19:04', '2022-12-06 06:19:04'),
(41, 122, 39, NULL, 2, 45, 4, '2022-12-06 06:27:36', '2022-12-06 06:27:36'),
(42, 139, 24, NULL, 8, 115, 28, '2022-12-06 07:02:10', '2022-12-06 07:02:10'),
(44, 67, 29.1, NULL, 8, 115, 28, '2022-12-06 07:20:18', '2022-12-06 07:20:18'),
(45, 140, 35, NULL, 2, 44, 4, '2022-12-06 07:36:14', '2022-12-06 07:36:14'),
(47, 150, 38, NULL, 2, 45, 4, '2022-12-06 08:21:15', '2022-12-06 08:21:15'),
(48, 152, 33, NULL, 2, 43, 4, '2022-12-06 08:41:35', '2022-12-06 08:41:35'),
(49, 116, 25, NULL, 1, 62, 1, '2022-12-06 12:28:23', '2022-12-06 12:28:23'),
(50, 138, 24, NULL, 8, 115, 28, '2022-12-06 12:58:37', '2022-12-06 12:58:37'),
(51, 158, 41, NULL, 2, 46, 4, '2022-12-06 13:34:35', '2022-12-06 13:34:35'),
(53, 159, 22, NULL, 8, 115, 28, '2022-12-06 15:05:08', '2022-12-06 15:05:08'),
(54, 155, 26, NULL, 1, 62, 1, '2022-12-06 15:30:16', '2022-12-06 15:30:16'),
(55, 161, 30, NULL, 1, 64, 1, '2022-12-06 17:07:36', '2022-12-06 17:07:36'),
(56, 165, 30, NULL, 1, 64, 1, '2022-12-07 06:32:51', '2022-12-07 06:32:51'),
(57, 79, 29, NULL, 8, 115, 28, '2022-12-07 08:55:19', '2022-12-07 08:55:19'),
(58, 33, 27, NULL, 1, 73, 1, '2022-12-07 10:15:09', '2022-12-07 10:15:09'),
(59, 169, 24, NULL, 7, 113, 27, '2022-12-07 11:24:07', '2022-12-07 11:24:07'),
(60, 143, 27, NULL, 8, 115, 28, '2022-12-07 12:18:55', '2022-12-07 12:18:55'),
(61, 171, 32, NULL, 1, 75, 1, '2022-12-07 15:16:58', '2022-12-07 15:16:58'),
(62, 69, 23, NULL, 8, 115, 28, '2022-12-08 01:02:31', '2022-12-08 01:02:31'),
(63, 173, 27, NULL, 1, 63, 1, '2022-12-08 05:07:54', '2022-12-08 05:07:54'),
(64, 42, 27.5, NULL, 8, 116, 28, '2022-12-08 06:01:36', '2022-12-08 06:01:36'),
(65, 174, 28, NULL, 1, 63, 1, '2022-12-08 06:31:10', '2022-12-08 06:31:10'),
(66, 175, 22, NULL, 1, 71, 1, '2022-12-08 06:39:03', '2022-12-08 06:39:03'),
(67, 15, 22, NULL, 8, 115, 28, '2022-12-08 06:39:38', '2022-12-08 06:39:38'),
(68, 177, 42, NULL, 2, 46, 4, '2022-12-08 06:56:55', '2022-12-08 06:56:55'),
(69, 165, 22, NULL, 1, 61, 1, '2022-12-08 06:57:59', '2022-12-08 06:57:59'),
(70, 82, 35, NULL, 1, 77, 1, '2022-12-08 07:07:45', '2022-12-08 07:07:45'),
(71, 179, 25, NULL, 1, 62, 1, '2022-12-08 07:35:24', '2022-12-08 07:35:24'),
(72, 13, 27, NULL, 1, 63, 1, '2022-12-08 07:53:13', '2022-12-08 07:53:13'),
(73, 183, 35, NULL, 1, 67, 1, '2022-12-08 08:31:32', '2022-12-08 08:31:32'),
(74, 181, 25, NULL, 8, 115, 28, '2022-12-08 08:39:57', '2022-12-08 08:39:57'),
(75, 185, 30, NULL, 1, 64, 1, '2022-12-08 09:13:09', '2022-12-08 09:13:09'),
(76, 185, 28, NULL, 1, 63, 1, '2022-12-08 09:13:44', '2022-12-08 09:13:44'),
(77, 106, 38, NULL, 2, 45, 4, '2022-12-08 09:13:45', '2022-12-08 09:13:45'),
(78, 121, 36, NULL, 1, 67, 1, '2022-12-08 10:30:31', '2022-12-08 10:30:31'),
(79, 189, 20, NULL, 8, 116, 28, '2022-12-08 10:41:45', '2022-12-08 10:41:45'),
(80, 188, 22, NULL, 1, 61, 1, '2022-12-08 11:06:04', '2022-12-08 11:06:04'),
(81, 47, 32, NULL, 8, 115, 28, '2022-12-08 11:44:00', '2022-12-08 11:44:00'),
(82, 29, 25, NULL, 1, 72, 1, '2022-12-08 11:52:44', '2022-12-08 11:52:44'),
(83, 81, 18, NULL, 7, 114, 27, '2022-12-08 11:54:39', '2022-12-08 11:54:39'),
(84, 168, 35, NULL, 8, 116, 28, '2022-12-08 12:17:24', '2022-12-08 12:17:24'),
(85, 176, 26, NULL, 8, 115, 28, '2022-12-08 13:14:40', '2022-12-08 13:14:40'),
(86, 190, 25, NULL, 1, 72, 1, '2022-12-08 13:41:04', '2022-12-08 13:41:04'),
(87, 193, 28, NULL, 8, 115, 28, '2022-12-08 13:42:34', '2022-12-08 13:42:34'),
(88, 195, 26, NULL, 8, 116, 28, '2022-12-08 14:49:31', '2022-12-08 14:49:31'),
(89, 197, 25, NULL, 1, 62, 1, '2022-12-08 15:25:37', '2022-12-08 15:25:37'),
(90, 41, 30, NULL, 8, 115, 28, '2022-12-08 15:52:25', '2022-12-08 15:52:25'),
(91, 198, 25, NULL, 8, 115, 28, '2022-12-08 17:16:44', '2022-12-08 17:16:44'),
(92, 88, 26, NULL, 8, 115, 28, '2022-12-09 07:26:00', '2022-12-09 07:26:00'),
(93, 92, 23, NULL, 8, 116, 28, '2022-12-09 08:02:53', '2022-12-09 08:02:53'),
(94, 154, 27, NULL, 8, 115, 28, '2022-12-09 08:24:36', '2022-12-09 08:24:36'),
(95, 201, 24, NULL, 8, 115, 28, '2022-12-09 13:10:24', '2022-12-09 13:10:24'),
(96, 151, 44, NULL, 3, 35, 7, '2022-12-12 06:24:13', '2022-12-12 06:24:13'),
(97, 22, 32, NULL, 1, 65, 1, '2022-12-12 06:26:44', '2022-12-12 06:26:44'),
(98, 151, 50, NULL, 3, 37, 7, '2022-12-12 06:36:20', '2022-12-12 06:36:20'),
(99, 35, 23, NULL, 1, 61, 1, '2022-12-12 06:37:03', '2022-12-12 06:37:03'),
(100, 35, 28, NULL, 1, 63, 1, '2022-12-12 06:48:55', '2022-12-12 06:48:55'),
(101, 35, 25, NULL, 1, 62, 1, '2022-12-12 06:49:30', '2022-12-12 06:49:30'),
(102, 29, 31, NULL, 1, 75, 1, '2022-12-12 06:59:03', '2022-12-12 06:59:03'),
(103, 22, 34, NULL, 1, 66, 1, '2022-12-12 07:01:55', '2022-12-12 07:01:55'),
(104, 22, 35, NULL, 1, 67, 1, '2022-12-12 07:02:11', '2022-12-12 07:02:11'),
(105, 45, 26, NULL, 8, 115, 28, '2022-12-12 08:20:03', '2022-12-12 08:20:03'),
(106, 45, 25, NULL, 8, 115, 28, '2022-12-12 08:27:56', '2022-12-12 08:27:56'),
(108, 45, 30, NULL, 8, 115, 28, '2022-12-12 08:28:25', '2022-12-12 08:28:25'),
(111, 29, 26, NULL, 1, 72, 1, '2022-12-12 08:31:56', '2022-12-12 08:31:56'),
(112, 29, 31, NULL, 1, 75, 1, '2022-12-12 08:49:59', '2022-12-12 08:49:59'),
(115, 208, 37, NULL, 3, 22, 23, '2022-12-12 08:57:31', '2022-12-14 06:36:45'),
(116, 210, 30, NULL, 1, 74, 1, '2022-12-12 09:17:08', '2022-12-12 09:17:08'),
(117, 210, 30, NULL, 1, 74, 1, '2022-12-12 09:17:45', '2022-12-12 09:17:45'),
(118, 211, 37, NULL, 1, 77, 1, '2022-12-12 09:28:47', '2022-12-12 09:28:47'),
(119, 43, 41, NULL, 2, 46, 20, '2022-12-12 10:35:00', '2022-12-14 06:36:34'),
(120, 43, 41, NULL, 2, 46, 37, '2022-12-12 10:35:15', '2022-12-14 06:54:49'),
(122, 36, 47, NULL, 2, 47, 20, '2022-12-12 10:39:23', '2022-12-14 06:35:48'),
(123, 36, 47, NULL, 2, 47, 38, '2022-12-12 10:41:55', '2022-12-14 06:54:37'),
(124, 215, 34, NULL, 2, 54, 20, '2022-12-12 12:39:03', '2022-12-14 06:35:34'),
(125, 216, 25, NULL, 8, 116, 28, '2022-12-12 13:19:45', '2022-12-12 13:19:45'),
(126, 9, 28, NULL, 1, 63, 1, '2022-12-12 13:44:56', '2022-12-12 13:44:56'),
(127, 9, 28, NULL, 1, 63, 35, '2022-12-12 13:45:48', '2022-12-14 06:54:27'),
(128, 217, 29, NULL, 1, 64, 1, '2022-12-12 13:54:08', '2022-12-12 13:54:08'),
(129, 99, 41, NULL, 2, 56, 4, '2022-12-12 14:50:54', '2022-12-12 14:50:54'),
(130, 65, 24, NULL, 1, 61, 1, '2022-12-12 15:09:17', '2022-12-12 15:09:17'),
(131, 218, 44, NULL, 2, 56, 4, '2022-12-12 15:36:16', '2022-12-12 15:36:16'),
(132, 163, 34, NULL, 1, 66, 19, '2022-12-13 01:16:52', '2022-12-14 06:36:22'),
(133, 163, 34, NULL, 1, 66, 35, '2022-12-13 01:18:40', '2022-12-14 06:54:17'),
(134, 44, 31.5, NULL, 2, 53, 20, '2022-12-13 02:56:16', '2022-12-14 06:36:04'),
(135, 220, 37.5, NULL, 3, 23, 22, '2022-12-13 04:56:29', '2022-12-14 06:35:16'),
(136, 220, 37.5, NULL, 3, 23, 40, '2022-12-13 04:56:43', '2022-12-14 06:54:08'),
(137, 223, 42, NULL, 2, 46, 20, '2022-12-13 06:34:28', '2022-12-14 06:35:08'),
(138, 223, 42, NULL, 2, 46, 37, '2022-12-13 06:34:57', '2022-12-14 06:54:00'),
(139, 84, 36, NULL, 3, 22, 23, '2022-12-13 07:06:40', '2022-12-14 06:34:50'),
(140, 84, 36, NULL, 3, 22, 43, '2022-12-13 07:08:50', '2022-12-14 06:53:51'),
(141, 24, 42, NULL, 2, 46, 20, '2022-12-13 09:12:08', '2022-12-14 06:34:41'),
(142, 24, 42, NULL, 2, 46, 37, '2022-12-13 09:12:51', '2022-12-14 06:53:42'),
(144, 58, 32, NULL, 2, 43, 4, '2022-12-13 12:00:06', '2022-12-13 12:00:06'),
(145, 212, 39, NULL, 2, 45, 4, '2022-12-13 12:18:08', '2022-12-13 12:18:08'),
(146, 225, 43, NULL, 2, 46, 20, '2022-12-13 13:53:31', '2022-12-14 06:34:23'),
(147, 48, 50, NULL, 2, 48, 20, '2022-12-13 13:59:37', '2022-12-14 06:34:08'),
(148, 226, 49, NULL, 2, 48, 20, '2022-12-13 14:17:46', '2022-12-14 06:33:55'),
(149, 227, 51, NULL, 3, 37, 7, '2022-12-13 15:15:04', '2022-12-13 15:15:04'),
(150, 68, 24.5, NULL, 1, 62, 19, '2022-12-13 16:18:52', '2022-12-14 06:19:37'),
(151, 68, 24.5, NULL, 1, 62, 36, '2022-12-13 16:19:31', '2022-12-14 06:53:31'),
(152, 48, 50, NULL, 2, 48, 37, '2022-12-13 16:29:16', '2022-12-14 06:53:22'),
(154, 138, 23, NULL, 8, 115, 28, '2022-12-14 05:21:26', '2022-12-14 05:21:26'),
(155, 207, 45, NULL, 3, 24, 22, '2022-12-14 06:04:03', '2022-12-14 06:47:43'),
(157, 230, 37, NULL, 3, 33, 7, '2022-12-14 06:46:47', '2022-12-14 06:46:47'),
(158, 156, 36, NULL, 3, 22, 22, '2022-12-14 06:46:54', '2022-12-14 06:47:55'),
(159, 230, 37, NULL, 3, 33, 41, '2022-12-14 06:47:03', '2022-12-14 13:28:15'),
(160, 142, 40, NULL, 2, 45, 20, '2022-12-14 06:53:57', '2022-12-14 06:56:12'),
(161, 136, 25, NULL, 2, 41, 20, '2022-12-14 06:54:40', '2022-12-14 06:55:56'),
(162, 150, 38, NULL, 2, 45, 20, '2022-12-14 06:57:54', '2022-12-14 06:59:00'),
(163, 89, 25, NULL, 1, 62, 1, '2022-12-14 07:00:55', '2022-12-14 07:00:55'),
(164, 181, 25, NULL, 8, 115, 28, '2022-12-14 07:12:08', '2022-12-14 07:12:08'),
(165, 117, 29, NULL, 1, 64, 19, '2022-12-14 09:13:57', '2022-12-14 11:50:07'),
(166, 118, 45, NULL, 3, 36, 23, '2022-12-14 09:14:22', '2022-12-14 11:49:53'),
(167, 14, 36.6, NULL, 2, 45, 4, '2022-12-14 09:22:17', '2022-12-14 09:22:17'),
(168, 233, 35, NULL, 1, 67, 45, '2022-12-14 11:36:22', '2022-12-15 11:16:13'),
(169, 234, 29, NULL, 2, 42, 38, '2022-12-14 11:49:25', '2022-12-14 13:28:00'),
(170, 54, 25, NULL, 2, 51, 4, '2022-12-14 13:26:57', '2022-12-14 13:26:57'),
(171, 236, 54, NULL, 3, 27, 22, '2022-12-14 14:02:13', '2022-12-14 14:34:54'),
(172, 236, 54, NULL, 3, 27, 41, '2022-12-14 14:02:34', '2022-12-14 14:35:16'),
(173, 237, 25, NULL, 1, 62, 19, '2022-12-14 14:42:59', '2022-12-14 14:47:47'),
(174, 232, 59, NULL, 3, 28, 23, '2022-12-14 14:45:11', '2022-12-14 15:38:12'),
(175, 139, 23, NULL, 8, 115, 28, '2022-12-14 14:48:52', '2022-12-14 14:48:52'),
(176, 235, 24, NULL, 2, 41, 20, '2022-12-14 14:57:12', '2022-12-14 15:05:12'),
(177, 80, 26, NULL, 1, 62, 1, '2022-12-14 14:57:26', '2022-12-14 14:57:26'),
(178, 235, 24, NULL, 2, 41, 37, '2022-12-14 14:57:30', '2022-12-14 15:04:50'),
(179, 80, 26, NULL, 1, 62, 1, '2022-12-14 14:58:15', '2022-12-14 14:58:15'),
(180, 239, 61, NULL, 3, 28, 23, '2022-12-14 15:13:26', '2022-12-14 15:37:51'),
(182, 240, 53, NULL, 4, 4, 29, '2022-12-14 15:31:43', '2022-12-14 15:37:30'),
(183, 179, 25, NULL, 1, 62, 1, '2022-12-14 16:21:52', '2022-12-14 16:21:52'),
(184, 179, 25, NULL, 1, 62, 1, '2022-12-14 16:22:05', '2022-12-14 16:22:05'),
(185, 108, 34, NULL, 1, 66, 19, '2022-12-15 04:27:42', '2022-12-15 11:56:03'),
(186, 179, 25, NULL, 1, 62, 1, '2022-12-15 05:28:10', '2022-12-15 05:28:10'),
(187, 70, 36, NULL, 2, 44, 4, '2022-12-15 06:07:42', '2022-12-15 06:07:42'),
(188, 243, 36, NULL, 2, 44, 21, '2022-12-15 08:18:39', '2022-12-15 12:25:18'),
(189, 244, 28, NULL, 1, 63, 2, '2022-12-15 10:40:21', '2022-12-15 10:40:21'),
(190, 213, 30, NULL, 2, 52, 20, '2022-12-15 10:40:39', '2022-12-15 10:42:56'),
(191, 204, 41, NULL, 2, 56, 20, '2022-12-15 10:44:26', '2022-12-15 10:45:11'),
(192, 186, 30, NULL, 2, 42, 20, '2022-12-15 10:46:24', '2022-12-15 10:47:38'),
(193, 221, 29, NULL, 1, 64, 19, '2022-12-15 10:46:45', '2022-12-15 10:47:48'),
(194, 209, 39, NULL, 2, 45, 21, '2022-12-15 10:47:00', '2022-12-15 10:48:31'),
(195, 213, 30, NULL, 2, 52, 4, '2022-12-15 10:49:52', '2022-12-15 10:49:52'),
(196, 182, 33, NULL, 1, 66, 35, '2022-12-15 10:49:58', '2022-12-15 10:50:21'),
(197, 182, 33, NULL, 1, 66, 1, '2022-12-15 11:06:40', '2022-12-15 11:06:40'),
(198, 221, 29, NULL, 1, 64, 1, '2022-12-15 11:06:57', '2022-12-15 11:06:57'),
(199, 219, 41, NULL, 1, 68, 45, '2022-12-15 11:07:10', '2022-12-15 11:11:23'),
(200, 192, 42, NULL, 1, 69, 1, '2022-12-15 11:08:01', '2022-12-15 11:08:01'),
(201, 200, 25, NULL, 1, 62, 1, '2022-12-15 11:09:46', '2022-12-15 11:09:46'),
(202, 204, 41, NULL, 2, 56, 4, '2022-12-15 11:10:41', '2022-12-15 11:10:41'),
(203, 222, 36, NULL, 1, 77, 1, '2022-12-15 11:10:50', '2022-12-15 11:10:50'),
(204, 242, 23, NULL, 8, 116, 28, '2022-12-15 11:40:16', '2022-12-15 11:40:16'),
(205, 33, 26, NULL, 1, 72, 1, '2022-12-15 14:55:10', '2022-12-15 14:55:10'),
(206, 49, 29, NULL, 2, 42, 4, '2022-12-15 14:58:23', '2022-12-15 14:58:23'),
(207, 91, 30, NULL, 1, 64, 1, '2022-12-15 14:58:36', '2022-12-15 14:58:36'),
(208, 123, 31, NULL, 2, 43, 4, '2022-12-15 14:59:02', '2022-12-15 14:59:02'),
(209, 131, 41, NULL, 2, 46, 4, '2022-12-15 14:59:16', '2022-12-15 14:59:16'),
(210, 199, 21, NULL, 8, 115, 28, '2022-12-15 14:59:31', '2022-12-15 14:59:31'),
(211, 245, 45, NULL, 2, 57, 4, '2022-12-15 17:29:13', '2022-12-15 17:29:13'),
(212, 245, 45, NULL, 2, 57, 4, '2022-12-15 17:31:07', '2022-12-15 17:31:07'),
(215, 9, 28, NULL, 1, 63, 1, '2022-12-16 10:57:43', '2022-12-16 10:57:43'),
(216, 241, 29, NULL, 1, 64, 1, '2022-12-16 16:08:23', '2022-12-16 16:08:23'),
(217, 185, 30, NULL, 1, 64, 1, '2022-12-17 10:05:45', '2022-12-17 10:05:45'),
(218, 246, 50, NULL, 2, 48, 4, '2022-12-17 10:39:44', '2022-12-17 10:39:44'),
(219, 247, 50, NULL, 3, 26, 7, '2022-12-17 11:43:16', '2022-12-17 11:43:16'),
(220, 244, 56, NULL, 1, 70, 2, '2022-12-18 03:40:23', '2022-12-18 03:40:23');

-- --------------------------------------------------------

--
-- Структура таблицы `countries`
--
-- Создание: Сен 29 2022 г., 14:12
--

DROP TABLE IF EXISTS `countries`;
CREATE TABLE `countries` (
  `id` bigint(20) UNSIGNED NOT NULL,
  `title` varchar(255) COLLATE utf8mb4_unicode_ci NOT NULL,
  `code` varchar(255) COLLATE utf8mb4_unicode_ci NOT NULL,
  `created_at` timestamp NULL DEFAULT NULL,
  `updated_at` timestamp NULL DEFAULT NULL
) ENGINE=InnoDB DEFAULT CHARSET=utf8mb4 COLLATE=utf8mb4_unicode_ci;

--
-- Дамп данных таблицы `countries`
--

INSERT INTO `countries` (`id`, `title`, `code`, `created_at`, `updated_at`) VALUES
(1, 'Россия', 'RU', NULL, NULL);

-- --------------------------------------------------------

--
-- Структура таблицы `decrees`
--
-- Создание: Сен 29 2022 г., 14:12
--

DROP TABLE IF EXISTS `decrees`;
CREATE TABLE `decrees` (
  `id` bigint(20) UNSIGNED NOT NULL,
  `series` varchar(45) COLLATE utf8mb4_unicode_ci NOT NULL,
  `num` varchar(45) COLLATE utf8mb4_unicode_ci NOT NULL,
  `dateissue` date NOT NULL,
  `title` varchar(255) COLLATE utf8mb4_unicode_ci NOT NULL,
  `organization_id` bigint(20) UNSIGNED NOT NULL,
  `athlete_id` bigint(20) UNSIGNED NOT NULL,
  `coach_id` bigint(20) UNSIGNED NOT NULL,
  `scanlink` varchar(255) COLLATE utf8mb4_unicode_ci NOT NULL,
  `created_at` timestamp NULL DEFAULT NULL,
  `updated_at` timestamp NULL DEFAULT NULL
) ENGINE=InnoDB DEFAULT CHARSET=utf8mb4 COLLATE=utf8mb4_unicode_ci;

-- --------------------------------------------------------

--
-- Структура таблицы `departments`
--
-- Создание: Сен 29 2022 г., 14:12
--

DROP TABLE IF EXISTS `departments`;
CREATE TABLE `departments` (
  `id` bigint(20) UNSIGNED NOT NULL,
  `fulltitle` varchar(345) COLLATE utf8mb4_unicode_ci NOT NULL,
  `shorttitle` varchar(145) COLLATE utf8mb4_unicode_ci NOT NULL,
  `address` varchar(345) COLLATE utf8mb4_unicode_ci NOT NULL,
  `organization_id` bigint(20) UNSIGNED DEFAULT NULL,
  `created_at` timestamp NULL DEFAULT NULL,
  `updated_at` timestamp NULL DEFAULT NULL
) ENGINE=InnoDB DEFAULT CHARSET=utf8mb4 COLLATE=utf8mb4_unicode_ci;

-- --------------------------------------------------------

--
-- Структура таблицы `districts`
--
-- Создание: Сен 29 2022 г., 14:12
--

DROP TABLE IF EXISTS `districts`;
CREATE TABLE `districts` (
  `id` bigint(20) UNSIGNED NOT NULL,
  `fulltitle` varchar(345) COLLATE utf8mb4_unicode_ci NOT NULL,
  `shorttitle` varchar(145) COLLATE utf8mb4_unicode_ci NOT NULL,
  `created_at` timestamp NULL DEFAULT NULL,
  `updated_at` timestamp NULL DEFAULT NULL
) ENGINE=InnoDB DEFAULT CHARSET=utf8mb4 COLLATE=utf8mb4_unicode_ci;

--
-- Дамп данных таблицы `districts`
--

INSERT INTO `districts` (`id`, `fulltitle`, `shorttitle`, `created_at`, `updated_at`) VALUES
(1, 'Южный федеральный округ', 'ЮФО', NULL, NULL),
(2, 'Центральный федеральный округ', 'ЦФО', NULL, NULL),
(3, 'Северо-Западный федеральный округ', 'СЗФО', NULL, NULL),
(4, 'Северо-Кавказский федеральный округ', 'СКФО', NULL, NULL),
(5, 'Приволжский федеральный округ', 'ПФО', NULL, NULL),
(6, 'Уральский федеральный округ', 'УрФО', NULL, NULL),
(7, 'Сибирский федеральный округ', 'СФО', NULL, NULL),
(8, 'Дальневосточный федеральный округ', 'ДвФО', NULL, NULL);

-- --------------------------------------------------------

--
-- Структура таблицы `failed_jobs`
--
-- Создание: Сен 29 2022 г., 14:12
--

DROP TABLE IF EXISTS `failed_jobs`;
CREATE TABLE `failed_jobs` (
  `id` bigint(20) UNSIGNED NOT NULL,
  `uuid` varchar(255) COLLATE utf8mb4_unicode_ci NOT NULL,
  `connection` text COLLATE utf8mb4_unicode_ci NOT NULL,
  `queue` text COLLATE utf8mb4_unicode_ci NOT NULL,
  `payload` longtext COLLATE utf8mb4_unicode_ci NOT NULL,
  `exception` longtext COLLATE utf8mb4_unicode_ci NOT NULL,
  `failed_at` timestamp NOT NULL DEFAULT CURRENT_TIMESTAMP
) ENGINE=InnoDB DEFAULT CHARSET=utf8mb4 COLLATE=utf8mb4_unicode_ci;

-- --------------------------------------------------------

--
-- Структура таблицы `grades`
--
-- Создание: Окт 25 2022 г., 19:14
--

DROP TABLE IF EXISTS `grades`;
CREATE TABLE `grades` (
  `id` bigint(20) UNSIGNED NOT NULL,
  `grade` int(11) DEFAULT NULL,
  `competitor_id` int(11) DEFAULT NULL,
  `created_at` timestamp NULL DEFAULT NULL,
  `updated_at` timestamp NULL DEFAULT NULL
) ENGINE=InnoDB DEFAULT CHARSET=utf8mb4 COLLATE=utf8mb4_unicode_ci;

--
-- Дамп данных таблицы `grades`
--

INSERT INTO `grades` (`id`, `grade`, `competitor_id`, `created_at`, `updated_at`) VALUES
(1, NULL, 98, '2022-12-18 08:53:16', '2022-12-18 08:53:16'),
(2, 5, NULL, '2022-12-18 08:54:12', '2022-12-18 08:54:12'),
(3, 4, NULL, '2022-12-18 08:54:17', '2022-12-18 08:54:17'),
(4, 5, NULL, '2022-12-18 08:54:34', '2022-12-18 08:54:34');

-- --------------------------------------------------------

--
-- Структура таблицы `groups`
--
-- Создание: Сен 29 2022 г., 14:12
--

DROP TABLE IF EXISTS `groups`;
CREATE TABLE `groups` (
  `id` bigint(20) UNSIGNED NOT NULL,
  `departments_id` bigint(20) UNSIGNED NOT NULL,
  `kindsofsports_id` bigint(20) UNSIGNED NOT NULL,
  `title` varchar(45) COLLATE utf8mb4_unicode_ci NOT NULL,
  `created_at` timestamp NULL DEFAULT NULL,
  `updated_at` timestamp NULL DEFAULT NULL
) ENGINE=InnoDB DEFAULT CHARSET=utf8mb4 COLLATE=utf8mb4_unicode_ci;

-- --------------------------------------------------------

--
-- Структура таблицы `insurances`
--
-- Создание: Сен 29 2022 г., 14:12
--

DROP TABLE IF EXISTS `insurances`;
CREATE TABLE `insurances` (
  `id` bigint(20) UNSIGNED NOT NULL,
  `series` varchar(45) COLLATE utf8mb4_unicode_ci NOT NULL,
  `number` varchar(45) COLLATE utf8mb4_unicode_ci NOT NULL,
  `validuntil` date DEFAULT NULL,
  `athlete_id` bigint(20) UNSIGNED DEFAULT NULL,
  `scanlink` varchar(255) COLLATE utf8mb4_unicode_ci DEFAULT NULL,
  `created_at` timestamp NULL DEFAULT NULL,
  `updated_at` timestamp NULL DEFAULT NULL
) ENGINE=InnoDB DEFAULT CHARSET=utf8mb4 COLLATE=utf8mb4_unicode_ci;

-- --------------------------------------------------------

--
-- Структура таблицы `kinds_of_sports`
--
-- Создание: Сен 29 2022 г., 14:12
--

DROP TABLE IF EXISTS `kinds_of_sports`;
CREATE TABLE `kinds_of_sports` (
  `id` bigint(20) UNSIGNED NOT NULL,
  `title` varchar(45) COLLATE utf8mb4_unicode_ci NOT NULL,
  `code` varchar(45) COLLATE utf8mb4_unicode_ci NOT NULL,
  `created_at` timestamp NULL DEFAULT NULL,
  `updated_at` timestamp NULL DEFAULT NULL
) ENGINE=InnoDB DEFAULT CHARSET=utf8mb4 COLLATE=utf8mb4_unicode_ci;

-- --------------------------------------------------------

--
-- Структура таблицы `licenses`
--
-- Создание: Окт 26 2022 г., 07:25
--

DROP TABLE IF EXISTS `licenses`;
CREATE TABLE `licenses` (
  `id` bigint(20) UNSIGNED NOT NULL,
  `title` varchar(45) COLLATE utf8mb4_unicode_ci NOT NULL,
  `validuntil` date NOT NULL,
  `athlete_id` bigint(20) UNSIGNED NOT NULL,
  `organization_id` bigint(20) UNSIGNED NOT NULL,
  `scanlink` varchar(300) COLLATE utf8mb4_unicode_ci NOT NULL,
  `created_at` timestamp NULL DEFAULT NULL,
  `updated_at` timestamp NULL DEFAULT NULL
) ENGINE=InnoDB DEFAULT CHARSET=utf8mb4 COLLATE=utf8mb4_unicode_ci;

-- --------------------------------------------------------

--
-- Структура таблицы `medical_inspections`
--
-- Создание: Сен 29 2022 г., 14:12
--

DROP TABLE IF EXISTS `medical_inspections`;
CREATE TABLE `medical_inspections` (
  `id` bigint(20) UNSIGNED NOT NULL,
  `dateinsp` date NOT NULL,
  `note` text COLLATE utf8mb4_unicode_ci NOT NULL,
  `athlete_id` bigint(20) UNSIGNED NOT NULL,
  `organization_id` bigint(20) UNSIGNED NOT NULL,
  `created_at` timestamp NULL DEFAULT NULL,
  `updated_at` timestamp NULL DEFAULT NULL
) ENGINE=InnoDB DEFAULT CHARSET=utf8mb4 COLLATE=utf8mb4_unicode_ci;

-- --------------------------------------------------------

--
-- Структура таблицы `medical_policies`
--
-- Создание: Сен 29 2022 г., 14:12
--

DROP TABLE IF EXISTS `medical_policies`;
CREATE TABLE `medical_policies` (
  `id` bigint(20) UNSIGNED NOT NULL,
  `num` varchar(45) COLLATE utf8mb4_unicode_ci NOT NULL,
  `scanlink` varchar(345) COLLATE utf8mb4_unicode_ci NOT NULL,
  `created_at` timestamp NULL DEFAULT NULL,
  `updated_at` timestamp NULL DEFAULT NULL
) ENGINE=InnoDB DEFAULT CHARSET=utf8mb4 COLLATE=utf8mb4_unicode_ci;

-- --------------------------------------------------------

--
-- Структура таблицы `migrations`
--
-- Создание: Сен 29 2022 г., 14:12
--

DROP TABLE IF EXISTS `migrations`;
CREATE TABLE `migrations` (
  `id` int(10) UNSIGNED NOT NULL,
  `migration` varchar(255) COLLATE utf8mb4_unicode_ci NOT NULL,
  `batch` int(11) NOT NULL
) ENGINE=InnoDB DEFAULT CHARSET=utf8mb4 COLLATE=utf8mb4_unicode_ci;

--
-- Дамп данных таблицы `migrations`
--

INSERT INTO `migrations` (`id`, `migration`, `batch`) VALUES
(1, '2000_09_03_152116_create_roles_table', 1),
(2, '2010_10_12_000999_create_users_table', 1),
(3, '2014_10_12_100000_create_password_resets_table', 1),
(4, '2019_08_19_000000_create_failed_jobs_table', 1),
(5, '2019_12_14_000001_create_personal_access_tokens_table', 1),
(6, '2021_12_16_193016_create_passports_table', 1),
(7, '2021_12_16_193135_create_snils_table', 1),
(8, '2021_12_16_193227_create_organizations_table', 1),
(9, '2021_12_16_193258_create_countries_table', 1),
(10, '2021_12_16_193317_create_districts_table', 1),
(11, '2021_12_16_193334_create_regions_table', 1),
(12, '2021_12_17_035912_create_ages_table', 1),
(13, '2021_12_17_040144_create_tqtitles_table', 1),
(14, '2021_12_17_041337_create_departments_table', 1),
(15, '2021_12_17_041338_create_kinds_of_sports_table', 1),
(16, '2021_12_17_041339_create_groups_table', 1),
(17, '2021_12_17_042054_create_competitions_table', 1),
(18, '2021_12_17_043753_create_competitions_ranks_titles_table', 1),
(19, '2021_12_17_045519_create_birth_certificates_table', 1),
(20, '2021_12_17_045519_create_medical_policies_table', 1),
(21, '2021_12_17_045520_create_study_places_table', 1),
(22, '2021_12_17_045521_create_athlete_table', 1),
(23, '2021_12_17_045941_create_weight_categories_table', 1),
(24, '2021_12_17_050432_create_competitions_ranks_points_table', 1),
(25, '2021_12_17_051129_create_insurances_table', 1),
(26, '2021_12_17_051626_create_medical_inspections_table', 1),
(27, '2021_12_17_052000_create_work_places_table', 1),
(28, '2021_12_17_052021_create_parenteds_table', 1),
(29, '2021_12_17_052911_create_payments_titles_table', 1),
(30, '2021_12_17_052952_create_payments_table', 1),
(31, '2021_12_17_053428_create_sports_categories_titles_table', 1),
(32, '2021_12_17_053529_create_sports_categories_table', 1),
(33, '2021_12_17_063031_create_attestations_table', 1),
(34, '2021_12_17_063245_create_attestation_results_table', 1),
(35, '2021_12_18_083810_create_athlete_group_table', 1),
(36, '2021_12_18_132916_create_athlete_organization_table', 1),
(37, '2021_12_18_134242_create_competitions_results_table', 1),
(38, '2021_12_24_095605_create_athlete_parented_table', 1),
(39, '2022_09_02_090054_create_addresses_table', 1),
(40, '2022_09_08_065601_create_address_user_table', 1),
(41, '2022_12_18_083810_create_athlete_department_table', 1),
(42, '2023_12_16_16224699_create_coaches_table', 1),
(43, '2023_12_17_050743_create_decrees_table', 1),
(44, '2023_12_17_051403_create_licenses_table', 1),
(45, '2023_12_18_091511_create_athlete_coach_table', 1),
(46, '2021_12_17_035912_create_age_categories_table', 2),
(47, '2021_12_17_040144_create_tehkvals_table', 2),
(48, '2021_12_17_053428_create_sportkvals_table', 2),
(49, '2022_08_19_071858_create_competition_agecategory_table', 2),
(50, '2022_08_20_132317_create_tehkvals_groups_table', 2),
(51, '2022_08_20_132318_create_competitors_table', 2),
(52, '2022_10_13_073209_create_grades_table', 2),
(53, '2022_10_21_075655_create_role_user_table', 2),
(54, '2022_10_23_145803_create_system_codes_table', 2),
(55, '2022_10_25_071906_create_users_table_without_role_id', 2),
(56, '2022_10_27_092506_create_competition_organization_table', 3),
(57, '2022_10_29_104617_create_competition_competitor_table', 3),
(58, '2022_10_30_125501_create_athlete_tehkval_table', 3),
(59, '2022_10_30_125512_create_athlete_sportkval_table', 3),
(60, '2022_11_06_093726_create_tehkvals_groups_with_competition_id_table', 3),
(61, '2022_11_25_102024_create_organization_user_table', 4),
(62, '2022_11_25_102614_create_organizations_table_without_user_id', 1),
(63, '2022_12_15_184628_create_referees_table', 5),
(64, '0000_00_00_000000_create_websockets_statistics_entries_table', 6);

-- --------------------------------------------------------

--
-- Структура таблицы `organizations`
--
-- Создание: Ноя 27 2022 г., 15:02
--

DROP TABLE IF EXISTS `organizations`;
CREATE TABLE `organizations` (
  `id` bigint(20) UNSIGNED NOT NULL,
  `shorttitle` varchar(145) COLLATE utf8mb4_unicode_ci NOT NULL,
  `address` varchar(345) COLLATE utf8mb4_unicode_ci NOT NULL,
  `fulltitle` varchar(345) COLLATE utf8mb4_unicode_ci NOT NULL,
  `created_at` timestamp NULL DEFAULT NULL,
  `updated_at` timestamp NULL DEFAULT NULL,
  `code` int(11) DEFAULT NULL
) ENGINE=InnoDB DEFAULT CHARSET=utf8mb4 COLLATE=utf8mb4_unicode_ci;

--
-- Дамп данных таблицы `organizations`
--

INSERT INTO `organizations` (`id`, `shorttitle`, `address`, `fulltitle`, `created_at`, `updated_at`, `code`) VALUES
(1, 'ВРДЮСОО СК \"Легион\"', 'Волгоградская область, Городищенский район, п. Каменный, д. 17, кв. 1', 'Волгоградская региональная детско-юношеская спортивная общественная организация \"Спортивный клуб \"Легион\"', NULL, NULL, 2217),
(2, 'ВРОО СК \"Дубовский чемпион\"', 'Волгоградская область, Дубовский район', 'Волгоградская региональная общественная организация \"Спортивный клуб \"Дубовский чемпион\"', NULL, NULL, 777);

-- --------------------------------------------------------

--
-- Структура таблицы `organization_user`
--
-- Создание: Ноя 27 2022 г., 09:35
--

DROP TABLE IF EXISTS `organization_user`;
CREATE TABLE `organization_user` (
  `id` bigint(20) UNSIGNED NOT NULL,
  `organization_id` bigint(20) UNSIGNED NOT NULL,
  `user_id` bigint(20) UNSIGNED NOT NULL,
  `created_at` timestamp NULL DEFAULT NULL,
  `updated_at` timestamp NULL DEFAULT NULL
) ENGINE=InnoDB DEFAULT CHARSET=utf8mb4 COLLATE=utf8mb4_unicode_ci;

--
-- Дамп данных таблицы `organization_user`
--

INSERT INTO `organization_user` (`id`, `organization_id`, `user_id`, `created_at`, `updated_at`) VALUES
(8, 1, 1, NULL, NULL),
(9, 1, 1, NULL, NULL),
(10, 1, 30, NULL, NULL);

-- --------------------------------------------------------

--
-- Структура таблицы `parenteds`
--
-- Создание: Сен 29 2022 г., 14:12
--

DROP TABLE IF EXISTS `parenteds`;
CREATE TABLE `parenteds` (
  `id` bigint(20) UNSIGNED NOT NULL,
  `user_id` bigint(20) UNSIGNED DEFAULT NULL,
  `workplace_id` bigint(20) UNSIGNED DEFAULT NULL,
  `passport_id` bigint(20) UNSIGNED DEFAULT NULL,
  `snils_id` bigint(20) UNSIGNED DEFAULT NULL,
  `created_at` timestamp NULL DEFAULT NULL,
  `updated_at` timestamp NULL DEFAULT NULL
) ENGINE=InnoDB DEFAULT CHARSET=utf8mb4 COLLATE=utf8mb4_unicode_ci;

--
-- Дамп данных таблицы `parenteds`
--

INSERT INTO `parenteds` (`id`, `user_id`, `workplace_id`, `passport_id`, `snils_id`, `created_at`, `updated_at`) VALUES
(1, 3, NULL, 1, NULL, '2022-09-29 13:42:51', '2022-09-29 13:46:38'),
(2, 4, NULL, 2, NULL, '2022-09-29 16:53:08', '2022-09-30 07:17:32'),
(3, 6, NULL, NULL, NULL, '2022-09-30 08:39:57', '2022-09-30 08:39:57'),
(4, 7, NULL, 3, NULL, '2022-09-30 16:33:22', '2022-09-30 16:36:24'),
(6, 10, NULL, 4, NULL, '2022-10-04 04:58:33', '2022-10-04 04:59:56'),
(7, 12, NULL, 5, NULL, '2022-10-04 05:04:52', '2022-10-04 05:06:33'),
(8, 14, NULL, 6, NULL, '2022-10-04 15:28:08', '2022-10-04 15:30:26'),
(9, 17, NULL, 7, NULL, '2022-10-06 07:13:37', '2022-10-06 07:18:06'),
(10, 20, NULL, 8, NULL, '2022-10-09 05:12:21', '2022-10-09 05:24:42'),
(11, 22, NULL, 9, NULL, '2022-10-09 15:14:24', '2022-10-09 15:16:31'),
(12, 24, NULL, NULL, NULL, '2022-10-10 14:19:26', '2022-10-10 14:19:26'),
(13, 26, NULL, 11, NULL, '2022-10-11 04:16:38', '2022-10-15 02:44:51'),
(14, 27, NULL, 10, NULL, '2022-10-12 06:34:02', '2022-10-12 06:49:22'),
(15, 37, NULL, 12, NULL, '2022-11-29 10:44:16', '2022-11-30 00:51:26'),
(16, 38, NULL, 13, NULL, '2022-11-29 10:45:45', '2022-12-08 10:52:03'),
(17, 39, NULL, NULL, NULL, '2022-11-29 10:57:20', '2022-11-29 10:57:20'),
(18, 40, NULL, NULL, NULL, '2022-11-29 11:01:58', '2022-11-29 11:01:58'),
(19, 41, NULL, NULL, NULL, '2022-11-29 11:17:26', '2022-11-29 11:17:26'),
(20, 43, NULL, NULL, NULL, '2022-11-29 12:14:08', '2022-11-29 12:14:08'),
(21, 44, NULL, NULL, NULL, '2022-11-29 12:21:40', '2022-11-29 12:21:40'),
(22, 46, NULL, NULL, NULL, '2022-11-29 12:43:43', '2022-11-29 12:43:43'),
(23, 49, NULL, NULL, NULL, '2022-11-29 13:03:31', '2022-11-29 13:03:31'),
(24, 52, NULL, 18, NULL, '2022-11-29 13:36:04', '2022-12-01 07:28:29'),
(25, 56, NULL, 19, NULL, '2022-11-29 14:18:54', '2022-11-29 14:18:54'),
(26, 58, NULL, 194, NULL, '2022-11-29 14:26:53', '2022-12-13 09:41:45'),
(27, 60, NULL, NULL, NULL, '2022-11-29 14:58:18', '2022-11-29 14:58:18'),
(28, 61, NULL, 187, NULL, '2022-11-29 16:33:42', '2022-12-12 10:50:20'),
(29, 62, NULL, NULL, NULL, '2022-11-30 04:00:16', '2022-11-30 04:00:16'),
(30, 63, NULL, 20, NULL, '2022-11-30 04:08:06', '2022-11-30 04:10:06'),
(31, 64, NULL, 21, NULL, '2022-11-30 04:21:55', '2022-11-30 04:24:44'),
(32, 65, NULL, NULL, NULL, '2022-11-30 04:33:53', '2022-11-30 04:33:53'),
(33, 66, NULL, 22, NULL, '2022-11-30 04:49:24', '2022-11-30 04:51:29'),
(34, 67, NULL, 23, NULL, '2022-11-30 05:07:09', '2022-11-30 05:09:05'),
(35, 69, NULL, 26, NULL, '2022-11-30 05:48:08', '2022-11-30 06:49:45'),
(36, 70, NULL, 24, NULL, '2022-11-30 05:56:05', '2022-11-30 05:58:31'),
(37, 71, NULL, 43, NULL, '2022-11-30 05:56:41', '2022-12-02 06:01:56'),
(38, 73, NULL, 25, NULL, '2022-11-30 06:07:41', '2022-11-30 06:11:07'),
(39, 77, NULL, 27, NULL, '2022-11-30 07:25:28', '2022-11-30 07:29:23'),
(40, 80, NULL, 38, NULL, '2022-11-30 08:09:57', '2022-12-01 10:14:48'),
(41, 82, NULL, 28, NULL, '2022-11-30 08:59:40', '2022-11-30 09:01:44'),
(42, 85, NULL, 29, NULL, '2022-11-30 09:13:13', '2022-11-30 09:40:08'),
(43, 88, NULL, 30, NULL, '2022-11-30 10:35:02', '2022-11-30 10:38:12'),
(44, 90, NULL, 31, NULL, '2022-11-30 12:29:43', '2022-11-30 12:33:44'),
(45, 91, NULL, 40, NULL, '2022-11-30 12:34:11', '2022-12-01 13:27:04'),
(46, 93, NULL, 32, NULL, '2022-11-30 13:00:56', '2022-11-30 13:02:07'),
(47, 95, NULL, 41, NULL, '2022-11-30 13:27:04', '2022-12-01 13:34:37'),
(48, 96, NULL, 33, NULL, '2022-11-30 17:44:15', '2022-11-30 17:48:07'),
(50, 99, NULL, 34, NULL, '2022-12-01 02:24:50', '2022-12-01 03:29:21'),
(51, 100, NULL, 35, NULL, '2022-12-01 03:44:26', '2022-12-01 03:47:13'),
(53, 104, NULL, 37, NULL, '2022-12-01 05:00:35', '2022-12-01 05:21:34'),
(54, 108, NULL, 39, NULL, '2022-12-01 11:18:53', '2022-12-01 11:22:16'),
(55, 112, NULL, 42, NULL, '2022-12-01 15:30:28', '2022-12-01 15:32:12'),
(56, 115, NULL, 174, NULL, '2022-12-02 05:50:05', '2022-12-08 14:50:38'),
(57, 118, NULL, 45, NULL, '2022-12-02 07:37:34', '2022-12-02 08:16:16'),
(58, 120, NULL, 44, NULL, '2022-12-02 07:49:08', '2022-12-02 07:51:46'),
(59, 123, NULL, 46, NULL, '2022-12-02 08:51:42', '2022-12-02 08:55:34'),
(60, 124, NULL, 47, NULL, '2022-12-02 08:54:43', '2022-12-02 08:56:57'),
(61, 125, NULL, 48, NULL, '2022-12-02 08:58:16', '2022-12-02 09:22:11'),
(62, 126, NULL, 56, NULL, '2022-12-02 09:04:13', '2022-12-02 12:08:44'),
(63, 129, NULL, 49, NULL, '2022-12-02 10:01:05', '2022-12-02 10:03:41'),
(64, 130, NULL, 50, NULL, '2022-12-02 10:17:38', '2022-12-02 10:18:41'),
(65, 131, NULL, NULL, NULL, '2022-12-02 10:30:24', '2022-12-02 10:30:24'),
(66, 133, NULL, 83, NULL, '2022-12-02 11:03:07', '2022-12-04 13:46:17'),
(67, 134, NULL, NULL, NULL, '2022-12-02 11:17:39', '2022-12-02 11:17:39'),
(68, 135, NULL, 51, NULL, '2022-12-02 11:25:00', '2022-12-02 11:32:15'),
(69, 136, NULL, 53, NULL, '2022-12-02 11:26:42', '2022-12-02 11:44:50'),
(70, 139, NULL, 52, NULL, '2022-12-02 11:30:39', '2022-12-02 11:35:01'),
(71, 148, NULL, 54, NULL, '2022-12-02 11:45:49', '2022-12-02 11:47:53'),
(72, 151, NULL, 55, NULL, '2022-12-02 12:02:11', '2022-12-02 12:02:59'),
(73, 155, NULL, NULL, NULL, '2022-12-02 12:48:52', '2022-12-02 12:48:52'),
(74, 157, NULL, 57, NULL, '2022-12-02 13:04:30', '2022-12-02 13:07:25'),
(75, 158, NULL, 59, NULL, '2022-12-02 13:07:40', '2022-12-02 13:29:32'),
(76, 160, NULL, 58, NULL, '2022-12-02 13:21:16', '2022-12-02 13:23:11'),
(77, 164, NULL, 60, NULL, '2022-12-02 14:15:59', '2022-12-02 14:18:55'),
(78, 165, NULL, 61, NULL, '2022-12-02 14:19:51', '2022-12-02 14:22:13'),
(79, 168, NULL, 62, NULL, '2022-12-02 14:53:48', '2022-12-02 14:56:18'),
(80, 171, NULL, 63, NULL, '2022-12-02 15:31:35', '2022-12-02 15:35:05'),
(81, 172, NULL, 64, NULL, '2022-12-02 15:36:29', '2022-12-02 15:50:37'),
(82, 174, NULL, NULL, NULL, '2022-12-02 16:37:06', '2022-12-02 16:37:06'),
(83, 177, NULL, 65, NULL, '2022-12-03 02:18:53', '2022-12-03 02:22:43'),
(84, 180, NULL, 66, NULL, '2022-12-03 03:18:16', '2022-12-03 03:21:16'),
(85, 182, NULL, 67, NULL, '2022-12-03 04:31:29', '2022-12-03 04:34:04'),
(86, 184, NULL, NULL, NULL, '2022-12-03 06:12:28', '2022-12-03 06:12:28'),
(87, 185, NULL, 68, NULL, '2022-12-03 06:57:04', '2022-12-03 07:00:31'),
(88, 187, NULL, 70, NULL, '2022-12-03 08:19:44', '2022-12-03 08:28:29'),
(89, 189, NULL, 69, NULL, '2022-12-03 08:24:36', '2022-12-03 08:26:20'),
(90, 192, NULL, 71, NULL, '2022-12-03 10:28:25', '2022-12-03 10:34:58'),
(91, 194, NULL, 72, NULL, '2022-12-03 10:48:29', '2022-12-03 10:50:57'),
(92, 196, NULL, 73, NULL, '2022-12-03 10:55:28', '2022-12-03 10:58:53'),
(93, 198, NULL, 74, NULL, '2022-12-03 11:31:57', '2022-12-03 11:40:23'),
(94, 200, NULL, NULL, NULL, '2022-12-03 11:44:31', '2022-12-03 11:44:31'),
(95, 202, NULL, 75, NULL, '2022-12-03 12:17:25', '2022-12-03 12:19:30'),
(96, 204, NULL, 77, NULL, '2022-12-03 12:43:14', '2022-12-03 13:28:05'),
(97, 205, NULL, 76, NULL, '2022-12-03 12:43:35', '2022-12-03 12:47:38'),
(98, 208, NULL, 78, NULL, '2022-12-03 15:44:03', '2022-12-03 15:47:41'),
(99, 210, NULL, 79, NULL, '2022-12-04 08:28:56', '2022-12-04 08:31:10'),
(100, 212, NULL, 80, NULL, '2022-12-04 08:58:59', '2022-12-04 09:02:45'),
(101, 215, NULL, NULL, NULL, '2022-12-04 09:47:22', '2022-12-04 09:47:22'),
(102, 216, NULL, 36, NULL, '2022-12-04 09:48:44', '2022-12-04 09:52:04'),
(105, 217, NULL, 81, NULL, '2022-12-04 12:31:46', '2022-12-04 12:33:59'),
(106, 219, NULL, 82, NULL, '2022-12-04 12:50:18', '2022-12-04 13:14:24'),
(107, 223, NULL, 84, NULL, '2022-12-04 16:05:50', '2022-12-04 16:09:32'),
(108, 225, NULL, 85, NULL, '2022-12-04 16:36:19', '2022-12-04 16:38:09'),
(109, 229, NULL, 86, NULL, '2022-12-05 02:34:35', '2022-12-05 02:36:34'),
(110, 231, NULL, 116, NULL, '2022-12-05 03:24:22', '2022-12-05 17:22:41'),
(111, 232, NULL, 90, NULL, '2022-12-05 04:17:41', '2022-12-05 04:44:16'),
(112, 233, NULL, NULL, NULL, '2022-12-05 04:26:41', '2022-12-05 04:26:41'),
(113, 235, NULL, 88, NULL, '2022-12-05 04:33:28', '2022-12-05 04:37:53'),
(114, 236, NULL, NULL, NULL, '2022-12-05 04:34:01', '2022-12-05 04:34:01'),
(115, 238, NULL, 89, NULL, '2022-12-05 04:35:39', '2022-12-05 04:41:18'),
(116, 240, NULL, 91, NULL, '2022-12-05 04:54:42', '2022-12-05 04:59:10'),
(117, 245, NULL, 92, NULL, '2022-12-05 05:25:57', '2022-12-05 05:28:41'),
(118, 247, NULL, 94, NULL, '2022-12-05 06:16:32', '2022-12-05 06:28:11'),
(119, 249, NULL, 95, NULL, '2022-12-05 06:37:47', '2022-12-05 06:39:28'),
(120, 251, NULL, 96, NULL, '2022-12-05 07:13:46', '2022-12-05 07:14:54'),
(121, 253, NULL, 97, NULL, '2022-12-05 09:14:40', '2022-12-05 09:17:26'),
(122, 254, NULL, 98, NULL, '2022-12-05 09:29:25', '2022-12-05 09:30:37'),
(123, 257, NULL, 99, NULL, '2022-12-05 09:33:11', '2022-12-05 09:43:18'),
(124, 259, NULL, 100, NULL, '2022-12-05 09:37:24', '2022-12-05 09:48:18'),
(125, 263, NULL, 101, NULL, '2022-12-05 09:52:21', '2022-12-05 09:53:54'),
(126, 3, NULL, NULL, NULL, '2022-12-05 09:53:41', '2022-12-05 09:53:41'),
(127, 265, NULL, 102, NULL, '2022-12-05 10:09:57', '2022-12-05 10:11:35'),
(128, 267, NULL, 103, NULL, '2022-12-05 10:16:33', '2022-12-05 10:17:54'),
(129, 269, NULL, 104, NULL, '2022-12-05 11:06:49', '2022-12-05 11:08:19'),
(130, 130, NULL, NULL, NULL, '2022-12-05 11:22:46', '2022-12-05 11:22:46'),
(131, 130, NULL, NULL, NULL, '2022-12-05 11:24:00', '2022-12-05 11:24:00'),
(132, 273, NULL, 105, NULL, '2022-12-05 12:06:54', '2022-12-05 12:10:06'),
(133, 275, NULL, 106, NULL, '2022-12-05 12:34:45', '2022-12-05 12:37:15'),
(134, 277, NULL, 107, NULL, '2022-12-05 13:00:01', '2022-12-05 13:03:44'),
(135, 279, NULL, 109, NULL, '2022-12-05 13:15:28', '2022-12-05 13:26:13'),
(136, 280, NULL, 112, NULL, '2022-12-05 13:18:25', '2022-12-05 14:01:51'),
(137, 283, NULL, 111, NULL, '2022-12-05 13:42:07', '2022-12-05 13:48:47'),
(138, 284, NULL, 110, NULL, '2022-12-05 13:43:43', '2022-12-05 13:48:08'),
(139, 286, NULL, 114, NULL, '2022-12-05 13:53:11', '2022-12-05 14:18:27'),
(140, 288, NULL, 113, NULL, '2022-12-05 14:09:35', '2022-12-05 14:12:03'),
(141, 291, NULL, NULL, NULL, '2022-12-05 16:43:36', '2022-12-05 16:43:36'),
(142, 292, NULL, 115, NULL, '2022-12-05 16:58:55', '2022-12-05 17:03:09'),
(143, 295, NULL, 117, NULL, '2022-12-06 01:05:49', '2022-12-06 01:09:12'),
(144, 297, NULL, 124, NULL, '2022-12-06 02:01:34', '2022-12-06 03:42:30'),
(145, 298, NULL, 118, NULL, '2022-12-06 02:01:35', '2022-12-06 02:03:32'),
(146, 299, NULL, 119, NULL, '2022-12-06 02:02:45', '2022-12-06 02:03:59'),
(147, 303, NULL, 120, NULL, '2022-12-06 02:28:52', '2022-12-06 02:31:42'),
(148, 305, NULL, 121, NULL, '2022-12-06 02:53:05', '2022-12-06 03:04:11'),
(149, 306, NULL, 122, NULL, '2022-12-06 03:08:04', '2022-12-06 03:10:02'),
(150, 308, NULL, 123, NULL, '2022-12-06 03:25:06', '2022-12-06 03:27:51'),
(151, 309, NULL, 127, NULL, '2022-12-06 04:21:12', '2022-12-06 04:57:39'),
(152, 310, NULL, 125, NULL, '2022-12-06 04:25:10', '2022-12-06 04:26:58'),
(153, 310, NULL, NULL, NULL, '2022-12-06 04:28:45', '2022-12-06 04:28:45'),
(154, 310, NULL, NULL, NULL, '2022-12-06 04:29:05', '2022-12-06 04:29:05'),
(155, 312, NULL, NULL, NULL, '2022-12-06 04:38:51', '2022-12-06 04:38:51'),
(156, 316, NULL, 128, NULL, '2022-12-06 05:47:34', '2022-12-06 05:52:26'),
(157, 319, NULL, 129, NULL, '2022-12-06 07:34:44', '2022-12-06 07:37:02'),
(158, 321, NULL, 130, NULL, '2022-12-06 08:02:42', '2022-12-06 08:05:08'),
(159, 323, NULL, 131, NULL, '2022-12-06 08:14:50', '2022-12-06 08:26:16'),
(160, 325, NULL, 132, NULL, '2022-12-06 08:18:29', '2022-12-06 08:30:17'),
(161, 327, NULL, 133, NULL, '2022-12-06 09:15:14', '2022-12-06 09:17:59'),
(162, 329, NULL, 134, NULL, '2022-12-06 12:24:28', '2022-12-06 12:38:06'),
(163, 331, NULL, NULL, NULL, '2022-12-06 12:58:24', '2022-12-06 12:58:24'),
(164, 333, NULL, 135, NULL, '2022-12-06 13:03:37', '2022-12-06 13:05:25'),
(165, 335, NULL, 136, NULL, '2022-12-06 13:10:36', '2022-12-06 13:13:29'),
(166, 337, NULL, 137, NULL, '2022-12-06 13:20:53', '2022-12-06 13:22:40'),
(167, 339, NULL, 171, NULL, '2022-12-06 13:55:23', '2022-12-08 13:34:48'),
(168, 340, NULL, 138, NULL, '2022-12-06 13:58:24', '2022-12-06 14:02:46'),
(169, 342, NULL, 139, NULL, '2022-12-06 14:52:24', '2022-12-06 15:21:04'),
(170, 344, NULL, NULL, NULL, '2022-12-06 15:26:52', '2022-12-06 15:26:52'),
(171, 345, NULL, 140, NULL, '2022-12-06 16:30:39', '2022-12-06 16:32:25'),
(172, 347, NULL, 141, NULL, '2022-12-07 02:14:36', '2022-12-07 02:17:51'),
(173, 350, NULL, 142, NULL, '2022-12-07 03:17:38', '2022-12-07 03:21:48'),
(174, 352, NULL, 143, NULL, '2022-12-07 04:14:49', '2022-12-07 04:17:42'),
(175, 353, NULL, NULL, NULL, '2022-12-07 06:23:24', '2022-12-07 06:23:24'),
(176, 355, NULL, 144, NULL, '2022-12-07 07:05:20', '2022-12-07 07:16:23'),
(177, 357, NULL, 145, NULL, '2022-12-07 08:34:55', '2022-12-07 08:38:34'),
(178, 359, NULL, 146, NULL, '2022-12-07 10:51:22', '2022-12-07 10:53:24'),
(179, 361, NULL, 147, NULL, '2022-12-07 11:14:09', '2022-12-07 11:15:11'),
(180, 363, NULL, 148, NULL, '2022-12-07 13:43:58', '2022-12-07 13:47:26'),
(181, 365, NULL, 149, NULL, '2022-12-07 14:52:11', '2022-12-07 14:55:51'),
(182, 367, NULL, 150, NULL, '2022-12-07 16:24:05', '2022-12-07 16:38:23'),
(183, 369, NULL, NULL, NULL, '2022-12-08 03:03:41', '2022-12-08 03:03:41'),
(184, 370, NULL, 151, NULL, '2022-12-08 03:06:24', '2022-12-08 03:40:49'),
(185, 370, NULL, NULL, NULL, '2022-12-08 03:44:35', '2022-12-08 03:44:35'),
(186, 371, NULL, 152, NULL, '2022-12-08 04:47:34', '2022-12-08 04:49:51'),
(187, 373, NULL, 153, NULL, '2022-12-08 04:51:33', '2022-12-08 04:54:46'),
(188, 375, NULL, 154, NULL, '2022-12-08 06:11:47', '2022-12-08 06:13:17'),
(189, 377, NULL, 155, NULL, '2022-12-08 06:18:50', '2022-12-08 06:22:32'),
(190, 378, NULL, 156, NULL, '2022-12-08 06:24:54', '2022-12-08 06:26:03'),
(191, 380, NULL, NULL, NULL, '2022-12-08 06:36:14', '2022-12-08 06:36:14'),
(192, 350, NULL, NULL, NULL, '2022-12-08 06:49:19', '2022-12-08 06:49:19'),
(193, 382, NULL, 158, NULL, '2022-12-08 07:12:50', '2022-12-08 07:22:15'),
(194, 383, NULL, 157, NULL, '2022-12-08 07:13:43', '2022-12-08 07:18:56'),
(195, 135, NULL, NULL, NULL, '2022-12-08 07:22:18', '2022-12-08 07:22:18'),
(196, 135, NULL, NULL, NULL, '2022-12-08 07:22:19', '2022-12-08 07:22:19'),
(197, 385, NULL, 160, NULL, '2022-12-08 07:28:28', '2022-12-08 07:50:06'),
(198, 386, NULL, NULL, NULL, '2022-12-08 07:31:13', '2022-12-08 07:31:13'),
(199, 388, NULL, 159, NULL, '2022-12-08 07:35:32', '2022-12-08 07:38:25'),
(200, 391, NULL, NULL, NULL, '2022-12-08 07:50:40', '2022-12-08 07:50:40'),
(201, 394, NULL, 161, NULL, '2022-12-08 08:29:29', '2022-12-08 08:32:03'),
(202, 395, NULL, 162, NULL, '2022-12-08 08:47:36', '2022-12-08 08:50:28'),
(203, 397, NULL, 163, NULL, '2022-12-08 08:52:54', '2022-12-08 08:56:47'),
(204, 399, NULL, 164, NULL, '2022-12-08 09:08:59', '2022-12-08 09:15:29'),
(205, 401, NULL, NULL, NULL, '2022-12-08 09:54:09', '2022-12-08 09:54:09'),
(206, 402, NULL, 166, NULL, '2022-12-08 10:01:53', '2022-12-08 10:12:23'),
(207, 404, NULL, 165, NULL, '2022-12-08 10:08:04', '2022-12-08 10:10:58'),
(208, 401, NULL, NULL, NULL, '2022-12-08 10:39:14', '2022-12-08 10:39:14'),
(209, 407, NULL, 170, NULL, '2022-12-08 12:50:27', '2022-12-08 13:01:55'),
(210, 408, NULL, 168, NULL, '2022-12-08 12:53:21', '2022-12-08 12:55:20'),
(211, 409, NULL, 169, NULL, '2022-12-08 12:54:47', '2022-12-08 12:58:02'),
(212, 339, NULL, NULL, NULL, '2022-12-08 13:33:21', '2022-12-08 13:33:21'),
(213, 414, NULL, 172, NULL, '2022-12-08 14:03:25', '2022-12-08 14:13:04'),
(214, 416, NULL, 173, NULL, '2022-12-08 14:20:19', '2022-12-08 14:42:30'),
(215, 420, NULL, 175, NULL, '2022-12-08 17:10:36', '2022-12-08 17:14:21'),
(216, 422, NULL, NULL, NULL, '2022-12-08 17:16:37', '2022-12-08 17:16:37'),
(217, 423, NULL, 176, NULL, '2022-12-09 01:20:36', '2022-12-09 02:02:46'),
(218, 425, NULL, 177, NULL, '2022-12-09 03:52:48', '2022-12-09 03:56:25'),
(219, 427, NULL, 178, NULL, '2022-12-09 09:18:40', '2022-12-09 09:21:21'),
(220, 429, NULL, 179, NULL, '2022-12-09 12:56:43', '2022-12-09 13:09:19'),
(221, 429, NULL, NULL, NULL, '2022-12-09 12:58:02', '2022-12-09 12:58:02'),
(222, 429, NULL, NULL, NULL, '2022-12-09 13:17:01', '2022-12-09 13:17:01'),
(223, 431, NULL, 180, NULL, '2022-12-09 14:13:10', '2022-12-10 03:15:50'),
(224, 435, NULL, 182, NULL, '2022-12-11 13:37:17', '2022-12-11 14:33:28'),
(225, 436, NULL, 181, NULL, '2022-12-11 14:04:46', '2022-12-11 14:17:38'),
(226, 440, NULL, 183, NULL, '2022-12-12 07:07:23', '2022-12-12 08:00:44'),
(227, 441, NULL, 184, NULL, '2022-12-12 08:08:34', '2022-12-12 08:34:52'),
(228, 63, NULL, NULL, NULL, '2022-12-12 08:32:10', '2022-12-12 08:32:10'),
(229, 63, NULL, NULL, NULL, '2022-12-12 08:34:10', '2022-12-12 08:34:10'),
(230, 63, NULL, NULL, NULL, '2022-12-12 08:34:28', '2022-12-12 08:34:28'),
(231, 63, NULL, NULL, NULL, '2022-12-12 08:36:57', '2022-12-12 08:36:57'),
(232, 63, NULL, NULL, NULL, '2022-12-12 08:39:17', '2022-12-12 08:39:17'),
(233, 63, NULL, NULL, NULL, '2022-12-12 08:43:09', '2022-12-12 08:43:09'),
(234, 63, NULL, NULL, NULL, '2022-12-12 08:44:50', '2022-12-12 08:44:50'),
(235, 63, NULL, NULL, NULL, '2022-12-12 08:45:56', '2022-12-12 08:45:56'),
(236, 63, NULL, NULL, NULL, '2022-12-12 08:46:23', '2022-12-12 08:46:23'),
(237, 63, NULL, NULL, NULL, '2022-12-12 08:46:38', '2022-12-12 08:46:38'),
(238, 63, NULL, NULL, NULL, '2022-12-12 08:47:27', '2022-12-12 08:47:27'),
(239, 63, NULL, NULL, NULL, '2022-12-12 08:48:53', '2022-12-12 08:48:53'),
(240, 63, NULL, NULL, NULL, '2022-12-12 08:52:36', '2022-12-12 08:52:36'),
(241, 445, NULL, 185, NULL, '2022-12-12 09:01:37', '2022-12-12 09:04:25'),
(242, 448, NULL, 186, NULL, '2022-12-12 10:30:27', '2022-12-12 10:33:21'),
(243, 450, NULL, NULL, NULL, '2022-12-12 10:47:06', '2022-12-12 10:47:06'),
(244, 454, NULL, NULL, NULL, '2022-12-12 13:06:29', '2022-12-12 13:06:29'),
(245, 456, NULL, 188, NULL, '2022-12-12 13:40:27', '2022-12-12 13:42:40'),
(246, 458, NULL, NULL, NULL, '2022-12-12 14:32:27', '2022-12-12 14:32:27'),
(247, 459, NULL, 189, NULL, '2022-12-12 14:54:22', '2022-12-12 14:56:30'),
(248, 461, NULL, NULL, NULL, '2022-12-12 15:18:38', '2022-12-12 15:18:38'),
(249, 463, NULL, 190, NULL, '2022-12-12 16:10:03', '2022-12-12 16:14:34'),
(250, 463, NULL, NULL, NULL, '2022-12-12 16:17:10', '2022-12-12 16:17:10'),
(251, 464, NULL, 191, NULL, '2022-12-13 01:19:54', '2022-12-13 01:23:18'),
(252, 467, NULL, 192, NULL, '2022-12-13 05:46:36', '2022-12-13 05:51:20'),
(253, 468, NULL, 193, NULL, '2022-12-13 05:54:03', '2022-12-13 05:57:03'),
(254, 463, NULL, NULL, NULL, '2022-12-13 06:26:41', '2022-12-13 06:26:41'),
(255, 471, NULL, 202, NULL, '2022-12-13 07:33:51', '2022-12-14 11:28:25'),
(256, 473, NULL, NULL, NULL, '2022-12-13 08:13:09', '2022-12-13 08:13:09'),
(257, 475, NULL, 195, NULL, '2022-12-13 13:39:56', '2022-12-13 13:52:15'),
(258, 477, NULL, 196, NULL, '2022-12-13 14:03:25', '2022-12-13 14:07:06'),
(259, 479, NULL, 197, NULL, '2022-12-13 14:17:14', '2022-12-13 14:18:17'),
(260, 479, NULL, NULL, NULL, '2022-12-13 14:25:02', '2022-12-13 14:25:02'),
(261, 479, NULL, NULL, NULL, '2022-12-13 14:30:56', '2022-12-13 14:30:56'),
(262, 481, NULL, NULL, NULL, '2022-12-13 15:11:52', '2022-12-13 15:11:52'),
(263, 483, NULL, 198, NULL, '2022-12-13 15:41:35', '2022-12-13 15:47:04'),
(264, 479, NULL, NULL, NULL, '2022-12-13 15:54:23', '2022-12-13 15:54:23'),
(265, 486, NULL, NULL, NULL, '2022-12-14 06:06:34', '2022-12-14 06:06:34'),
(266, 486, NULL, NULL, NULL, '2022-12-14 06:09:49', '2022-12-14 06:09:49'),
(267, 486, NULL, NULL, NULL, '2022-12-14 06:31:53', '2022-12-14 06:31:53'),
(268, 486, NULL, NULL, NULL, '2022-12-14 06:31:54', '2022-12-14 06:31:54'),
(269, 487, NULL, 199, NULL, '2022-12-14 06:36:41', '2022-12-14 06:43:29'),
(270, 489, NULL, 204, NULL, '2022-12-14 06:51:56', '2022-12-14 13:16:31'),
(271, 490, NULL, 200, NULL, '2022-12-14 07:06:51', '2022-12-14 07:12:58'),
(272, 491, NULL, NULL, NULL, '2022-12-14 09:24:52', '2022-12-14 09:24:52'),
(273, 491, NULL, NULL, NULL, '2022-12-14 09:26:58', '2022-12-14 09:26:58'),
(274, 486, NULL, NULL, NULL, '2022-12-14 09:34:59', '2022-12-14 09:34:59'),
(275, 486, NULL, NULL, NULL, '2022-12-14 09:37:28', '2022-12-14 09:37:28'),
(276, 494, NULL, 203, NULL, '2022-12-14 11:24:33', '2022-12-14 11:43:47'),
(277, 489, NULL, NULL, NULL, '2022-12-14 13:11:10', '2022-12-14 13:11:10'),
(278, 498, NULL, 205, NULL, '2022-12-14 13:31:45', '2022-12-14 13:41:44'),
(279, 500, NULL, NULL, NULL, '2022-12-14 14:05:27', '2022-12-14 14:05:27'),
(280, 503, NULL, NULL, NULL, '2022-12-14 14:43:55', '2022-12-14 14:43:55'),
(281, 505, NULL, 207, NULL, '2022-12-14 15:12:10', '2022-12-14 15:15:07'),
(282, 509, NULL, NULL, NULL, '2022-12-15 08:06:53', '2022-12-15 08:06:53'),
(283, 509, NULL, NULL, NULL, '2022-12-15 08:09:38', '2022-12-15 08:09:38'),
(284, 513, NULL, 209, NULL, '2022-12-15 16:44:46', '2022-12-15 17:08:47'),
(285, 518, NULL, NULL, NULL, '2022-12-17 09:00:17', '2022-12-17 09:00:17'),
(286, 520, NULL, NULL, NULL, '2022-12-17 11:37:26', '2022-12-17 11:37:26'),
(287, 520, NULL, NULL, NULL, '2022-12-17 11:39:15', '2022-12-17 11:39:15'),
(288, 522, NULL, 210, NULL, '2022-12-18 04:00:14', '2022-12-18 04:13:34'),
(289, 522, NULL, NULL, NULL, '2022-12-18 04:07:18', '2022-12-18 04:07:18'),
(290, 524, NULL, NULL, NULL, '2022-12-20 13:52:38', '2022-12-20 13:52:38');

-- --------------------------------------------------------

--
-- Структура таблицы `passports`
--
-- Создание: Сен 29 2022 г., 14:12
--

DROP TABLE IF EXISTS `passports`;
CREATE TABLE `passports` (
  `id` bigint(20) UNSIGNED NOT NULL,
  `series` varchar(45) COLLATE utf8mb4_unicode_ci NOT NULL,
  `number` varchar(45) COLLATE utf8mb4_unicode_ci NOT NULL,
  `dateissue` date DEFAULT NULL,
  `issuedby` varchar(300) COLLATE utf8mb4_unicode_ci DEFAULT NULL,
  `code` varchar(45) COLLATE utf8mb4_unicode_ci DEFAULT NULL,
  `scanlink` varchar(400) COLLATE utf8mb4_unicode_ci DEFAULT NULL,
  `created_at` timestamp NULL DEFAULT NULL,
  `updated_at` timestamp NULL DEFAULT NULL
) ENGINE=InnoDB DEFAULT CHARSET=utf8mb4 COLLATE=utf8mb4_unicode_ci;

--
-- Дамп данных таблицы `passports`
--

INSERT INTO `passports` (`id`, `series`, `number`, `dateissue`, `issuedby`, `code`, `scanlink`, `created_at`, `updated_at`) VALUES
(1, '1811', '645835', '2011-10-04', 'УФМС Дзержинского района г.Волгоград', '340-002', NULL, '2022-09-29 13:46:38', '2022-09-29 13:46:38'),
(2, '1811', '619339', '2011-08-04', 'ОТДЕЛОМ УФМС РОССИИ ПО ВОЛГОГРАДСКОЙ ОБЛАСТИ В ДЗЕРЖИНСКОМ РАЙОНЕ ГОР. ВОЛГОГРАДА', '340-002', NULL, '2022-09-30 07:17:32', '2022-09-30 07:17:32'),
(3, '1818', '428334', '2018-04-21', 'Гу МВД России по волгоградской области', '340006', NULL, '2022-09-30 16:36:24', '2022-09-30 16:36:24'),
(4, '1811', '700449', '2012-05-16', 'ОУФМС России по Волгоградской области в Городищенском районе', '340012', NULL, '2022-10-04 04:59:56', '2022-10-04 04:59:56'),
(5, '1822', '868245', '2022-06-02', 'ГУ МВД России по Волгоградской области', '340-001', NULL, '2022-10-04 05:06:33', '2022-10-04 05:06:33'),
(6, '1804', '288812', '2003-12-22', 'советское РОВД, гор. Волгограда', '342-006', NULL, '2022-10-04 15:30:26', '2022-10-04 15:30:26'),
(7, '8214', '492479', '2014-05-29', 'ОУФМС  России по респ. ДАГЕСТАН в Ленинском районе г. Махачкалы', '050-002', NULL, '2022-10-06 07:18:06', '2022-10-06 07:18:06'),
(8, '1820', '699040', '2021-03-30', 'ГУ МВД РОССИИ ПО ВОЛГОГРАДСКОЙ ОБЛАСТИ', '340-033', NULL, '2022-10-09 05:24:42', '2022-10-09 05:24:42'),
(9, '1810', '523110', '2010-12-09', 'Отделом УФМС России по Волгоградской области в Советском р-не гор. Волгограда', '340-006', NULL, '2022-10-09 15:16:31', '2022-10-09 15:16:31'),
(10, '1808', '159074', '2008-10-23', 'отделением УФМС России по Волгоградской области в Николаевском районе', '340-029', NULL, '2022-10-12 06:49:22', '2022-10-12 06:49:22'),
(11, '1813', '831788', '2013-10-10', 'ТП УФМС Россия по Волгоградской области в ст-це Клетская', '340022', NULL, '2022-10-15 02:44:51', '2022-10-15 02:44:51'),
(12, '1818', '453537', '2018-07-03', 'ГУ МВД РОССИИ ПО ВОЛГОГРАДСКОЙ ОБЛАСТИ', '340-012', NULL, '2022-11-29 10:45:01', '2022-11-29 10:45:01'),
(13, '1816', '253580', '2016-10-10', 'Отделом УФМС России по Волгоградской области в Советском районе гор.Волгограда', '340-006', NULL, '2022-11-29 10:48:28', '2022-12-08 10:52:03'),
(14, '1808', '255087', '2009-05-15', 'Отделением УФМС России по Волгоградской области в Нехаевскомрайоне', '340-023', NULL, '2022-11-29 11:03:24', '2022-11-29 11:23:28'),
(15, '1816', '253579', '1990-10-08', 'Отделом УФМС России по Волгоградской области в Советском районе города Волгограда', '340-006', NULL, '2022-11-29 11:04:18', '2022-11-29 11:26:16'),
(16, '1806', '982032', '2007-07-12', 'Отделом УФМС России по Волгоградской области в Дзержинском районе г.Волгограда', '340002', NULL, '2022-11-29 12:16:43', '2022-11-29 12:16:43'),
(17, '4615', '929088', '2015-07-04', 'Тп№2 межрайонного ОУФМС РОССИИ по Московской области в городском поселение Люберцы', '500-074', NULL, '2022-11-29 12:46:57', '2022-11-29 12:46:57'),
(18, '1809', '332811', '2010-01-14', 'ОУФМС России по Волгоградской области в Городищенском районе', '340-012', NULL, '2022-11-29 13:40:38', '2022-11-29 13:40:38'),
(19, '1815', '182999', '2016-02-12', 'УФМС РОССИИ ПО ВОЛГОГРАДСКОЙ ОБЛАСТИ В НИКОЛАЕВСКОМ РАЙОНЕ', '340-029', NULL, '2022-11-29 14:20:08', '2022-11-29 14:20:08'),
(20, '1820', '749262', '2021-02-25', 'ГУ МВД РОССИИ ПО ВОЛГОГРАДСКОЙ ОБЛАСТИ', '340-006', NULL, '2022-11-30 04:10:06', '2022-11-30 04:10:06'),
(21, '1803', '745511', '2003-03-03', 'Ольховским РОВД', '342-033', NULL, '2022-11-30 04:24:44', '2022-11-30 04:24:44'),
(22, '1812', '793452', '2013-01-18', 'Отделом УФМС России по Волгоградской области в Советском районе города Волгограда', '340-006', NULL, '2022-11-30 04:51:29', '2022-11-30 04:51:29'),
(23, '1804', '642327', '2005-07-27', 'УВД Дзержинского р-на г. Волгограда', '342-002', NULL, '2022-11-30 05:09:05', '2022-11-30 05:09:05'),
(24, '1820', '704107', '2020-10-10', 'ГУ МВД РОССИИ ПО ВОЛГОГРАДСКОЙ ОБЛАСТИ', '340-002', NULL, '2022-11-30 05:58:31', '2022-11-30 05:58:31'),
(25, '8207', '383901', '2007-12-11', 'Отделением УФМС России по республике Дагестан в Левашинском районе', '050 - 033', NULL, '2022-11-30 06:11:07', '2022-11-30 06:11:07'),
(26, '1809', '334169', '2009-11-12', 'ОУФС РОССИИ ПО ВОЛГОГРАДСКОЙ ОБЛАСТИ В ИЛОВЛИНСКОМ РАЙОНЕ', '340017', NULL, '2022-11-30 06:49:45', '2022-11-30 06:49:45'),
(27, '1811', '656574', '2012-01-19', 'Отделением УФМС России по Волгоградской области в Среднеахтубинском районе', '340-038', NULL, '2022-11-30 07:29:23', '2022-11-30 07:29:23'),
(28, '1805', '875907', '2006-09-05', 'Советским РОВД города Волгограда', '342-006', NULL, '2022-11-30 09:01:44', '2022-11-30 09:01:44'),
(29, '1803', '337433', '2002-11-13', 'УВД г Волжского Волгоградской области', '342011', NULL, '2022-11-30 09:40:08', '2022-11-30 09:40:08'),
(30, '1821', '819643', '2021-12-17', 'ГУ МВД РОССИИ ПО ВОЛГОГРАДСКОЙ ОБЛАСТИ', '340-005', NULL, '2022-11-30 10:38:12', '2022-11-30 10:38:12'),
(31, '1804', '669943', '2005-09-02', 'УВД Дзержинского района г Волгограда', '342002', NULL, '2022-11-30 12:33:44', '2022-11-30 12:33:44'),
(32, '1821', '834171', '2022-02-05', 'ГУ МВД РОССИИ ПО ВОЛГОГРАДСКОЙ ОБЛАСТИ', '340-002', NULL, '2022-11-30 13:02:07', '2022-11-30 13:02:07'),
(33, '1809', '366462', '2009-10-27', 'ОУФМС России по Волгоградской области в Советском р-не гор. Волгограда', '340-006', NULL, '2022-11-30 17:48:07', '2022-11-30 17:48:07'),
(34, '1813', '908978', '2013-11-21', 'Отделом УФМС по Волгоградской области в Тракторозаводском районе Волгограда', '340007', NULL, '2022-12-01 03:29:21', '2022-12-01 03:29:21'),
(35, '1813', '877117', '2013-09-03', 'Отделом УФМС России по Волгоградской области в Краснооктябрьском районе города Волгограда', '340-005', NULL, '2022-12-01 03:47:13', '2022-12-01 03:47:13'),
(36, '1815', '050407', '2014-12-19', 'Отделом УФМС РОССИИ ПО ВОЛГОГРАДСКОЙ ОБЛАСТИ В СОВЕТСКОМ Р-НЕ ГОР. ВОЛГОГРАДА', '340-006', NULL, '2022-12-01 04:09:11', '2022-12-04 09:52:04'),
(37, '1811', '630072', '2011-09-06', 'Отдел УФМС России по Волгоградской области в Дзержинском районе гор. Волгограда', '340-002', NULL, '2022-12-01 05:21:34', '2022-12-01 05:21:34'),
(38, '1822', '943049', '2022-11-28', 'ГУ МВД РОССИИ по Волгоградской области', '340-012', NULL, '2022-12-01 10:14:48', '2022-12-01 10:14:48'),
(39, '1815', '030151', '2014-11-19', 'Отделением УФМС России по Волгоградской области в Николаевской районе', '340-029', NULL, '2022-12-01 11:22:16', '2022-12-01 11:22:16'),
(40, '1806', '956557', '2007-04-23', 'Отделением УФМС в советском районе гор. Волгограда', '340-006', NULL, '2022-12-01 13:27:04', '2022-12-01 13:27:04'),
(41, '1819', '580636', '2019-10-23', 'ГУ МВД РОССИИ ПО ВОЛГОГРАДСКОЙ ОБЛАСТИ', '340-006', NULL, '2022-12-01 13:34:37', '2022-12-01 13:34:37'),
(42, '1815', '005845', '2014-10-02', 'ТП УФМС по Волгоградской обл. р.п.Елань', '340-015', NULL, '2022-12-01 15:32:12', '2022-12-01 15:32:12'),
(43, '1815', '018464', '2014-10-10', 'Уфмс России по волгоградской области в дзержинском районе г.ВОЛГОГРАД', '340-002', NULL, '2022-12-02 06:01:56', '2022-12-02 06:01:56'),
(44, '1815', '063667', '2015-02-11', 'Отделением УФМС России по Волгоградской области в Городищенском районе', '340-012', NULL, '2022-12-02 07:51:46', '2022-12-02 07:51:46'),
(45, '1804', '604762', '2005-09-14', 'Быковским РОВД Волгоградской области', '342-010', NULL, '2022-12-02 08:16:16', '2022-12-02 08:16:16'),
(46, '1815', '100253', '2015-06-25', 'Отделом УФМС России по Волгоградской обл. в Кировском р-не г.Волгограда', '340-003', NULL, '2022-12-02 08:55:34', '2022-12-02 08:55:34'),
(47, '1819', '579137', '2019-07-20', 'ГУ МВД России по Волгоградской области', '340006', NULL, '2022-12-02 08:56:57', '2022-12-02 08:56:57'),
(48, '8108', '255962', '2009-04-13', 'ТПУФМС России по РБ В Муйском районе', '030-028', NULL, '2022-12-02 09:22:11', '2022-12-02 09:22:11'),
(49, '1809', '344813', '2009-08-05', 'Отделом УФМС России по Волгоградской области в Дзержинском р-не гор. Волгограда', '340-002', NULL, '2022-12-02 10:03:41', '2022-12-02 10:03:41'),
(50, '1804', '260584', '2003-11-24', 'ОВД Ворошиловского района гор. Волгограда', '342-001', NULL, '2022-12-02 10:18:41', '2022-12-02 10:18:41'),
(51, '1811', '691485', '2012-04-26', 'Отделением уфмс России по Волгоградской области в новоанниском районе', '340-030', NULL, '2022-12-02 11:32:15', '2022-12-02 11:32:15'),
(52, '1208', '217773', '2008-12-04', 'ОУФМС России по Астраханской области в гор. Знаменск', '300-016', NULL, '2022-12-02 11:35:01', '2022-12-02 11:35:01'),
(53, '1208', '249003', '2009-07-10', 'О УФМС РОССИИ ПО АСТРАХАНСКОЙ ОБЛАСТИ В ЧЕРНОЯРСКОМ РАЙОНЕ', '300-015', NULL, '2022-12-02 11:44:50', '2022-12-02 11:44:50'),
(54, '1812', '824667', '2013-05-30', 'ОУФМС России по Волгоградской области в Ленинском районе', '340-026', NULL, '2022-12-02 11:47:53', '2022-12-02 11:47:53'),
(55, '1809', '369775', '2009-09-29', 'УФМС России по Волгоградской области в Жирновском районе', '340-016', NULL, '2022-12-02 12:02:59', '2022-12-02 12:02:59'),
(56, '1820', '730935', '2020-04-08', 'ГУ МВД России по Волгоградской области', '340005', NULL, '2022-12-02 12:08:44', '2022-12-02 12:08:44'),
(57, '1817', '383910', '2017-10-26', 'отделом по вопросам миграции ОП №7 управления МВД России по г.Волгограду', '340003', NULL, '2022-12-02 13:07:25', '2022-12-02 13:07:25'),
(58, '1813', '941041', '2014-08-15', 'ОТДЕЛЕНИЕМ УФМС РОССИИ ПО ВОЛГОГРАДСКОЙ ОБЛАСТИ В НИКОЛАЕВСКОМ РАЙОНЕ', '340-029', NULL, '2022-12-02 13:23:11', '2022-12-02 13:23:11'),
(59, '1812', '771642', '2012-11-22', 'ОУФМС России по Волгоградской области в Красноармейском районе гор.Волгограда', '340-004', NULL, '2022-12-02 13:29:32', '2022-12-02 13:29:32'),
(60, '1804', '686909', '2005-09-22', 'Палласовским РОВД Волгоградской обл', '342-034', NULL, '2022-12-02 14:18:55', '2022-12-02 14:18:55'),
(61, '1812', '766237', '2012-09-27', 'ОУФМС России по Волгоградской области в Советском районе города Волгограда', '340-006', NULL, '2022-12-02 14:22:13', '2022-12-02 14:22:13'),
(62, '1815', '138071', '2015-10-06', 'ТП УФМС РОССИИ ПО ВОЛГОГРАДСКОЙ ОБЛАСТИ В Р.П. ЕЛАНЬ', '340-015', NULL, '2022-12-02 14:56:18', '2022-12-02 14:56:18'),
(63, '1817', '322088', '2017-06-09', 'Отделом по вопросам отдела полиции 7 управления МВД России по г. Волгограду', '340-003', NULL, '2022-12-02 15:35:05', '2022-12-02 15:35:05'),
(64, '1817', '298717', '2017-03-21', 'Отделом по вопросам миграции оп 8 УМВД России по г. Волгограду', '340-004', NULL, '2022-12-02 15:50:37', '2022-12-02 15:50:37'),
(65, '1812', '824622', '2013-05-20', 'Отделением УФМС России по Волгоградской области в Ленинском районе', '340-026', NULL, '2022-12-03 02:22:43', '2022-12-03 02:22:43'),
(66, '1822', '869333', '2022-05-18', 'ГУ МВД РОССИИ ПО ВОЛГОГРАДСКОЙ ОБЛАСТИ', '340006', NULL, '2022-12-03 03:21:16', '2022-12-03 03:21:16'),
(67, '1811', '728453', '2012-08-03', 'ОУФМС России по Волгоградской области в Светлоярском районе', '340-036', NULL, '2022-12-03 04:34:04', '2022-12-03 04:34:04'),
(68, '1816', '289702', '2017-01-21', 'Отделом по вопросам миграции отдела полиции 2 управления мвд России по г Волгограду', '340-005', NULL, '2022-12-03 07:00:31', '2022-12-03 07:00:31'),
(69, '1805', '876390', '2006-10-03', 'ОВД СОВЕТСКОГО РАЙОНА ГОРОДА ВОЛГОГРАДА', '342-006', NULL, '2022-12-03 08:26:20', '2022-12-03 08:26:20'),
(70, '1804', '386728', '2004-11-29', 'Октябрьским РОВД Волгоградской обл.', '342-032', NULL, '2022-12-03 08:28:29', '2022-12-03 08:28:29'),
(71, '1808', '219572', '2008-11-11', 'Отделом УФМС России по Волгоградской области в Красноармейском  р-не гор.Волгограда.', '340-004', NULL, '2022-12-03 10:34:58', '2022-12-03 10:34:58'),
(72, '1814', '994419', '2014-07-25', 'Отделом  УФМС РОССИИ ПО ВОЛГОГРАДСКОЙ ОБЛАСТИ  В СОВЕТСКОМ РАЙОНЕ ГОР. ВОЛГОГРАДА', '340-006', NULL, '2022-12-03 10:50:57', '2022-12-03 10:50:57'),
(73, '1817', '378544', '2017-10-28', 'Отделом  по вопросам миграции отдела полиции 6 управления МВД России по г. Волгограду', '340-006', NULL, '2022-12-03 10:58:53', '2022-12-03 10:58:53'),
(74, '1821', '821921', '2021-11-10', 'ГУ МВД РОССИИ ПО ВОЛГОГРАДСКОЙ ОБЛАСТИ', '340-003', NULL, '2022-12-03 11:40:23', '2022-12-03 11:40:23'),
(75, '1813', '928293', '2014-03-18', 'Отделом УФМС России по Волгоградской области в Советском районе Волгограда', '340-006', NULL, '2022-12-03 12:19:30', '2022-12-03 12:19:30'),
(76, '1804', '145333', '2003-09-30', 'Отделом внутренних дел советского района города Волгограда', '342006', NULL, '2022-12-03 12:47:38', '2022-12-03 12:47:38'),
(77, '1813', '912607', '2013-12-13', 'Отделом уфмс России по волгоградской области в краснооктябрьском районе гор.волгограда', '340-005', NULL, '2022-12-03 13:28:05', '2022-12-03 13:28:05'),
(78, '1819', '537467', '2019-04-11', 'ГУМВД РОССИИ ПО ВОЛГОГРАДСКОЙ ОБЛАСТИ', '340-003', NULL, '2022-12-03 15:47:41', '2022-12-03 15:47:41'),
(79, '1806', '892963', '2007-02-28', 'Городищенским РОВД Волгоградской области', '342-012', NULL, '2022-12-04 08:31:10', '2022-12-04 08:31:10'),
(80, '1810', '523584', '2010-12-23', 'Отделом УФМС России по Волгоградской области в Советском р-не гор.Волгограда', '340-006', NULL, '2022-12-04 09:02:45', '2022-12-04 09:02:45'),
(81, '1813', '919586', '2014-03-04', 'ОУФМС России по Волгоградской области в Жирновском райне', '340-016', NULL, '2022-12-04 12:33:59', '2022-12-04 12:33:59'),
(82, '1808', '184476', '2008-10-15', 'отделением УФМС России по Волгоградской области в палласовском районе', '340-034', NULL, '2022-12-04 13:14:24', '2022-12-04 13:14:24'),
(83, '1815', '064084', '2015-04-07', 'ОТДЕЛЕНИЕМ УФМС РОССИИ РО ВОЛГОГРАДСКОЙ ОБЛАСТИ В ГОРОДИЩЕНСКОМ РАЙОНЕ', '340-012', NULL, '2022-12-04 13:46:17', '2022-12-04 13:46:17'),
(84, '0570', '642170', '2010-05-12', 'Отделением УФМС России по Приморскому краю  в Тернейского Миниципальном районе', '250-046', NULL, '2022-12-04 16:09:32', '2022-12-04 16:09:32'),
(85, '1819', '650677', '2020-04-09', 'ГУ МВД РОССИИ ПО ВОЛГОГРАДСКОЙ ОБЛАСТИ', '340-006', NULL, '2022-12-04 16:38:09', '2022-12-04 16:38:09'),
(86, '1808', '229822', '2008-10-23', 'Оуфмс России по Волгоградской области в Ворошиловском районе', '340001', NULL, '2022-12-05 02:36:34', '2022-12-05 02:36:34'),
(87, '1818', '439403', '2018-07-10', 'ГУ МВД России по Волгоградской области', '340-003', NULL, '2022-12-05 04:21:03', '2022-12-05 04:21:03'),
(88, '1812', '750282', '2012-07-25', 'УФМС России по Волгоградской обл. в Кировском рай-не г. Волгограда', '340-003', NULL, '2022-12-05 04:37:53', '2022-12-05 04:37:53'),
(89, '1814', '991472', '2014-07-03', 'Отделом УФМС России по Волгоградской области в Кировском р-не города Волгограда', '390-003', NULL, '2022-12-05 04:41:18', '2022-12-05 04:41:18'),
(90, '1821', '854595', '2022-04-11', 'ГУ МВД России по Волгоградской области', '340-003', 'athlete/234_Кирсанов_Сергей/passport_Кирсанов_Сергей_Влалимирович.jpg', '2022-12-05 04:44:16', '2022-12-05 04:47:33'),
(91, '1809', '407622', '2010-02-10', 'Отделением УФМС России по Волгоградской области', '340-012', NULL, '2022-12-05 04:59:10', '2022-12-05 04:59:10'),
(92, '1805', '752567', '2006-02-02', 'Кировским РОВД города Волгограда', '342-003', NULL, '2022-12-05 05:28:41', '2022-12-05 05:28:41'),
(93, '1821', '796715', '2021-09-16', 'ГУ МВД России по Волгоградской области', '340-006', NULL, '2022-12-05 06:18:28', '2022-12-05 06:18:28'),
(94, '1821', '855927', '2022-03-22', 'ГУ МВД России по Волгоградской области', '340-006', 'athlete/248_Козлов_Арсений/passport_Козлов_Арсений_Витальевич.jpg', '2022-12-05 06:28:11', '2022-12-05 06:28:11'),
(95, '1810', '511189', '2010-09-08', 'Отделом УФМС России по Волгоградской области в Кировском районе города Волгограда', '340-003', NULL, '2022-12-05 06:39:28', '2022-12-05 06:39:28'),
(96, '1822', '924192', '2022-10-10', 'ГУ МВД России по Волгоградской области', '340-003', NULL, '2022-12-05 07:14:54', '2022-12-05 07:14:54'),
(97, '1802', '949348', '2002-04-18', 'ОВД Кировского района города Волгограда', '342-003', NULL, '2022-12-05 09:17:26', '2022-12-05 09:17:26'),
(98, '1805', '851821', '2006-08-11', 'Овд Кировского р-на.гор. Волгограда', '342003', NULL, '2022-12-05 09:30:37', '2022-12-05 09:30:37'),
(99, '1812', '751019', '2012-09-15', 'Отделом уфмс России по  Волгоградской области в Кировском районе города Волгограда', '340-003', NULL, '2022-12-05 09:43:18', '2022-12-05 09:43:18'),
(100, '1813', '879498', '2013-12-20', 'ОТДЕЛЕНИЕМ УФМС РОССИИ ПО ВОЛГОГРАДСКОЙ ОБЛАСТИ В УРЮПИНСКОМ РАЙОНЕ', '340-041', NULL, '2022-12-05 09:48:18', '2022-12-05 09:48:18'),
(101, '1810', '582562', '2011-05-26', 'Отделением УФМС России по Волгоградской области в Дубовском районе', '340-014', NULL, '2022-12-05 09:53:54', '2022-12-05 09:53:54'),
(102, '1817', '384815', '2018-01-16', 'ГУ МВД России по Волгоградской области', '340-003', NULL, '2022-12-05 10:11:35', '2022-12-05 10:11:35'),
(103, '1818', '530021', '2019-02-28', 'ГУ МВД РОССИИ ПО ВОЛГОГРАДСКОЙ ОБЛАСТИ', '340-005', NULL, '2022-12-05 10:17:54', '2022-12-05 10:17:54'),
(104, '1815', '004353', '2014-07-30', 'Отделением УФМС России по Волгоградской области в Палласовском районе', '340043', NULL, '2022-12-05 11:08:19', '2022-12-05 11:08:19'),
(105, '1803', '773103', '2003-03-28', 'ОВД Кировского района гор. Волгограда', '342-003', NULL, '2022-12-05 12:10:06', '2022-12-05 12:10:06'),
(106, '1814', '985422', '2014-06-18', 'Отделением УФМС России по волгоградской области Городищенского района', '340012', NULL, '2022-12-05 12:37:15', '2022-12-05 12:37:15'),
(107, '1809', '448291', '2010-05-26', 'Отделом УФМС России по Волгоградской области в Советском районе гор. Волгограда', '340-006', NULL, '2022-12-05 13:03:44', '2022-12-05 13:03:44'),
(108, '1822', '889026', '2022-06-10', 'ГУ МВД РОССИИ ПО ВОЛГОГРАДСКОЙ ОБЛАСТИ', '340-006', 'athlete/281_Бородин_Ярослав/passport_Бородин_Ярослав_Станиславович.jpg', '2022-12-05 13:23:58', '2022-12-05 13:23:58'),
(109, '1804', '555307', '2005-02-18', 'СОВЕТСКИМ РОВД ГОРОДА ВОЛГОГРАДА', '342-006', NULL, '2022-12-05 13:26:13', '2022-12-05 13:26:13'),
(110, '1807', '028901', '2007-08-25', 'Отд.УФМС РФ Дзержинского р-на, г.Волгограда.', '340-002', NULL, '2022-12-05 13:48:08', '2022-12-05 13:48:08'),
(111, '1212', '436348', '2012-03-02', 'ОУФМС России по Астраханской области в Енотаевском районе', '300-007', NULL, '2022-12-05 13:48:47', '2022-12-05 13:48:47'),
(112, '1819', '582199', '2019-09-06', 'ГУ МВД России по Волгоградской области', '340-001', NULL, '2022-12-05 14:01:51', '2022-12-05 14:01:51'),
(113, '1802', '944964', '2002-04-16', 'ОВД Суровикинского района Волгоградской области', '342-040', NULL, '2022-12-05 14:12:03', '2022-12-05 14:12:03'),
(114, '1809', '369035', '2009-09-30', 'О УФМС России по Волгоградской области в Кировском районе гор. Волгограда', '340-003', NULL, '2022-12-05 14:18:27', '2022-12-05 14:18:27'),
(115, '1803', '280520', '2002-08-23', 'Советским РОВД гор. Волгограда', '342-006', NULL, '2022-12-05 17:03:09', '2022-12-05 17:03:09'),
(116, '1822', '889533', '2022-07-07', 'ГУ МВД России по Волгоградской области', '340-006', NULL, '2022-12-05 17:22:41', '2022-12-05 17:22:41'),
(117, '1814', '985619', '2014-07-08', 'Отделением УФМС России по Волгоградской области в Городищенском районе', '340012', NULL, '2022-12-06 01:09:12', '2022-12-06 01:09:12'),
(118, '1803', '091377', '2002-06-25', 'калачевским отделом внутренних дел Волгоградской области', '342018', NULL, '2022-12-06 02:03:32', '2022-12-06 02:03:32'),
(119, '1807', '132694', '2008-04-03', 'Отделом УФМС РОССИИ ПО ВОЛГОГРАДСКОЙ ОБЛАСТИ В КИРОВСКОМ РАЙОНЕ ГОРОДА ВОЛГОГРАДА', '340003', NULL, '2022-12-06 02:03:59', '2022-12-06 02:03:59'),
(120, '1818', '459777', '2018-07-18', 'ГУ МВД России по Волгоградской области', '340-003', NULL, '2022-12-06 02:31:42', '2022-12-06 02:31:42'),
(121, '1820', '744775', '2021-03-02', 'ГУ МВД по Волгоградской области', '340-002', NULL, '2022-12-06 03:04:11', '2022-12-06 03:04:11'),
(122, '1804', '294674', '2004-03-01', 'Серафимовичским РОВД Волгоградской области', '342-037', NULL, '2022-12-06 03:10:02', '2022-12-06 03:10:02'),
(123, '1811', '634069', '2011-10-05', 'Отделом УФМС России по Волгоградской области в Кировском районе г. Волгограда', '340-003', NULL, '2022-12-06 03:27:51', '2022-12-06 03:27:51'),
(124, '1811', '621954', '2011-09-24', 'УФМС России по Волгоградской области в Суровикинском районе', '340040', NULL, '2022-12-06 03:42:30', '2022-12-06 03:42:30'),
(125, '1810', '517155', '2010-10-06', 'Оуфмс России по Волгоградской области в Краснооктчбрьском районе города Волгограда', '340-005', NULL, '2022-12-06 04:26:58', '2022-12-06 04:26:58'),
(126, '1822', '944277', '2022-11-23', 'ГУ МВД РОССИИ ПО ВОЛГОГРАДСКОЙ ОБЛАСТИ', '340-006', 'athlete/313_Таранов_Сергей/passport_Таранов_Сергей_Владимирович.jpg', '2022-12-06 04:54:28', '2022-12-06 04:54:28'),
(127, '1807', '100053', '2008-02-21', 'ОТДЕЛЕНИЕМ УФМС ПО ВОЛОГОДСКОЙ ОБЛАСТИ В СОВЕТСКОМ РАЙОНЕ ГОР.ВОЛГОГРАДА', '340-006', NULL, '2022-12-06 04:57:39', '2022-12-06 04:57:39'),
(128, '1809', '397669', '2010-04-30', 'ТП УФМС России по Волгоградской области в г. Краснослободске Среднеахтубинского района', '340020', NULL, '2022-12-06 05:52:26', '2022-12-06 05:52:26'),
(129, '1808', '232211', '2008-11-10', 'Отделом УФМС России по Волгоградской области в Дзержинском р-не гор.Волгограда', '340-002', NULL, '2022-12-06 07:37:02', '2022-12-06 07:37:02'),
(130, '1801', '703913', '2002-01-09', 'ОВД Кировского района Волгоград', '342003', NULL, '2022-12-06 08:05:08', '2022-12-06 08:05:08'),
(131, '1819', '582465', '2019-08-09', 'ГУ МВД РОССИИ ПО ВОЛГОГРАДСКОЙ ОБЛАСТИ', '340-008', NULL, '2022-12-06 08:26:16', '2022-12-06 08:26:16'),
(132, '1806', '962942', '2007-06-06', 'Отделением УФМС России по Волгоградской области в Иловлинском районе', '340-017', NULL, '2022-12-06 08:30:17', '2022-12-06 08:30:17'),
(133, '2212', '964809', '2012-09-11', 'Отделом УФМС России по Нижегородской области в Кстовском районе', '520016', NULL, '2022-12-06 09:17:59', '2022-12-06 09:17:59'),
(134, '1811', '702616', '2012-04-28', 'ОТДЕЛЕНИЕМ УФМС РОССИИ ПО ВОЛГОГРАДСКОЙ ОБЛАСТИ В ВОРОШИЛОВСКОМ РАЙОНЕ Г.ВОЛГОГРАДА', '340-001', NULL, '2022-12-06 12:38:06', '2022-12-06 12:38:06'),
(135, '1803', '946877', '2011-09-23', 'Новониколаевским РОВД Волгоградской области', '342-003', NULL, '2022-12-06 13:05:25', '2022-12-06 13:05:25'),
(136, '1815', '182651', '2016-03-18', 'Отделом УФМС России по Волгоградской обл. в Кировском р-не г. Волгограда', '340-003', NULL, '2022-12-06 13:13:29', '2022-12-06 13:13:29'),
(137, '1810', '466751', '2010-06-17', 'ОУФМС России по Волгоградской области в Дзержинском районе гор. Волгограда', '340-002', NULL, '2022-12-06 13:22:40', '2022-12-06 13:22:40'),
(138, '1813', '854021', '2013-11-29', 'Отделом УФМС России по Волгоградской области в ст. Кумылженская', '340-025', NULL, '2022-12-06 14:02:46', '2022-12-06 14:02:46'),
(139, '1810', '515252', '2010-10-26', 'ОУФМС России по Волгоградской области в Тракторозаводском районе гор.Волгограда', '340-007', NULL, '2022-12-06 15:21:04', '2022-12-06 15:21:04'),
(140, '0812', '134101', '2013-02-05', 'Отделом УФМС России по Хабаровскому краю в Центральном районе гор. Хабаровска', '270-001', NULL, '2022-12-06 16:32:25', '2022-12-06 16:32:25'),
(141, '1807', '130660', '2008-10-10', 'Отделением УФМС России по Волгоградской области в Быковском районе', '340-010', NULL, '2022-12-07 02:17:51', '2022-12-07 02:17:51'),
(142, '1804', '252746', '2004-06-29', 'Овд Котовского района Волгоградской области', '342-024', NULL, '2022-12-07 03:21:48', '2022-12-07 03:21:48'),
(143, '1819', '655013', '2020-03-31', 'ГУ МВД РОССИИ ПО ВОЛГОГРАДСКОЙ ОБЛАСТИ', '340-012', NULL, '2022-12-07 04:17:42', '2022-12-07 04:17:42'),
(144, '1805', '873358', '2006-09-20', 'Котовские РОВД Волгоградской области', '342-024', NULL, '2022-12-07 07:16:23', '2022-12-07 07:16:23'),
(145, '1815', '150143', '2015-10-09', 'Отделом УФМС России по Волгоградской области в Краснооктябрьском районе гор. Волгограда', '340-005', NULL, '2022-12-07 08:38:34', '2022-12-07 08:38:34'),
(146, '1806', '931231', '2007-02-20', 'Чернышковским ровд волгоградской области', '342-043', NULL, '2022-12-07 10:53:24', '2022-12-07 10:53:24'),
(147, '1808', '148365', '2008-04-24', 'Отделом УФМС России в.гВолжский', '340 011', NULL, '2022-12-07 11:15:11', '2022-12-07 11:15:11'),
(148, '1806', '890604', '2006-12-15', 'Краснооктябрьским РОВД города Волгограда', '342-005', NULL, '2022-12-07 13:47:26', '2022-12-07 13:47:26'),
(149, '1808', '184377', '2008-09-26', 'ОУФМС России по Волгоградской обл в Палласовском районе', '340034', NULL, '2022-12-07 14:55:51', '2022-12-07 14:55:51'),
(150, '1813', '843628', '2013-07-04', 'Отделением УФМС России по Волгоградской области в Серафимовичском районе', '340-037', NULL, '2022-12-07 16:38:23', '2022-12-07 16:38:23'),
(151, '1810', '550987', '2011-02-03', 'Отделением УФМС России по Волгоградской области в Ворошиловском р-не гор. Волгограда', '340-001', NULL, '2022-12-08 03:40:49', '2022-12-08 03:40:49'),
(152, '1811', '609395', '2011-10-04', 'ОУФМС России по Волгоградской области в Николаевском районе', '340-029', NULL, '2022-12-08 04:49:51', '2022-12-08 04:49:51'),
(153, '1804', '661101', '2005-10-13', 'Центральным РОВД г Волгограда', '342-008', NULL, '2022-12-08 04:54:46', '2022-12-08 04:54:46'),
(154, '1810', '577528', '2011-04-12', 'Оуфмс РФ по Волгоградской области в ТЗР г. Волгограда', '340-007', NULL, '2022-12-08 06:13:17', '2022-12-08 06:13:17'),
(155, '1821', '762706', '2021-04-23', 'ГУ МВД России по волгоградской области', '340-006', NULL, '2022-12-08 06:22:32', '2022-12-08 06:22:32'),
(156, '1820', '693535', '2020-10-17', 'Ну МВД России по Волгоградской области', '340-006', NULL, '2022-12-08 06:26:03', '2022-12-08 06:26:03'),
(157, '6005', '331835', '2005-04-15', 'ОВД Тарасовского района', '612-061', NULL, '2022-12-08 07:18:56', '2022-12-08 07:18:56'),
(158, '1821', '758077', '2021-04-01', 'ГУ МВД по России', '340003', NULL, '2022-12-08 07:22:15', '2022-12-08 07:22:15'),
(159, '2503', '462787', '2002-12-04', 'Отдел милиции №4 УВД города Братска Иркутской области', '383004', NULL, '2022-12-08 07:38:25', '2022-12-08 07:38:25'),
(160, '1813', '931337', '2014-02-04', 'ОУФМС РОССИИ по Волгоградской области в Ворошиловском районе г.Волгограда', '340-001', NULL, '2022-12-08 07:50:06', '2022-12-08 07:50:06'),
(161, '1804', '144837', '2003-09-25', 'ОВД Советского района г. Волгограда', '342-006', NULL, '2022-12-08 08:32:03', '2022-12-08 08:32:03'),
(162, '1813', '841757', '2013-04-20', 'УФМС России по Волгоградской области в Дзержинском районе города Волгограда', '340-002', NULL, '2022-12-08 08:50:28', '2022-12-08 08:50:28'),
(163, '1810', '553782', '2011-02-15', 'Отделом уфмс России по Волгоградской области в Советском р-не гор. Волгограда', '340-006', NULL, '2022-12-08 08:56:47', '2022-12-08 08:56:47'),
(164, '1809', '341485', '2009-11-02', 'Отделением УФМС России по Волгоградской области в Ленинском районе', '340-026', NULL, '2022-12-08 09:15:29', '2022-12-08 09:15:29'),
(165, '1804', '421886', '2010-03-22', 'Отделом УФМС России по Волгоградской области в советском р-не гор.Волгограда', '340-006', NULL, '2022-12-08 10:10:58', '2022-12-08 10:10:58'),
(166, '1804', '442347', '2004-08-20', 'ОВД ВОРОШИЛОВСКОГО РАЙОНА  гор. Волгограда', '342-001', NULL, '2022-12-08 10:12:23', '2022-12-08 10:12:23'),
(167, '1822', '873574', '2022-06-27', 'ГУ МВД РОССИИ ПО ВОЛГОГРАДСКОЙ ОБЛАСТИ', '340-003', 'athlete/403_Горбатенко_Виктория/passport_Горбатенко_Виктория_Игоревна.jpg', '2022-12-08 10:21:27', '2022-12-08 10:21:27'),
(168, '1815', '016216', '2014-08-28', 'Отделением УФМС России по Волгоградской области в Котовском районе', '340-024', NULL, '2022-12-08 12:55:20', '2022-12-08 12:55:20'),
(169, '1808', '217704', '2008-10-14', 'ОУФМС России по Волгоградской области в Кировском районе г.Волгограда', '340003', NULL, '2022-12-08 12:58:02', '2022-12-08 12:58:02'),
(170, '1815', '029388', '2014-12-09', 'Отделением уфмс России по Волгоградской области в городищенском районе', '340-012', NULL, '2022-12-08 13:01:55', '2022-12-08 13:01:55'),
(171, '1808', '288127', '2009-02-27', 'Отделом УФМС РОССИИ ПО ВОЛГОГРАДСКОЙ ОБЛАСТИ В СОВЕТСКОМ РАЙОНЕ ГОРОДА ВОЛГОГРАДА', '340-006', NULL, '2022-12-08 13:34:48', '2022-12-08 13:34:48'),
(172, '1815', '063939', '2015-12-17', 'Отделением УФМС России по Волгоградской области в Городищенском районе', '340-012', NULL, '2022-12-08 14:13:04', '2022-12-08 14:13:04'),
(173, '1809', '340127', '2009-06-06', 'Отделением УФМС России по Волгоградской области в Дубовском районе', '340-014', NULL, '2022-12-08 14:42:30', '2022-12-08 14:42:30'),
(174, '1815', '028918', '2014-10-22', 'Отделением УФМС России по Волгоградской области в Городищенском р-не', '340-012', NULL, '2022-12-08 14:50:38', '2022-12-08 14:50:38'),
(175, '1816', '105756', '2015-07-17', 'отделением УФМС России по Волгоградской области в Калачевском районе', '340-018', NULL, '2022-12-08 17:14:21', '2022-12-08 17:14:21'),
(176, '1815', '087853', '2015-05-14', 'Отделом УФМС России по Волгоградской области в Краснооктябрьском районе гор. Волгограда', '340-005', NULL, '2022-12-09 02:02:46', '2022-12-09 02:02:46'),
(177, '1811', '653038', '2011-11-29', 'Отделом УФМС  России по Волгоградской области в гор. Камышине', '340-019', NULL, '2022-12-09 03:56:25', '2022-12-09 03:56:25'),
(178, '1821', '816980', '2021-11-10', 'ГУ МВД России по Волгоградской области', '340-002', NULL, '2022-12-09 09:21:21', '2022-12-09 09:21:21'),
(179, '1807', '034416', '2007-08-09', 'УФМС в гор.Волжском', '340-011', NULL, '2022-12-09 13:09:19', '2022-12-09 13:09:19'),
(180, '1813', '854874', '2013-06-01', 'Отделом УФМС России по Волгоградской области в Кировском р. г.Волгограда', '340-003', NULL, '2022-12-10 03:15:50', '2022-12-10 03:15:50'),
(181, '6304', '401760', '2004-03-05', 'УВД г.Энгельса и Энгельсского района Саратовской области', '642-046', NULL, '2022-12-11 14:17:38', '2022-12-11 14:17:38'),
(182, '1807', '019972', '2007-09-11', 'УФМС России по Волгоградской области в Калачевском районе', '340-018', NULL, '2022-12-11 14:33:28', '2022-12-11 14:33:28'),
(183, '1812', '745434', '2012-08-21', 'Отел УФМС г.Камышина', '340-019', NULL, '2022-12-12 08:00:44', '2022-12-12 08:00:44'),
(184, '1817', '340478', '2017-08-29', 'Отделом по вопросам миграции отдела полиции 6 Управления МВД России по г. Волгограду', '340 006', NULL, '2022-12-12 08:34:52', '2022-12-12 08:34:52'),
(185, '1821', '767256', '2021-05-24', 'ГУ МВД ПО ВОЛГОГРАДСКОЙ ОБЛАСТИ', '340-012', NULL, '2022-12-12 09:04:25', '2022-12-12 09:04:25'),
(186, '1804', '250721', '2003-12-18', 'Центральным РОВД', '342-008', NULL, '2022-12-12 10:33:21', '2022-12-12 10:33:21'),
(187, '1805', '716514', '2005-11-15', 'Краснооктябрьским РОВД города Волгограда', '342-005', NULL, '2022-12-12 10:50:20', '2022-12-12 10:50:20'),
(188, '1804', '609941', '2005-07-14', 'Суровикинским РОВД', '342-040', NULL, '2022-12-12 13:42:40', '2022-12-12 13:42:40'),
(189, '1808', '233972', '2008-12-04', 'О УФМС РОССИИ ПО Волгоградской области в Палласовского районе', '340-034', NULL, '2022-12-12 14:56:30', '2022-12-12 14:56:30'),
(190, '1803', '513535', '2002-11-26', 'Советским РОВД гор. Волгограда', '342-006', NULL, '2022-12-12 16:14:33', '2022-12-12 16:14:33'),
(191, '1813', '918512', '2013-12-04', 'УФМС России по Волгоградской области в Дзержинском районе города Волгограда', '340-002', NULL, '2022-12-13 01:23:17', '2022-12-13 01:23:17'),
(192, '1820', '744935', '2021-03-09', 'ГУ МВД России по Волгоградской области', '340-002', NULL, '2022-12-13 05:51:20', '2022-12-13 05:51:20'),
(193, '1807', '030721', '2007-10-29', 'Отделом УФМС России в Дзержинском районе гор.Волгограда', '340-002', NULL, '2022-12-13 05:57:03', '2022-12-13 05:57:03'),
(194, '1810', '576156', '2011-03-16', 'Отделом УФМС России по Волгоградской области в Дзержинском р-не гор. Волгограда', '340-002', NULL, '2022-12-13 09:41:45', '2022-12-13 09:41:45'),
(195, '1809', '357454', '2009-09-03', 'ОТДЕЛЕНИЕМ УФМС РОССИИ ПО ВОЛГОГРАДСКОЙ ОБЛАСТИ В ВОРОШИЛОВСКОМ Р-НЕ ГОР. ВОЛГОГРАДА', '340-001', NULL, '2022-12-13 13:52:15', '2022-12-13 13:52:15'),
(196, '1810', '496987', '2010-09-21', 'Отделением УФМС России по Волгоградской области в Суровикинском районе', '340-040', NULL, '2022-12-13 14:07:06', '2022-12-13 14:07:06'),
(197, '1805', '848969', '2006-09-21', 'Тракторозаводским РОВД', '342007', NULL, '2022-12-13 14:18:17', '2022-12-13 14:18:17'),
(198, '1813', '854450', '2013-06-08', 'ОУФМС Дзержинский р-н г Волгоград', '340-002', NULL, '2022-12-13 15:47:04', '2022-12-13 15:47:04'),
(199, '1803', '560752', '2002-12-10', 'Краснооктябрьским РОВД г. Волгограда', '342-005', NULL, '2022-12-14 06:43:29', '2022-12-14 06:43:29'),
(200, '1805', '851764', '2006-08-10', 'Кировским РОВД г. Волгограда', '342-003', NULL, '2022-12-14 07:12:58', '2022-12-14 07:12:58'),
(201, '1822', '924115', '2022-10-06', 'ГУ МВД РОССИИ ПО ВОЛГОГРАДСКОЙ ОБЛАСТИ', '340003', 'athlete/493_Иващенко_Богдан/passport_Иващенко_Богдан_Денисович.jpg', '2022-12-14 10:28:19', '2022-12-14 10:28:19'),
(202, '1818', '510937', '2018-12-27', 'ГУ МВД РОССИИ ПО ВОЛГОГРАДСКОЙ ОБЛАСТИ', '340-012', NULL, '2022-12-14 11:28:25', '2022-12-14 11:28:25'),
(203, '1820', '736859', '2021-04-02', 'Гу МВД по Волгоградской области', '340-038', NULL, '2022-12-14 11:43:47', '2022-12-14 11:43:47'),
(204, '1810', '514777', '2010-09-30', 'ОУФМС России по Волгоградской области в Тракторозаводском районе г Волгоградп', '340-007', NULL, '2022-12-14 13:16:31', '2022-12-14 13:16:31'),
(205, '1810', '492658', '2010-12-18', 'ТП УФМС по Волгоградской области в г. Краснослободске Среднеахтубинского района', '340-020', NULL, '2022-12-14 13:41:44', '2022-12-14 13:41:44'),
(206, '1822', '902801', '2022-08-11', 'ГУ МВД России по Волгоградской области', '340-003', 'athlete/504_Бережной_Кирилл/passport_Бережной_Кирилл_Денисович.jpg', '2022-12-14 15:09:07', '2022-12-14 15:09:07'),
(207, '1809', '423243', '2010-03-11', 'Отделом УФМС России по Волгоградской области в Кировском районе г.Волгограда', '340-003', NULL, '2022-12-14 15:15:07', '2022-12-14 15:15:07'),
(208, '1820', '722918', '2021-02-26', 'ГУ МВД России по Волгоградской области', '340-003', 'athlete/506_Алиев_Богдан/passport_Алиев_Богдан_Назарович.jpg', '2022-12-14 15:24:41', '2022-12-14 15:24:41'),
(209, '1815', '037417', '2014-11-21', 'Отделение УФМС России по Волгоградской области в Жирновском районе', '340-016', NULL, '2022-12-15 17:08:47', '2022-12-15 17:08:47'),
(210, '1811', '721680', '2012-05-17', 'ОУФМС России по Волгоградской области в Среднеахтубинском районе', '340-038', NULL, '2022-12-18 04:13:34', '2022-12-18 04:13:34');

-- --------------------------------------------------------

--
-- Структура таблицы `password_resets`
--
-- Создание: Сен 29 2022 г., 14:12
--

DROP TABLE IF EXISTS `password_resets`;
CREATE TABLE `password_resets` (
  `email` varchar(255) COLLATE utf8mb4_unicode_ci NOT NULL,
  `token` varchar(255) COLLATE utf8mb4_unicode_ci NOT NULL,
  `created_at` timestamp NULL DEFAULT NULL
) ENGINE=InnoDB DEFAULT CHARSET=utf8mb4 COLLATE=utf8mb4_unicode_ci;

--
-- Дамп данных таблицы `password_resets`
--

INSERT INTO `password_resets` (`email`, `token`, `created_at`) VALUES
('pyatyshkinanatalya@yandex.ru', '$2y$10$VADEsuwN42G6tOKTHiE7IOgaU4ftZa4co/bcwB5LawWCl2Uk10gym', '2022-12-13 11:08:26'),
('animkrtchuan@icloud.com', '$2y$10$xmLB6c5QETcYNyYwpMphSO3V9N5zHRdQF2cQRLhyq.bE.EMqxMYX6', '2022-12-14 14:21:14');

-- --------------------------------------------------------

--
-- Структура таблицы `payments`
--
-- Создание: Сен 29 2022 г., 14:12
--

DROP TABLE IF EXISTS `payments`;
CREATE TABLE `payments` (
  `id` bigint(20) UNSIGNED NOT NULL,
  `date` date NOT NULL,
  `sum` int(11) NOT NULL,
  `year` int(11) NOT NULL,
  `paymenttitle_id` bigint(20) UNSIGNED NOT NULL,
  `created_at` timestamp NULL DEFAULT NULL,
  `updated_at` timestamp NULL DEFAULT NULL
) ENGINE=InnoDB DEFAULT CHARSET=utf8mb4 COLLATE=utf8mb4_unicode_ci;

-- --------------------------------------------------------

--
-- Структура таблицы `payments_titles`
--
-- Создание: Сен 29 2022 г., 14:12
--

DROP TABLE IF EXISTS `payments_titles`;
CREATE TABLE `payments_titles` (
  `id` bigint(20) UNSIGNED NOT NULL,
  `title` varchar(45) COLLATE utf8mb4_unicode_ci NOT NULL,
  `created_at` timestamp NULL DEFAULT NULL,
  `updated_at` timestamp NULL DEFAULT NULL
) ENGINE=InnoDB DEFAULT CHARSET=utf8mb4 COLLATE=utf8mb4_unicode_ci;

-- --------------------------------------------------------

--
-- Структура таблицы `personal_access_tokens`
--
-- Создание: Сен 29 2022 г., 14:12
--

DROP TABLE IF EXISTS `personal_access_tokens`;
CREATE TABLE `personal_access_tokens` (
  `id` bigint(20) UNSIGNED NOT NULL,
  `tokenable_type` varchar(255) COLLATE utf8mb4_unicode_ci NOT NULL,
  `tokenable_id` bigint(20) UNSIGNED NOT NULL,
  `name` varchar(255) COLLATE utf8mb4_unicode_ci NOT NULL,
  `token` varchar(64) COLLATE utf8mb4_unicode_ci NOT NULL,
  `abilities` text COLLATE utf8mb4_unicode_ci,
  `last_used_at` timestamp NULL DEFAULT NULL,
  `created_at` timestamp NULL DEFAULT NULL,
  `updated_at` timestamp NULL DEFAULT NULL
) ENGINE=InnoDB DEFAULT CHARSET=utf8mb4 COLLATE=utf8mb4_unicode_ci;

-- --------------------------------------------------------

--
-- Структура таблицы `referees`
--
-- Создание: Дек 16 2022 г., 11:49
--

DROP TABLE IF EXISTS `referees`;
CREATE TABLE `referees` (
  `id` bigint(20) UNSIGNED NOT NULL,
  `user_id` bigint(20) UNSIGNED DEFAULT NULL,
  `photo` varchar(256) COLLATE utf8mb4_unicode_ci DEFAULT NULL,
  `created_at` timestamp NULL DEFAULT NULL,
  `updated_at` timestamp NULL DEFAULT NULL
) ENGINE=InnoDB DEFAULT CHARSET=utf8mb4 COLLATE=utf8mb4_unicode_ci;

--
-- Дамп данных таблицы `referees`
--

INSERT INTO `referees` (`id`, `user_id`, `photo`, `created_at`, `updated_at`) VALUES
(1, 515, NULL, '2022-12-16 08:50:36', '2022-12-16 08:50:36'),
(2, 516, NULL, NULL, NULL),
(3, 315, NULL, NULL, NULL),
(4, 517, NULL, NULL, NULL);

-- --------------------------------------------------------

--
-- Структура таблицы `regions`
--
-- Создание: Сен 29 2022 г., 14:12
--

DROP TABLE IF EXISTS `regions`;
CREATE TABLE `regions` (
  `id` bigint(20) UNSIGNED NOT NULL,
  `title` varchar(255) COLLATE utf8mb4_unicode_ci NOT NULL,
  `code` varchar(255) COLLATE utf8mb4_unicode_ci NOT NULL,
  `created_at` timestamp NULL DEFAULT NULL,
  `updated_at` timestamp NULL DEFAULT NULL
) ENGINE=InnoDB DEFAULT CHARSET=utf8mb4 COLLATE=utf8mb4_unicode_ci;

--
-- Дамп данных таблицы `regions`
--

INSERT INTO `regions` (`id`, `title`, `code`, `created_at`, `updated_at`) VALUES
(1, 'Республика Адыгея', '1', NULL, NULL),
(2, 'Республика Башкортостан', '2', NULL, NULL),
(3, 'Республика Бурятия', '3', NULL, NULL),
(4, 'Республика Алтай (Горный Алтай)', '4', NULL, NULL),
(5, 'Республика Дагестан', '5', NULL, NULL),
(6, 'Республика Ингушетия', '6', NULL, NULL),
(7, 'Кабардино-Балкарская Республика', '7', NULL, NULL),
(8, 'Республика Калмыкия', '8', NULL, NULL),
(9, 'Республика Карачаево-Черкессия', '9', NULL, NULL),
(10, 'Республика Карелия', '10', NULL, NULL),
(11, 'Республика Коми', '11', NULL, NULL),
(12, 'Республика Марий Эл', '12', NULL, NULL),
(13, 'Республика Мордовия', '13', NULL, NULL),
(14, 'Республика Саха (Якутия)', '14', NULL, NULL),
(15, 'Республика Северная Осетия-Алания', '15', NULL, NULL),
(16, 'Республика Татарстан', '16', NULL, NULL),
(17, 'Республика Тыва', '17', NULL, NULL),
(18, 'Удмуртская Республика', '18', NULL, NULL),
(19, 'Республика Хакасия', '19', NULL, NULL),
(20, 'Чувашская Республика', '21', NULL, NULL),
(21, 'Алтайский край', '22', NULL, NULL),
(22, 'Краснодарский край', '23', NULL, NULL),
(23, 'Красноярский край', '24', NULL, NULL),
(24, 'Приморский край', '25', NULL, NULL),
(25, 'Ставропольский край', '26', NULL, NULL),
(26, 'Хабаровский край', '27', NULL, NULL),
(27, 'Амурская область', '28', NULL, NULL),
(28, 'Архангельская область', '29', NULL, NULL),
(29, 'Астраханская область', '30', NULL, NULL),
(30, 'Белгородская область', '31', NULL, NULL),
(31, 'Брянская область', '32', NULL, NULL),
(32, 'Владимирская область', '33', NULL, NULL),
(33, 'Волгоградская область', '34', NULL, NULL),
(34, 'Вологодская область', '35', NULL, NULL),
(35, 'Воронежская область', '36', NULL, NULL),
(36, 'Ивановская область', '37', NULL, NULL),
(37, 'Иркутская область', '38', NULL, NULL),
(38, 'Калининградская область', '39', NULL, NULL),
(39, 'Калужская область', '40', NULL, NULL),
(40, 'Камчатский край', '41', NULL, NULL),
(41, 'Кемеровская область', '42', NULL, NULL),
(42, 'Кировская область', '43', NULL, NULL),
(43, 'Костромская область', '44', NULL, NULL),
(44, 'Курганская область', '45', NULL, NULL),
(45, 'Курская область', '46', NULL, NULL),
(46, 'Ленинградская область', '47', NULL, NULL),
(47, 'Липецкая область', '48', NULL, NULL),
(48, 'Магаданская область', '49', NULL, NULL),
(49, 'Московская область', '50', NULL, NULL),
(50, 'Мурманская область', '51', NULL, NULL),
(51, 'Нижегородская область', '52', NULL, NULL),
(52, 'Новгородская область', '53', NULL, NULL),
(53, 'Новосибирская область', '54', NULL, NULL),
(54, 'Омская область', '55', NULL, NULL),
(55, 'Оренбургская область', '56', NULL, NULL),
(56, 'Орловская область', '57', NULL, NULL),
(57, 'Пензенская область', '58', NULL, NULL),
(58, 'Пермский край', '59', NULL, NULL),
(59, 'Псковская область', '60', NULL, NULL),
(60, 'Ростовская область', '61', NULL, NULL),
(61, 'Рязанская область', '62', NULL, NULL),
(62, 'Самарская область', '63', NULL, NULL),
(63, 'Саратовская область', '64', NULL, NULL),
(64, 'Сахалинская область', '65', NULL, NULL),
(65, 'Свердловская область', '66', NULL, NULL),
(66, 'Смоленская область', '67', NULL, NULL),
(67, 'Тамбовская область', '68', NULL, NULL),
(68, 'Тверская область', '69', NULL, NULL),
(69, 'Томская область', '70', NULL, NULL),
(70, 'Тульская область', '71', NULL, NULL),
(71, 'Тюменская область', '72', NULL, NULL),
(72, 'Ульяновская область', '73', NULL, NULL),
(73, 'Челябинская область', '74', NULL, NULL),
(74, 'Забайкальский край', '75', NULL, NULL),
(75, 'Ярославская область', '76', NULL, NULL),
(76, 'Москва', '77', NULL, NULL),
(77, 'Санкт-Петербург', '78', NULL, NULL),
(78, 'Еврейская автономная область', '79', NULL, NULL),
(79, 'Республика Крым', '82', NULL, NULL),
(80, 'Ненецкий автономный округ', '83', NULL, NULL),
(81, 'Ханты-Мансийский автономный округ-Югра', '86', NULL, NULL),
(82, 'Чукотский автономный округ', '87', NULL, NULL),
(83, 'Ямало-Ненецкий автономный округ', '89', NULL, NULL),
(84, 'Севастополь', '92', NULL, NULL),
(85, 'Чеченская республика', '95', NULL, NULL);

-- --------------------------------------------------------

--
-- Структура таблицы `roles`
--
-- Создание: Окт 25 2022 г., 19:28
--

DROP TABLE IF EXISTS `roles`;
CREATE TABLE `roles` (
  `code` text COLLATE utf8mb4_unicode_ci,
  `id` bigint(20) UNSIGNED NOT NULL,
  `name` varchar(50) COLLATE utf8mb4_unicode_ci NOT NULL,
  `created_at` timestamp NULL DEFAULT NULL,
  `updated_at` timestamp NULL DEFAULT NULL
) ENGINE=InnoDB DEFAULT CHARSET=utf8mb4 COLLATE=utf8mb4_unicode_ci;

--
-- Дамп данных таблицы `roles`
--

INSERT INTO `roles` (`code`, `id`, `name`, `created_at`, `updated_at`) VALUES
('system_admin', 1, 'Администратор системы', NULL, NULL),
('organization_admin', 2, 'Администратор организации', NULL, NULL),
('organization_chairman', 3, 'Руководитель организации', NULL, NULL),
('coach', 4, 'Тренер', NULL, NULL),
('parented', 5, 'Родитель', NULL, NULL),
('athlete', 6, 'Спортсмен', NULL, NULL),
('referee', 7, 'Судья', NULL, NULL);

-- --------------------------------------------------------

--
-- Структура таблицы `role_user`
--
-- Создание: Окт 25 2022 г., 19:14
--

DROP TABLE IF EXISTS `role_user`;
CREATE TABLE `role_user` (
  `id` bigint(20) UNSIGNED NOT NULL,
  `role_id` bigint(20) UNSIGNED NOT NULL,
  `user_id` bigint(20) UNSIGNED NOT NULL,
  `created_at` timestamp NULL DEFAULT NULL,
  `updated_at` timestamp NULL DEFAULT NULL
) ENGINE=InnoDB DEFAULT CHARSET=utf8mb4 COLLATE=utf8mb4_unicode_ci;

--
-- Дамп данных таблицы `role_user`
--

INSERT INTO `role_user` (`id`, `role_id`, `user_id`, `created_at`, `updated_at`) VALUES
(2, 4, 2, NULL, NULL),
(3, 5, 3, NULL, NULL),
(4, 5, 4, NULL, NULL),
(5, 6, 5, NULL, NULL),
(6, 5, 6, NULL, NULL),
(7, 5, 7, NULL, NULL),
(8, 6, 8, NULL, NULL),
(9, 5, 10, NULL, NULL),
(10, 6, 11, NULL, NULL),
(11, 5, 12, NULL, NULL),
(12, 6, 13, NULL, NULL),
(13, 5, 14, NULL, NULL),
(14, 6, 15, NULL, NULL),
(15, 6, 16, NULL, NULL),
(16, 5, 17, NULL, NULL),
(17, 6, 18, NULL, NULL),
(18, 6, 19, NULL, NULL),
(19, 5, 20, NULL, NULL),
(20, 6, 21, NULL, NULL),
(21, 5, 22, NULL, NULL),
(22, 6, 23, NULL, NULL),
(23, 5, 24, NULL, NULL),
(24, 6, 25, NULL, NULL),
(25, 5, 26, NULL, NULL),
(26, 5, 27, NULL, NULL),
(27, 6, 28, NULL, NULL),
(28, 6, 29, NULL, NULL),
(49, 1, 1, NULL, NULL),
(50, 2, 1, NULL, NULL),
(51, 3, 1, NULL, NULL),
(52, 4, 1, NULL, NULL),
(53, 2, 30, NULL, NULL),
(54, 4, 31, NULL, NULL),
(55, 4, 32, NULL, NULL),
(56, 4, 33, NULL, NULL),
(57, 4, 34, NULL, NULL),
(58, 4, 35, NULL, NULL),
(59, 4, 36, NULL, NULL),
(60, 5, 37, NULL, NULL),
(61, 5, 38, NULL, NULL),
(62, 5, 39, NULL, NULL),
(63, 5, 40, NULL, NULL),
(64, 5, 41, NULL, NULL),
(65, 6, 42, NULL, NULL),
(66, 5, 43, NULL, NULL),
(67, 5, 44, NULL, NULL),
(68, 4, 45, NULL, NULL),
(69, 5, 46, NULL, NULL),
(70, 6, 47, NULL, NULL),
(71, 6, 48, NULL, NULL),
(72, 5, 49, NULL, NULL),
(73, 6, 50, NULL, NULL),
(74, 6, 51, NULL, NULL),
(75, 5, 52, NULL, NULL),
(76, 6, 53, NULL, NULL),
(77, 6, 54, NULL, NULL),
(78, 4, 55, NULL, NULL),
(79, 5, 56, NULL, NULL),
(80, 6, 57, NULL, NULL),
(81, 5, 58, NULL, NULL),
(82, 5, 60, NULL, NULL),
(83, 5, 61, NULL, NULL),
(84, 5, 62, NULL, NULL),
(85, 5, 63, NULL, NULL),
(86, 5, 64, NULL, NULL),
(87, 5, 65, NULL, NULL),
(88, 5, 66, NULL, NULL),
(89, 5, 67, NULL, NULL),
(90, 6, 68, NULL, NULL),
(91, 5, 69, NULL, NULL),
(92, 5, 70, NULL, NULL),
(93, 5, 71, NULL, NULL),
(94, 6, 72, NULL, NULL),
(95, 5, 73, NULL, NULL),
(96, 6, 74, NULL, NULL),
(97, 6, 75, NULL, NULL),
(98, 6, 76, NULL, NULL),
(99, 5, 77, NULL, NULL),
(100, 6, 78, NULL, NULL),
(101, 6, 79, NULL, NULL),
(102, 5, 80, NULL, NULL),
(103, 6, 81, NULL, NULL),
(104, 5, 82, NULL, NULL),
(105, 6, 83, NULL, NULL),
(106, 4, 84, NULL, NULL),
(107, 5, 85, NULL, NULL),
(108, 6, 86, NULL, NULL),
(109, 6, 87, NULL, NULL),
(110, 5, 88, NULL, NULL),
(111, 6, 89, NULL, NULL),
(112, 5, 90, NULL, NULL),
(113, 5, 91, NULL, NULL),
(114, 6, 92, NULL, NULL),
(115, 5, 93, NULL, NULL),
(116, 6, 94, NULL, NULL),
(117, 5, 95, NULL, NULL),
(118, 5, 96, NULL, NULL),
(119, 6, 97, NULL, NULL),
(121, 5, 99, NULL, NULL),
(122, 5, 100, NULL, NULL),
(123, 6, 101, NULL, NULL),
(124, 6, 102, NULL, NULL),
(126, 5, 104, NULL, NULL),
(127, 6, 105, NULL, NULL),
(128, 6, 106, NULL, NULL),
(129, 6, 107, NULL, NULL),
(130, 5, 108, NULL, NULL),
(131, 6, 109, NULL, NULL),
(132, 6, 110, NULL, NULL),
(133, 6, 111, NULL, NULL),
(134, 5, 112, NULL, NULL),
(135, 6, 113, NULL, NULL),
(136, 6, 114, NULL, NULL),
(137, 5, 115, NULL, NULL),
(138, 6, 116, NULL, NULL),
(139, 6, 117, NULL, NULL),
(140, 5, 118, NULL, NULL),
(141, 6, 119, NULL, NULL),
(142, 5, 120, NULL, NULL),
(143, 6, 121, NULL, NULL),
(144, 4, 122, NULL, NULL),
(145, 5, 123, NULL, NULL),
(146, 5, 124, NULL, NULL),
(147, 5, 125, NULL, NULL),
(148, 5, 126, NULL, NULL),
(149, 6, 127, NULL, NULL),
(150, 6, 128, NULL, NULL),
(151, 5, 129, NULL, NULL),
(152, 5, 130, NULL, NULL),
(153, 5, 131, NULL, NULL),
(154, 6, 132, NULL, NULL),
(155, 5, 133, NULL, NULL),
(156, 5, 134, NULL, NULL),
(157, 5, 135, NULL, NULL),
(158, 5, 136, NULL, NULL),
(159, 6, 137, NULL, NULL),
(160, 6, 138, NULL, NULL),
(161, 5, 139, NULL, NULL),
(162, 6, 140, NULL, NULL),
(163, 6, 141, NULL, NULL),
(167, 6, 145, NULL, NULL),
(168, 6, 146, NULL, NULL),
(169, 6, 147, NULL, NULL),
(170, 5, 148, NULL, NULL),
(171, 6, 149, NULL, NULL),
(173, 5, 151, NULL, NULL),
(174, 6, 152, NULL, NULL),
(175, 6, 153, NULL, NULL),
(177, 5, 155, NULL, NULL),
(178, 6, 156, NULL, NULL),
(179, 5, 157, NULL, NULL),
(180, 5, 158, NULL, NULL),
(181, 6, 159, NULL, NULL),
(182, 5, 160, NULL, NULL),
(183, 6, 161, NULL, NULL),
(184, 6, 162, NULL, NULL),
(185, 6, 163, NULL, NULL),
(186, 5, 164, NULL, NULL),
(187, 5, 165, NULL, NULL),
(188, 6, 166, NULL, NULL),
(189, 6, 167, NULL, NULL),
(190, 5, 168, NULL, NULL),
(191, 6, 169, NULL, NULL),
(192, 6, 170, NULL, NULL),
(193, 5, 171, NULL, NULL),
(194, 5, 172, NULL, NULL),
(195, 6, 173, NULL, NULL),
(196, 5, 174, NULL, NULL),
(199, 5, 177, NULL, NULL),
(200, 6, 178, NULL, NULL),
(201, 6, 179, NULL, NULL),
(202, 5, 180, NULL, NULL),
(203, 6, 181, NULL, NULL),
(204, 5, 182, NULL, NULL),
(205, 6, 183, NULL, NULL),
(206, 5, 184, NULL, NULL),
(207, 5, 185, NULL, NULL),
(208, 6, 186, NULL, NULL),
(209, 5, 187, NULL, NULL),
(210, 6, 188, NULL, NULL),
(211, 5, 189, NULL, NULL),
(212, 6, 190, NULL, NULL),
(213, 6, 191, NULL, NULL),
(214, 5, 192, NULL, NULL),
(215, 6, 193, NULL, NULL),
(216, 5, 194, NULL, NULL),
(217, 6, 195, NULL, NULL),
(218, 5, 196, NULL, NULL),
(219, 6, 197, NULL, NULL),
(220, 5, 198, NULL, NULL),
(221, 6, 199, NULL, NULL),
(222, 5, 200, NULL, NULL),
(223, 6, 201, NULL, NULL),
(224, 5, 202, NULL, NULL),
(225, 6, 203, NULL, NULL),
(226, 5, 204, NULL, NULL),
(227, 5, 205, NULL, NULL),
(228, 6, 206, NULL, NULL),
(229, 6, 207, NULL, NULL),
(230, 5, 208, NULL, NULL),
(231, 6, 209, NULL, NULL),
(232, 5, 210, NULL, NULL),
(233, 6, 211, NULL, NULL),
(234, 5, 212, NULL, NULL),
(235, 6, 213, NULL, NULL),
(236, 6, 214, NULL, NULL),
(237, 5, 215, NULL, NULL),
(238, 5, 216, NULL, NULL),
(239, 5, 217, NULL, NULL),
(241, 5, 219, NULL, NULL),
(242, 6, 220, NULL, NULL),
(243, 6, 221, NULL, NULL),
(244, 6, 222, NULL, NULL),
(245, 5, 223, NULL, NULL),
(246, 6, 224, NULL, NULL),
(247, 5, 225, NULL, NULL),
(248, 6, 226, NULL, NULL),
(249, 6, 227, NULL, NULL),
(250, 6, 228, NULL, NULL),
(251, 5, 229, NULL, NULL),
(252, 6, 230, NULL, NULL),
(253, 5, 231, NULL, NULL),
(254, 5, 232, NULL, NULL),
(255, 5, 233, NULL, NULL),
(256, 6, 234, NULL, NULL),
(257, 5, 235, NULL, NULL),
(258, 5, 236, NULL, NULL),
(259, 6, 237, NULL, NULL),
(260, 5, 238, NULL, NULL),
(261, 6, 239, NULL, NULL),
(262, 5, 240, NULL, NULL),
(263, 6, 241, NULL, NULL),
(264, 6, 242, NULL, NULL),
(265, 6, 243, NULL, NULL),
(266, 6, 244, NULL, NULL),
(267, 5, 245, NULL, NULL),
(268, 6, 246, NULL, NULL),
(269, 5, 247, NULL, NULL),
(270, 6, 248, NULL, NULL),
(271, 5, 249, NULL, NULL),
(272, 6, 250, NULL, NULL),
(273, 5, 251, NULL, NULL),
(274, 6, 252, NULL, NULL),
(275, 5, 253, NULL, NULL),
(276, 5, 254, NULL, NULL),
(277, 6, 255, NULL, NULL),
(278, 6, 256, NULL, NULL),
(279, 5, 257, NULL, NULL),
(280, 6, 258, NULL, NULL),
(281, 5, 259, NULL, NULL),
(282, 6, 260, NULL, NULL),
(283, 6, 261, NULL, NULL),
(284, 6, 262, NULL, NULL),
(285, 5, 263, NULL, NULL),
(286, 6, 264, NULL, NULL),
(287, 5, 265, NULL, NULL),
(288, 6, 266, NULL, NULL),
(289, 5, 267, NULL, NULL),
(290, 6, 268, NULL, NULL),
(291, 5, 269, NULL, NULL),
(292, 6, 270, NULL, NULL),
(293, 6, 271, NULL, NULL),
(294, 6, 272, NULL, NULL),
(295, 5, 273, NULL, NULL),
(296, 6, 274, NULL, NULL),
(297, 5, 275, NULL, NULL),
(298, 6, 276, NULL, NULL),
(299, 5, 277, NULL, NULL),
(300, 6, 278, NULL, NULL),
(301, 5, 279, NULL, NULL),
(302, 5, 280, NULL, NULL),
(303, 6, 281, NULL, NULL),
(304, 6, 282, NULL, NULL),
(305, 5, 283, NULL, NULL),
(306, 5, 284, NULL, NULL),
(307, 6, 285, NULL, NULL),
(308, 5, 286, NULL, NULL),
(309, 6, 287, NULL, NULL),
(310, 5, 288, NULL, NULL),
(311, 6, 289, NULL, NULL),
(312, 6, 290, NULL, NULL),
(313, 5, 291, NULL, NULL),
(314, 5, 292, NULL, NULL),
(315, 6, 293, NULL, NULL),
(316, 6, 294, NULL, NULL),
(317, 5, 295, NULL, NULL),
(318, 6, 296, NULL, NULL),
(319, 5, 297, NULL, NULL),
(320, 5, 298, NULL, NULL),
(321, 5, 299, NULL, NULL),
(322, 6, 300, NULL, NULL),
(323, 6, 301, NULL, NULL),
(324, 6, 302, NULL, NULL),
(325, 5, 303, NULL, NULL),
(326, 6, 304, NULL, NULL),
(327, 5, 305, NULL, NULL),
(328, 5, 306, NULL, NULL),
(329, 6, 307, NULL, NULL),
(330, 5, 308, NULL, NULL),
(331, 5, 309, NULL, NULL),
(332, 5, 310, NULL, NULL),
(333, 6, 311, NULL, NULL),
(334, 5, 312, NULL, NULL),
(335, 6, 313, NULL, NULL),
(336, 6, 314, NULL, NULL),
(338, 5, 316, NULL, NULL),
(339, 6, 317, NULL, NULL),
(340, 6, 318, NULL, NULL),
(341, 5, 319, NULL, NULL),
(342, 6, 320, NULL, NULL),
(343, 5, 321, NULL, NULL),
(344, 6, 322, NULL, NULL),
(345, 5, 323, NULL, NULL),
(346, 6, 324, NULL, NULL),
(347, 5, 325, NULL, NULL),
(348, 6, 326, NULL, NULL),
(349, 5, 327, NULL, NULL),
(350, 6, 328, NULL, NULL),
(351, 5, 329, NULL, NULL),
(352, 6, 330, NULL, NULL),
(353, 5, 331, NULL, NULL),
(354, 6, 332, NULL, NULL),
(355, 5, 333, NULL, NULL),
(356, 6, 334, NULL, NULL),
(357, 5, 335, NULL, NULL),
(358, 6, 336, NULL, NULL),
(359, 5, 337, NULL, NULL),
(360, 6, 338, NULL, NULL),
(361, 5, 339, NULL, NULL),
(362, 5, 340, NULL, NULL),
(363, 6, 341, NULL, NULL),
(364, 5, 342, NULL, NULL),
(365, 6, 343, NULL, NULL),
(366, 5, 344, NULL, NULL),
(367, 5, 345, NULL, NULL),
(368, 6, 346, NULL, NULL),
(369, 5, 347, NULL, NULL),
(370, 6, 348, NULL, NULL),
(371, 6, 349, NULL, NULL),
(372, 5, 350, NULL, NULL),
(374, 5, 352, NULL, NULL),
(375, 5, 353, NULL, NULL),
(376, 6, 354, NULL, NULL),
(377, 5, 355, NULL, NULL),
(378, 6, 356, NULL, NULL),
(379, 5, 357, NULL, NULL),
(380, 6, 358, NULL, NULL),
(381, 5, 359, NULL, NULL),
(382, 6, 360, NULL, NULL),
(383, 5, 361, NULL, NULL),
(384, 6, 362, NULL, NULL),
(385, 5, 363, NULL, NULL),
(386, 6, 364, NULL, NULL),
(387, 5, 365, NULL, NULL),
(388, 6, 366, NULL, NULL),
(389, 5, 367, NULL, NULL),
(390, 6, 368, NULL, NULL),
(391, 5, 369, NULL, NULL),
(392, 5, 370, NULL, NULL),
(393, 5, 371, NULL, NULL),
(394, 6, 372, NULL, NULL),
(395, 5, 373, NULL, NULL),
(396, 6, 374, NULL, NULL),
(397, 5, 375, NULL, NULL),
(398, 6, 376, NULL, NULL),
(399, 5, 377, NULL, NULL),
(400, 5, 378, NULL, NULL),
(401, 6, 379, NULL, NULL),
(402, 5, 380, NULL, NULL),
(403, 6, 381, NULL, NULL),
(404, 5, 382, NULL, NULL),
(405, 5, 383, NULL, NULL),
(406, 6, 384, NULL, NULL),
(407, 5, 385, NULL, NULL),
(408, 5, 386, NULL, NULL),
(409, 6, 387, NULL, NULL),
(410, 5, 388, NULL, NULL),
(411, 6, 389, NULL, NULL),
(412, 6, 390, NULL, NULL),
(413, 5, 391, NULL, NULL),
(414, 6, 392, NULL, NULL),
(415, 6, 393, NULL, NULL),
(416, 5, 394, NULL, NULL),
(417, 5, 395, NULL, NULL),
(418, 6, 396, NULL, NULL),
(419, 5, 397, NULL, NULL),
(420, 6, 398, NULL, NULL),
(421, 5, 399, NULL, NULL),
(422, 6, 400, NULL, NULL),
(423, 5, 401, NULL, NULL),
(424, 5, 402, NULL, NULL),
(425, 6, 403, NULL, NULL),
(426, 5, 404, NULL, NULL),
(427, 6, 405, NULL, NULL),
(428, 6, 406, NULL, NULL),
(429, 5, 407, NULL, NULL),
(430, 5, 408, NULL, NULL),
(431, 5, 409, NULL, NULL),
(432, 6, 410, NULL, NULL),
(433, 6, 411, NULL, NULL),
(434, 6, 412, NULL, NULL),
(435, 6, 413, NULL, NULL),
(436, 5, 414, NULL, NULL),
(437, 6, 415, NULL, NULL),
(438, 5, 416, NULL, NULL),
(439, 6, 417, NULL, NULL),
(440, 6, 418, NULL, NULL),
(441, 6, 419, NULL, NULL),
(442, 5, 420, NULL, NULL),
(443, 6, 421, NULL, NULL),
(444, 5, 422, NULL, NULL),
(445, 5, 423, NULL, NULL),
(446, 6, 424, NULL, NULL),
(447, 5, 425, NULL, NULL),
(448, 6, 426, NULL, NULL),
(449, 5, 427, NULL, NULL),
(450, 6, 428, NULL, NULL),
(451, 5, 429, NULL, NULL),
(452, 6, 430, NULL, NULL),
(453, 5, 431, NULL, NULL),
(454, 6, 432, NULL, NULL),
(455, 6, 433, NULL, NULL),
(456, 6, 434, NULL, NULL),
(457, 5, 435, NULL, NULL),
(458, 5, 436, NULL, NULL),
(459, 6, 437, NULL, NULL),
(460, 6, 438, NULL, NULL),
(461, 6, 439, NULL, NULL),
(462, 5, 440, NULL, NULL),
(463, 5, 441, NULL, NULL),
(464, 6, 442, NULL, NULL),
(466, 6, 444, NULL, NULL),
(467, 5, 445, NULL, NULL),
(468, 6, 446, NULL, NULL),
(469, 6, 447, NULL, NULL),
(470, 5, 448, NULL, NULL),
(471, 6, 449, NULL, NULL),
(472, 5, 450, NULL, NULL),
(473, 6, 451, NULL, NULL),
(474, 6, 452, NULL, NULL),
(475, 6, 453, NULL, NULL),
(476, 5, 454, NULL, NULL),
(477, 6, 455, NULL, NULL),
(478, 5, 456, NULL, NULL),
(479, 6, 457, NULL, NULL),
(480, 5, 458, NULL, NULL),
(481, 5, 459, NULL, NULL),
(482, 6, 460, NULL, NULL),
(483, 5, 461, NULL, NULL),
(484, 6, 462, NULL, NULL),
(485, 5, 463, NULL, NULL),
(486, 5, 464, NULL, NULL),
(487, 6, 465, NULL, NULL),
(488, 6, 466, NULL, NULL),
(489, 5, 467, NULL, NULL),
(490, 5, 468, NULL, NULL),
(491, 6, 469, NULL, NULL),
(492, 6, 470, NULL, NULL),
(493, 5, 471, NULL, NULL),
(495, 5, 473, NULL, NULL),
(496, 6, 474, NULL, NULL),
(497, 5, 475, NULL, NULL),
(498, 6, 476, NULL, NULL),
(499, 5, 477, NULL, NULL),
(500, 6, 478, NULL, NULL),
(501, 5, 479, NULL, NULL),
(503, 5, 481, NULL, NULL),
(504, 6, 482, NULL, NULL),
(505, 5, 483, NULL, NULL),
(506, 6, 484, NULL, NULL),
(507, 6, 485, NULL, NULL),
(508, 5, 486, NULL, NULL),
(509, 5, 487, NULL, NULL),
(510, 6, 488, NULL, NULL),
(511, 5, 489, NULL, NULL),
(512, 5, 490, NULL, NULL),
(513, 5, 491, NULL, NULL),
(514, 6, 492, NULL, NULL),
(515, 6, 493, NULL, NULL),
(516, 5, 494, NULL, NULL),
(517, 6, 495, NULL, NULL),
(518, 6, 496, NULL, NULL),
(519, 6, 497, NULL, NULL),
(520, 5, 498, NULL, NULL),
(521, 6, 499, NULL, NULL),
(522, 5, 500, NULL, NULL),
(523, 6, 501, NULL, NULL),
(524, 6, 502, NULL, NULL),
(525, 5, 503, NULL, NULL),
(526, 6, 504, NULL, NULL),
(527, 5, 505, NULL, NULL),
(528, 6, 506, NULL, NULL),
(529, 6, 507, NULL, NULL),
(530, 6, 508, NULL, NULL),
(531, 5, 509, NULL, NULL),
(532, 6, 510, NULL, NULL),
(533, 6, 511, NULL, NULL),
(534, 6, 512, NULL, NULL),
(535, 5, 513, NULL, NULL),
(536, 6, 514, NULL, NULL),
(542, 7, 515, NULL, NULL),
(543, 7, 516, NULL, NULL),
(544, 7, 517, NULL, NULL),
(546, 4, 315, NULL, NULL),
(547, 7, 315, NULL, NULL),
(548, 5, 518, NULL, NULL),
(549, 6, 519, NULL, NULL),
(550, 5, 520, NULL, NULL),
(551, 6, 521, NULL, NULL),
(552, 5, 522, NULL, NULL),
(553, 6, 523, NULL, NULL),
(554, 5, 524, NULL, NULL),
(555, 4, 525, NULL, NULL);

-- --------------------------------------------------------

--
-- Структура таблицы `snils`
--
-- Создание: Сен 29 2022 г., 14:12
--

DROP TABLE IF EXISTS `snils`;
CREATE TABLE `snils` (
  `id` bigint(20) UNSIGNED NOT NULL,
  `num` varchar(45) COLLATE utf8mb4_unicode_ci NOT NULL,
  `scanlink` varchar(345) COLLATE utf8mb4_unicode_ci NOT NULL,
  `created_at` timestamp NULL DEFAULT NULL,
  `updated_at` timestamp NULL DEFAULT NULL
) ENGINE=InnoDB DEFAULT CHARSET=utf8mb4 COLLATE=utf8mb4_unicode_ci;

-- --------------------------------------------------------

--
-- Структура таблицы `sportkvals`
--
-- Создание: Окт 25 2022 г., 19:14
--

DROP TABLE IF EXISTS `sportkvals`;
CREATE TABLE `sportkvals` (
  `id` bigint(20) UNSIGNED NOT NULL,
  `short_title` varchar(255) COLLATE utf8mb4_unicode_ci NOT NULL,
  `full_title` varchar(255) COLLATE utf8mb4_unicode_ci NOT NULL,
  `created_at` timestamp NULL DEFAULT NULL,
  `updated_at` timestamp NULL DEFAULT NULL
) ENGINE=InnoDB DEFAULT CHARSET=utf8mb4 COLLATE=utf8mb4_unicode_ci;

--
-- Дамп данных таблицы `sportkvals`
--

INSERT INTO `sportkvals` (`id`, `short_title`, `full_title`, `created_at`, `updated_at`) VALUES
(1, 'Нет', 'Нет', NULL, NULL),
(2, '3 юн.', '3 юношеский', NULL, NULL),
(3, '2 юн.', '2 юношеский', NULL, NULL),
(4, '1 юн.', '1 юношеский', NULL, NULL),
(5, '3 р.', '3 разряд', NULL, NULL),
(6, '2 р.', '2 разряд', NULL, NULL),
(7, '1 р.', '1 разряд', NULL, NULL),
(8, 'КМС', 'Кандидат в мастера спорта', NULL, NULL),
(9, 'МС', 'Мастер спорта', NULL, NULL),
(10, 'МСМК', 'Мастер спорта международного класса', NULL, NULL);

-- --------------------------------------------------------

--
-- Структура таблицы `study_places`
--
-- Создание: Сен 29 2022 г., 14:12
--

DROP TABLE IF EXISTS `study_places`;
CREATE TABLE `study_places` (
  `id` bigint(20) UNSIGNED NOT NULL,
  `classnum` int(11) NOT NULL,
  `letter` varchar(5) COLLATE utf8mb4_unicode_ci DEFAULT NULL,
  `org_title` varchar(50) COLLATE utf8mb4_unicode_ci NOT NULL,
  `created_at` timestamp NULL DEFAULT NULL,
  `updated_at` timestamp NULL DEFAULT NULL
) ENGINE=InnoDB DEFAULT CHARSET=utf8mb4 COLLATE=utf8mb4_unicode_ci;

--
-- Дамп данных таблицы `study_places`
--

INSERT INTO `study_places` (`id`, `classnum`, `letter`, `org_title`, `created_at`, `updated_at`) VALUES
(1, 2, 'Е', 'МОУ СШ №54', '2022-09-30 07:40:38', '2022-09-30 07:40:38'),
(2, 2, 'Г', 'МОУ СШ 106', '2022-10-01 05:47:12', '2022-10-01 05:47:12'),
(3, 2, 'А', 'Школа 54', '2022-10-04 05:06:23', '2022-10-04 05:06:23'),
(4, 2, 'Б', 'Моу Сш № 11', '2022-10-04 05:14:01', '2022-10-04 05:14:01'),
(5, 3, 'В', '46 школа г. Волгоград', '2022-10-06 07:33:19', '2022-10-06 07:33:19'),
(6, 1, 'В', '46 школа г. Волгоград', '2022-10-06 07:43:18', '2022-10-06 07:43:18'),
(7, 2, 'Г', 'МОУ СШ 54', '2022-10-10 11:09:29', '2022-10-10 11:09:29'),
(8, 1, 'е', 'МОУ СШ № 54', '2022-10-10 14:42:20', '2022-10-10 14:42:20'),
(9, 5, 'б', 'СОШ 111', '2022-10-12 06:55:33', '2022-10-12 06:55:33'),
(10, 2, 'е', 'МОУ СШ №54', '2022-10-15 02:51:06', '2022-10-15 02:51:06'),
(11, 2, 'Е', 'МБОУ ГСШ №1', '2022-11-29 12:56:58', '2022-11-29 12:56:58'),
(12, 1, 'В', 'Лицей №8 Олимпия', '2022-11-29 12:57:22', '2022-11-29 12:57:22'),
(13, 3, 'А', 'СШ 96', '2022-11-29 14:28:39', '2022-11-29 14:28:39'),
(14, 2, 'А', 'МБОУ «ГОРОДИЩЕНСКАЯ СШ №1»', '2022-11-30 00:47:52', '2022-11-30 00:47:52'),
(15, 2, 'А', 'МОУ СШ №128', '2022-11-30 05:20:45', '2022-11-30 05:20:45'),
(16, 3, 'Б', 'МОУ Лицей N8 «Олимпия»', '2022-11-30 06:13:33', '2022-11-30 06:13:33'),
(17, 5, 'г', 'МБОУ СОШ № 54', '2022-11-30 06:40:27', '2022-11-30 06:40:27'),
(18, 5, 'А', 'Лицей  7 г. Волгоград', '2022-11-30 06:56:56', '2022-11-30 06:56:56'),
(19, 4, 'А', 'ГСШ номер 2', '2022-11-30 07:51:29', '2022-11-30 07:51:29'),
(20, 2, 'Б', 'ГСШ номер 2', '2022-11-30 07:57:49', '2022-11-30 07:57:49'),
(21, 3, 'Б', 'МОУ СШ №54 г. Волгограда', '2022-11-30 09:22:09', '2022-11-30 09:22:09'),
(22, 3, 'В', 'СОШ 2 Городище', '2022-11-30 09:55:12', '2022-11-30 09:55:12'),
(23, 4, 'Б', 'МБОУ ГОС номер 3', '2022-11-30 10:29:19', '2022-11-30 10:29:19'),
(24, 3, 'В', 'МОУ СШ 49', '2022-11-30 10:43:58', '2022-11-30 10:43:58'),
(25, 3, 'В', 'Средняя школа №2', '2022-11-30 12:36:26', '2022-11-30 12:36:26'),
(26, 2, 'А', 'МОУ СШ № 128', '2022-11-30 13:10:51', '2022-11-30 13:10:51'),
(27, 4, 'Д', 'МОУСШ 54', '2022-11-30 17:57:29', '2022-11-30 17:57:29'),
(28, 1, 'А', 'МБОУ ГСШ 1', '2022-12-01 03:53:23', '2022-12-01 03:53:23'),
(29, 3, 'Б', 'МБОУ ГСШ 1', '2022-12-01 03:56:51', '2022-12-01 03:56:51'),
(30, 4, 'А', 'Школа 96', '2022-12-01 05:21:58', '2022-12-01 05:21:58'),
(31, 1, 'А', 'Школа 96', '2022-12-01 05:22:14', '2022-12-01 05:22:14'),
(32, 4, 'А', 'МБОУ ГСШ 1', '2022-12-01 07:36:24', '2022-12-01 07:36:24'),
(33, 3, 'А', 'Лицей 6', '2022-12-01 10:45:05', '2022-12-01 10:45:05'),
(34, 5, NULL, 'ГДС Сказка', '2022-12-01 11:20:55', '2022-12-01 11:20:55'),
(35, 1, 'Е', '54', '2022-12-01 11:27:49', '2022-12-01 11:27:49'),
(36, 4, 'Б', 'МОУ СШ 54', '2022-12-01 13:37:53', '2022-12-01 13:37:53'),
(37, 4, 'А', 'МОУ СОШ 54', '2022-12-01 13:44:50', '2022-12-01 13:44:50'),
(38, 2, 'А', 'Школа 128', '2022-12-01 15:39:19', '2022-12-01 15:39:19'),
(39, 2, 'А', 'Школа 128', '2022-12-01 15:46:40', '2022-12-01 15:46:40'),
(40, 1, 'Д', 'Лицей 8 олимпия', '2022-12-02 06:26:10', '2022-12-02 06:26:10'),
(41, 4, 'г', 'Лицей №2', '2022-12-02 07:52:39', '2022-12-02 07:52:39'),
(42, 2, 'Г', 'Городищенская СШ 1', '2022-12-02 08:00:23', '2022-12-02 08:00:23'),
(43, 2, NULL, 'МОУ д/с 29', '2022-12-02 09:23:22', '2022-12-02 09:23:22'),
(44, 5, 'Г', 'Школа 55 Долина знаний', '2022-12-02 09:40:20', '2022-12-02 09:40:20'),
(45, 5, 'Г', 'Школа 55 Долина знаний', '2022-12-02 10:36:56', '2022-12-02 10:36:56'),
(46, 6, 'Е', 'МОУ СШ.№55 \"Длина Знаний\"', '2022-12-02 11:43:36', '2022-12-02 11:43:36'),
(47, 1, 'Ж', 'СОШ 55 \"Долина знаний\"', '2022-12-02 11:45:54', '2022-12-02 11:45:54'),
(48, 2, NULL, 'Каменская СШ', '2022-12-02 11:47:19', '2022-12-02 11:47:19'),
(49, 5, 'Г', 'МОУ СШ 55', '2022-12-02 11:48:25', '2022-12-02 11:48:25'),
(50, 5, 'Д', 'СОШ 55 \"Долина знаний\"', '2022-12-02 11:50:50', '2022-12-02 11:50:50'),
(51, 3, 'Ж', 'МОУ СШ 55 \"Долина знаний\"', '2022-12-02 11:52:26', '2022-12-02 11:52:26'),
(52, 3, NULL, 'Детский сад, п. Каменный', '2022-12-02 11:52:40', '2022-12-02 11:52:40'),
(53, 5, 'Г', 'МОУ СШ 55', '2022-12-02 11:54:17', '2022-12-02 11:54:17'),
(54, 3, 'Ж', 'МОУ СОШ 55', '2022-12-02 12:07:17', '2022-12-02 12:07:17'),
(55, 2, 'К', 'МОУ СШ 55', '2022-12-02 12:12:23', '2022-12-02 12:12:23'),
(56, 3, 'В', 'МОУ СШ 55 \"Долина знаний\"', '2022-12-02 13:09:42', '2022-12-02 13:09:42'),
(57, 2, 'Б', 'МОУ лицей № 8 \"Олимпия\"', '2022-12-02 13:38:49', '2022-12-02 13:38:49'),
(58, 3, 'Б', 'МОУ СШ 54', '2022-12-02 14:22:12', '2022-12-02 14:22:12'),
(59, 4, NULL, 'Детский сад 11', '2022-12-02 14:26:25', '2022-12-02 14:26:25'),
(60, 5, 'Г', 'МОУ СШ N 96', '2022-12-02 15:03:51', '2022-12-02 15:03:51'),
(61, 6, 'Г', 'Школа 55 Долина Знаний', '2022-12-02 15:55:13', '2022-12-02 15:55:13'),
(62, 5, 'В', 'МОУСШ	№55', '2022-12-02 15:58:08', '2022-12-02 15:58:08'),
(63, 3, 'Б', 'МОУ СОШ 54', '2022-12-03 02:36:31', '2022-12-03 02:36:31'),
(64, 5, 'Б', 'МОУ СШ 55', '2022-12-03 03:27:33', '2022-12-03 03:27:33'),
(65, 2, 'Ж', 'МОУ СШ 55 Родниковая Долина', '2022-12-03 04:42:54', '2022-12-03 04:42:54'),
(66, 2, 'Е', 'МОУ СШ 54', '2022-12-03 07:05:01', '2022-12-03 07:05:01'),
(67, 3, NULL, 'Сад Колокольчик', '2022-12-03 08:28:11', '2022-12-03 08:28:11'),
(68, 2, 'А', 'Школа 55', '2022-12-03 09:05:26', '2022-12-03 09:05:26'),
(69, 7, 'А', 'МОУ СШ 54', '2022-12-03 10:47:43', '2022-12-03 10:47:43'),
(70, 2, 'А', 'Долина знаний , школа 55', '2022-12-03 10:55:29', '2022-12-03 10:55:29'),
(71, 3, 'Ж', 'МОУ МСОШ 55', '2022-12-03 11:05:08', '2022-12-03 11:05:08'),
(72, 1, 'А', 'МОУСШ77', '2022-12-03 11:37:24', '2022-12-03 11:37:24'),
(73, 1, 'Г', 'МОУ СШ №93', '2022-12-03 12:03:42', '2022-12-03 12:03:42'),
(74, 4, 'Е', 'МОУ СШ №55', '2022-12-03 12:50:46', '2022-12-03 12:50:46'),
(75, 5, 'Д', 'МОСШ55', '2022-12-03 12:53:48', '2022-12-03 12:53:48'),
(76, 2, 'Д', 'МОУ СШ #5', '2022-12-03 13:21:38', '2022-12-03 13:21:38'),
(77, 1, 'А', 'МОУ средняя школа 55', '2022-12-03 15:56:54', '2022-12-03 15:56:54'),
(78, 1, 'б', 'МБОУ ГСШ № 2', '2022-12-04 08:47:14', '2022-12-04 08:47:14'),
(79, 5, 'В', 'МОУ СШ N106', '2022-12-04 09:06:39', '2022-12-04 09:06:39'),
(80, 2, 'К', 'МОУ СШ 55 \" Долина знаний\"', '2022-12-04 09:19:56', '2022-12-04 09:19:56'),
(81, 2, 'А', 'МОУ СШ 54', '2022-12-04 12:58:17', '2022-12-04 12:58:17'),
(82, 7, 'Д', 'МБОУ ГСШ№1', '2022-12-04 13:08:34', '2022-12-04 13:08:34'),
(83, 4, 'З', 'МОУ СШ 55 «Долина знаний»', '2022-12-04 16:20:33', '2022-12-04 16:20:33'),
(84, 1, 'Г', 'МОУ СОШ 6 Центрального района Волгограда', '2022-12-04 16:55:03', '2022-12-04 16:55:03'),
(85, 1, 'Б', 'МОУ СОШ 54', '2022-12-04 17:00:03', '2022-12-04 17:00:03'),
(86, 1, 'Ж', 'Со долина знаний 55', '2022-12-05 02:41:52', '2022-12-05 02:41:52'),
(87, 8, 'В', 'МОУ СОШ №100', '2022-12-05 04:45:44', '2022-12-05 04:45:44'),
(88, 4, 'А', 'СШ 24', '2022-12-05 04:52:40', '2022-12-05 04:52:40'),
(89, 3, 'А', 'МОУ СШ №96', '2022-12-05 05:16:12', '2022-12-05 05:16:12'),
(90, 4, 'В', 'МОУ сош 24', '2022-12-05 05:26:43', '2022-12-05 05:26:43'),
(91, 5, NULL, 'МОУ детский сад 265', '2022-12-05 05:37:13', '2022-12-05 05:37:13'),
(92, 5, NULL, 'Д/С 377', '2022-12-05 05:37:57', '2022-12-05 05:37:57'),
(93, 2, 'Е', 'МОУ СШ N 54', '2022-12-05 06:04:01', '2022-12-05 06:04:01'),
(94, 8, 'Г', 'Школа 55', '2022-12-05 06:37:44', '2022-12-05 06:37:44'),
(95, 4, 'В', 'МОУ СОШ 24', '2022-12-05 07:10:27', '2022-12-05 07:10:27'),
(96, 2, 'В', '5 школа', '2022-12-05 07:24:54', '2022-12-05 07:24:54'),
(97, 4, 'А', 'МОУ Гимназия 10', '2022-12-05 09:33:43', '2022-12-05 09:33:43'),
(98, 2, 'Б', 'МОУ Гимназия 10', '2022-12-05 09:44:47', '2022-12-05 09:44:47'),
(99, 2, 'А', 'Гимназия 10', '2022-12-05 09:44:51', '2022-12-05 09:44:51'),
(100, 6, 'В', 'МОУ СШ 57', '2022-12-05 09:50:36', '2022-12-05 09:50:36'),
(101, 11, NULL, 'Детский сад 339', '2022-12-05 09:53:26', '2022-12-05 09:53:26'),
(102, 3, 'Г', 'МБОУ ГСШ#1', '2022-12-05 09:55:07', '2022-12-05 09:55:07'),
(103, 4, 'В', 'МОУ СШ № 24', '2022-12-05 10:24:12', '2022-12-05 10:24:12'),
(104, 4, 'б', 'МОУ СШ № 91', '2022-12-05 10:25:54', '2022-12-05 10:25:54'),
(105, 2, 'Г', 'МБОУ ГСШ #1', '2022-12-05 11:17:08', '2022-12-05 11:17:08'),
(106, 1, 'б', 'МОУ СШ № 54', '2022-12-05 11:34:31', '2022-12-05 11:34:31'),
(107, 6, 'А', 'МОУ СШ #24', '2022-12-05 12:13:13', '2022-12-05 12:13:13'),
(108, 2, 'Г', 'МОУ СШ 24', '2022-12-05 12:18:46', '2022-12-05 12:18:46'),
(109, 2, NULL, 'Ксш', '2022-12-05 12:43:42', '2022-12-05 12:43:42'),
(110, 6, 'Б', 'МОУ Сшкола 129', '2022-12-05 13:21:00', '2022-12-05 13:21:00'),
(111, 8, 'в', 'МОУ СШ №103', '2022-12-05 13:24:24', '2022-12-05 13:24:24'),
(112, 4, 'Б', 'МОУ СШ №96 г.Волгоград', '2022-12-05 13:57:14', '2022-12-05 13:57:14'),
(113, 2, 'Г', 'МОУСШ 24', '2022-12-05 14:09:47', '2022-12-05 14:09:47'),
(114, 17, NULL, 'МОУДС 377', '2022-12-05 14:14:25', '2022-12-05 14:14:25'),
(115, 5, 'Б', 'МОУ СШ 24', '2022-12-05 14:19:21', '2022-12-05 14:19:21'),
(116, 0, NULL, 'МБДОУ Городищенский детский сад Колокольчик', '2022-12-05 15:54:22', '2022-12-05 15:54:22'),
(117, 4, 'А', 'МОУ СШ 57', '2022-12-05 17:13:39', '2022-12-05 17:13:39'),
(118, 2, 'Б', 'СШ #54', '2022-12-05 17:25:40', '2022-12-05 17:25:40'),
(119, 1, 'А', '96 СОШ', '2022-12-06 01:22:25', '2022-12-06 01:22:25'),
(120, 4, 'В', 'МОУ СШ №24', '2022-12-06 02:18:48', '2022-12-06 02:18:48'),
(121, 1, 'е', 'МОУ СШ № 55 \"Долина знаний\"', '2022-12-06 02:25:28', '2022-12-06 02:25:28'),
(122, 5, 'В', 'Лицей 10 г. Волгоград', '2022-12-06 02:45:31', '2022-12-06 02:45:31'),
(123, 2, 'Е', 'МОУ СШ №55 \"Долина знаний\"', '2022-12-06 03:24:57', '2022-12-06 03:24:57'),
(124, 1, 'В', 'МОУ СШ 96', '2022-12-06 03:41:02', '2022-12-06 03:41:02'),
(125, 8, 'Б', 'МОУ СШ 46', '2022-12-06 04:46:52', '2022-12-06 04:46:52'),
(126, 6, 'А', 'МОУ СШ 46', '2022-12-06 04:47:16', '2022-12-06 04:47:16'),
(127, 3, 'И', 'МОУ СШ  N55', '2022-12-06 04:53:53', '2022-12-06 04:53:53'),
(128, 5, 'Б', 'МОУ СШ № 55 «Долина знаний»', '2022-12-06 07:13:33', '2022-12-06 07:13:33'),
(129, 3, 'Б', 'ГСШ N 1', '2022-12-06 07:50:46', '2022-12-06 07:50:46'),
(130, 4, 'Г', 'МОУ СОШ', '2022-12-06 08:15:25', '2022-12-06 08:15:25'),
(131, 6, NULL, 'ЧОУ СОШ «Родник»', '2022-12-06 08:30:25', '2022-12-06 08:30:25'),
(132, 4, 'Д', 'МОУ СОШ 24', '2022-12-06 08:34:11', '2022-12-06 08:34:11'),
(133, 3, 'И', 'МОУСШ 55', '2022-12-06 09:26:22', '2022-12-06 09:26:22'),
(134, 1, 'В', 'МОУ СШ 48', '2022-12-06 12:32:47', '2022-12-06 12:32:47'),
(135, 6, 'Б', 'МОУ СШ 112', '2022-12-06 13:09:34', '2022-12-06 13:09:34'),
(136, 2, 'А', 'МОУ гимназия 9', '2022-12-06 13:13:59', '2022-12-06 13:13:59'),
(137, 4, 'А', 'МОУ СШ 24', '2022-12-06 13:27:59', '2022-12-06 13:27:59'),
(138, 2, NULL, 'МОУ Детский сад 29', '2022-12-06 13:35:26', '2022-12-06 13:35:26'),
(139, 1, 'Д', 'Школа Олимпия', '2022-12-06 14:05:50', '2022-12-06 14:05:50'),
(140, 4, NULL, 'МБОУ \"Каменская СШ\"', '2022-12-06 15:06:21', '2022-12-06 15:06:21'),
(141, 3, 'Ж', 'МОУ СШ №55 \"Долина знаний\"', '2022-12-06 16:54:59', '2022-12-06 16:54:59'),
(142, 6, 'В', 'МОУ СШ54', '2022-12-07 02:34:44', '2022-12-07 02:34:44'),
(143, 3, 'Д', 'МОУ СШ54', '2022-12-07 02:44:20', '2022-12-07 02:44:20'),
(144, 2, 'Д', 'МОУ лицей 8 \"Олимпия\"', '2022-12-07 06:31:10', '2022-12-07 06:31:10'),
(145, 2, 'А', 'МОУ Лицей 2', '2022-12-07 07:31:28', '2022-12-07 07:31:28'),
(146, 1, 'В', 'Гсш1', '2022-12-07 11:10:47', '2022-12-07 11:10:47'),
(147, 0, 'В', 'дошкольник', '2022-12-07 11:21:36', '2022-12-07 11:21:36'),
(148, 1, 'Б', 'МОУ СШ 54', '2022-12-07 13:54:35', '2022-12-07 13:54:35'),
(149, 3, 'И', 'Долина знаний', '2022-12-07 15:09:26', '2022-12-07 15:09:26'),
(150, 3, 'В', 'Школа 92', '2022-12-07 16:27:34', '2022-12-07 16:27:34'),
(151, 3, 'И', 'СШ 55\"Долина знаний\"', '2022-12-08 04:50:41', '2022-12-08 04:50:41'),
(152, 2, 'Ж', 'МОУ СОШ 55', '2022-12-08 05:04:23', '2022-12-08 05:04:23'),
(153, 4, 'Б', 'МОУ СШ №96', '2022-12-08 06:55:39', '2022-12-08 06:55:39'),
(154, 5, NULL, 'Д с 265', '2022-12-08 07:35:06', '2022-12-08 07:35:06'),
(155, 2, 'В', 'Лицей №8 Олимпия', '2022-12-08 07:57:19', '2022-12-08 07:57:19'),
(156, 2, 'Е', 'МОУ ЛИЦЕЙ №8\"ОЛИМПИЯ \"', '2022-12-08 08:24:54', '2022-12-08 08:24:54'),
(157, 1, 'Г', 'СШ 55 \"Долина знаний\"', '2022-12-08 08:31:26', '2022-12-08 08:31:26'),
(158, 3, 'Б', 'Лицей №8 Олимпия', '2022-12-08 08:56:38', '2022-12-08 08:56:38'),
(159, 3, 'В', 'МОУ СШ 54', '2022-12-08 09:03:15', '2022-12-08 09:03:15'),
(160, 5, 'Б', 'МОУ Лицей 8 Олимпия', '2022-12-08 09:25:22', '2022-12-08 09:25:22'),
(161, 8, 'Б', 'МОУСШ 24', '2022-12-08 10:10:58', '2022-12-08 10:10:58'),
(162, 2, 'Б', 'МБОУ ГСШ № 2', '2022-12-08 10:20:33', '2022-12-08 10:20:33'),
(163, 3, 'А', 'МОУ СШ 24', '2022-12-08 13:08:50', '2022-12-08 13:08:50'),
(164, 2, '\"Б\"', 'МОУ лицей №8 \"Олимпия\"', '2022-12-08 13:15:31', '2022-12-08 13:15:31'),
(165, 1, 'А', 'МБОУ ГСШ № 2', '2022-12-08 13:27:23', '2022-12-08 13:27:23'),
(166, 1, 'Г', 'МОУ СШ 54', '2022-12-08 13:40:21', '2022-12-08 13:40:21'),
(167, 1, 'А', 'Школа 97', '2022-12-08 14:26:50', '2022-12-08 14:26:50'),
(168, 1, 'Г', 'МБОУГСШ 1', '2022-12-08 14:54:53', '2022-12-08 14:54:53'),
(169, 2, 'В', 'МОУ СШ №48', '2022-12-08 15:13:18', '2022-12-08 15:13:18'),
(170, 2, 'В', 'СШ 92', '2022-12-08 17:06:07', '2022-12-08 17:06:07'),
(171, 0, NULL, 'Нет', '2022-12-08 17:21:37', '2022-12-08 17:21:37'),
(172, 1, 'В', 'Лицей N 2', '2022-12-09 02:17:26', '2022-12-09 02:17:26'),
(173, 2, 'Д', 'Лицей 8 Олимпия', '2022-12-09 04:13:58', '2022-12-09 04:13:58'),
(174, 1, 'В', 'МОУ СШ 55 Долина знаний', '2022-12-09 07:21:16', '2022-12-09 07:21:16'),
(175, 1, 'А', 'Школа 96', '2022-12-09 12:41:59', '2022-12-09 12:41:59'),
(176, 25, NULL, 'МОУ ДС7', '2022-12-10 03:21:59', '2022-12-10 03:21:59'),
(177, 1, 'Ж', 'МОУ СШ 55', '2022-12-10 03:26:49', '2022-12-10 03:26:49'),
(178, 5, 'Д', 'Лицей  8 «Олимпия»', '2022-12-11 03:20:38', '2022-12-11 03:20:38'),
(179, 5, 'Д', 'Лицей 8 \"Олимпия\"', '2022-12-11 14:25:56', '2022-12-11 14:25:56'),
(180, 1, 'Д', 'Лицей 8 \"Олимпия\"', '2022-12-11 14:29:19', '2022-12-11 14:29:19'),
(181, 7, 'Б', 'МОУ СШ 24', '2022-12-11 14:49:39', '2022-12-11 14:49:39'),
(182, 6, 'Б', 'МОУ СОШ 54', '2022-12-12 08:28:01', '2022-12-12 08:28:01'),
(183, 5, 'Д', 'МОУ Лицей № 8 \"Олимпия', '2022-12-12 09:00:28', '2022-12-12 09:00:28'),
(184, 3, 'А', 'Новорогаченская средняя школа', '2022-12-12 09:11:48', '2022-12-12 09:11:48'),
(185, 3, 'А', 'Новорогаченская средняя школа', '2022-12-12 09:12:07', '2022-12-12 09:12:07'),
(186, 4, 'Е', 'МОУ СШ 55', '2022-12-12 10:42:29', '2022-12-12 10:42:29'),
(187, 5, 'Д', 'Лицей №8 \"Олимпия\"', '2022-12-12 11:17:29', '2022-12-12 11:17:29'),
(188, 2, 'В', 'Моу сош 129', '2022-12-12 13:12:46', '2022-12-12 13:12:46'),
(189, 2, 'В', 'МОУ СОШ 54', '2022-12-12 13:51:15', '2022-12-12 13:51:15'),
(190, 5, 'Д', 'МОУ СШ 55', '2022-12-12 15:08:44', '2022-12-12 15:08:44'),
(191, 3, 'Д', 'МОУ Лицей 8 Олимпия', '2022-12-13 05:05:37', '2022-12-13 05:05:37'),
(192, 2, 'Г', 'Лицей 8', '2022-12-13 06:06:10', '2022-12-13 06:06:10'),
(193, 4, 'Г', 'МОУ СОШ 54', '2022-12-13 06:30:57', '2022-12-13 06:30:57'),
(194, 4, 'Г', 'МОУ СШ 54', '2022-12-13 13:42:50', '2022-12-13 13:42:50'),
(195, 5, 'Д', 'МОУ СШ N 54 г. Волгограда', '2022-12-13 14:12:33', '2022-12-13 14:12:33'),
(196, 5, 'Д', 'МОУ СШ 54', '2022-12-13 16:18:58', '2022-12-13 16:18:58'),
(197, 6, 'А', 'МОУСОШ Гимназия №17', '2022-12-14 06:44:24', '2022-12-14 06:44:24'),
(198, 8, 'А', 'Лицей 10', '2022-12-14 10:29:00', '2022-12-14 10:29:00'),
(199, 4, 'В', 'Поколение', '2022-12-14 11:29:00', '2022-12-14 11:29:00'),
(200, 3, 'Д', 'МОУ Лицей №8 Олимпия', '2022-12-14 11:29:04', '2022-12-14 11:29:04'),
(201, 5, 'В', 'Школа 54', '2022-12-14 13:46:45', '2022-12-14 13:46:45'),
(202, 2, 'Ален', 'Школа96', '2022-12-14 14:17:56', '2022-12-14 14:17:56'),
(203, 8, 'Б', 'СШ#24', '2022-12-14 15:09:35', '2022-12-14 15:09:35'),
(204, 9, 'В', 'МОУ лицей 10', '2022-12-14 15:25:35', '2022-12-14 15:25:35'),
(205, 1, 'Б', 'МОУ СШ #96', '2022-12-15 07:34:20', '2022-12-15 07:34:20'),
(206, 5, 'А', 'МОУ Лицей √7 Дзержинского района г. Волгограда', '2022-12-15 08:14:45', '2022-12-15 08:14:45'),
(207, 5, 'Д', 'МОУ ЛИЦЕЙ 8 ОЛИМПИЯ', '2022-12-15 17:18:58', '2022-12-15 17:18:58'),
(208, 3, 'А', 'Гимназия г. Волжского', '2022-12-18 04:18:01', '2022-12-18 04:18:01');

-- --------------------------------------------------------

--
-- Структура таблицы `system_codes`
--
-- Создание: Окт 25 2022 г., 19:14
--

DROP TABLE IF EXISTS `system_codes`;
CREATE TABLE `system_codes` (
  `id` bigint(20) UNSIGNED NOT NULL,
  `code` int(11) NOT NULL,
  `created_at` timestamp NULL DEFAULT NULL,
  `updated_at` timestamp NULL DEFAULT NULL
) ENGINE=InnoDB DEFAULT CHARSET=utf8mb4 COLLATE=utf8mb4_unicode_ci;

--
-- Дамп данных таблицы `system_codes`
--

INSERT INTO `system_codes` (`id`, `code`, `created_at`, `updated_at`) VALUES
(1, 1234, NULL, NULL);

-- --------------------------------------------------------

--
-- Структура таблицы `tehkvals`
--
-- Создание: Окт 25 2022 г., 19:14
--

DROP TABLE IF EXISTS `tehkvals`;
CREATE TABLE `tehkvals` (
  `id` bigint(20) UNSIGNED NOT NULL,
  `title` varchar(255) COLLATE utf8mb4_unicode_ci NOT NULL,
  `belt_color` varchar(255) COLLATE utf8mb4_unicode_ci NOT NULL,
  `created_at` timestamp NULL DEFAULT NULL,
  `updated_at` timestamp NULL DEFAULT NULL
) ENGINE=InnoDB DEFAULT CHARSET=utf8mb4 COLLATE=utf8mb4_unicode_ci;

--
-- Дамп данных таблицы `tehkvals`
--

INSERT INTO `tehkvals` (`id`, `title`, `belt_color`, `created_at`, `updated_at`) VALUES
(1, 'Нет', 'Нет', NULL, NULL),
(2, '10 гып', 'Белый', NULL, NULL),
(3, '9 гып', 'Бело-желтый', NULL, NULL),
(4, '8 гып', 'Желтый', NULL, NULL),
(5, '7 гып', 'Желто-зеленый', NULL, NULL),
(6, '6 гып', 'Зеленый', NULL, NULL),
(7, '5 гып', 'Зелено-синий', NULL, NULL),
(8, '4 гып', 'Синий', NULL, NULL),
(9, '3 гып', 'Сине-красный', NULL, NULL),
(10, '2 гып', 'Красный', NULL, NULL),
(11, '1 гып', 'Коричневый', NULL, NULL),
(12, '1 пум/дан', 'Черный', NULL, NULL),
(13, '2 пум/дан', 'Черный', NULL, NULL),
(14, '3 дан', 'Черный', NULL, NULL),
(15, '4 дан', 'Черный', NULL, NULL),
(16, '5 дан', 'Черный', NULL, NULL);

-- --------------------------------------------------------

--
-- Структура таблицы `tehkvals_groups`
--
-- Создание: Ноя 23 2022 г., 07:20
--

DROP TABLE IF EXISTS `tehkvals_groups`;
CREATE TABLE `tehkvals_groups` (
  `id` bigint(20) UNSIGNED NOT NULL,
  `title` varchar(255) COLLATE utf8mb4_unicode_ci NOT NULL,
  `startgyp_id` bigint(20) UNSIGNED DEFAULT NULL,
  `finishgyp_id` bigint(20) UNSIGNED DEFAULT NULL,
  `agecategory_id` bigint(20) UNSIGNED DEFAULT NULL,
  `created_at` timestamp NULL DEFAULT NULL,
  `updated_at` timestamp NULL DEFAULT NULL,
  `competition_id` bigint(20) UNSIGNED DEFAULT NULL
) ENGINE=InnoDB DEFAULT CHARSET=utf8mb4 COLLATE=utf8mb4_unicode_ci;

--
-- Дамп данных таблицы `tehkvals_groups`
--

INSERT INTO `tehkvals_groups` (`id`, `title`, `startgyp_id`, `finishgyp_id`, `agecategory_id`, `created_at`, `updated_at`, `competition_id`) VALUES
(1, 'Группа С (до 8 гыпа)', 1, 4, 1, NULL, NULL, NULL),
(2, 'Группа B (от 7 до 4 гыпа)', 5, 8, 1, NULL, NULL, NULL),
(3, 'Группа А (от 3 и выше)', 9, 14, 1, NULL, NULL, NULL),
(4, 'Группа С (до 8 гыпа)', 1, 4, 2, NULL, NULL, NULL),
(5, 'Группа B (от 7 до 4 гыпа)', 5, 8, 2, NULL, NULL, NULL),
(6, 'Группа А (от 3 и выше)', 9, 14, 2, NULL, NULL, NULL),
(7, 'Группа С (до 8 гыпа)', 1, 4, 3, NULL, NULL, NULL),
(8, 'Группа B (от 7 до 4 гыпа)', 5, 8, 3, NULL, NULL, NULL),
(9, 'Группа А (от 3 и выше)', 9, 14, 3, NULL, NULL, NULL),
(10, 'Группа С (до 8 гыпа)', 1, 4, 4, NULL, NULL, NULL),
(11, 'Группа B (от 7 до 4 гыпа)', 5, 8, 4, NULL, NULL, NULL),
(12, 'Группа А (от 3 и выше)', 9, 14, 4, NULL, NULL, NULL),
(13, 'Группа С (до 8 гыпа)', 1, 4, 5, NULL, NULL, NULL),
(14, 'Группа B (от 7 до 4 гыпа)', 5, 8, 5, NULL, NULL, NULL),
(15, 'Группа А (от 3 и выше)', 9, 14, 5, NULL, NULL, NULL),
(16, 'Группа С (до 8 гыпа)', 1, 4, 6, NULL, NULL, NULL),
(17, 'Группа B (от 7 до 4 гыпа)', 5, 8, 6, NULL, NULL, NULL),
(18, 'Группа А (от 3 и выше)', 9, 14, 6, NULL, NULL, NULL),
(19, 'Без групп', 1, 16, 1, '2022-11-24 16:08:08', '2022-11-24 16:08:08', 1),
(20, 'Группа Б (до 7 гыпа)', 1, 5, 2, '2022-11-24 16:08:39', '2022-11-24 16:08:39', 1),
(21, 'Группа А (от 6 до 1 пум/дан гыпа)', 6, 12, 2, '2022-11-24 16:08:56', '2022-11-24 16:08:56', 1),
(22, 'Группа Б (до 7 гыпа)', 1, 5, 3, '2022-11-24 16:09:20', '2022-11-24 16:09:20', 1),
(23, 'Группа А (от 6 до 1 пум/дан гыпа)', 6, 12, 3, '2022-11-24 16:09:32', '2022-11-24 16:09:32', 1),
(24, 'Без групп', 1, 14, 1, NULL, NULL, 2),
(25, 'Без групп', 1, 14, 2, NULL, NULL, 2),
(26, 'Без групп', 1, 14, 3, NULL, NULL, 2),
(27, 'Без групп', 1, 14, 7, '2022-12-03 04:55:15', '2022-12-03 04:55:15', 2),
(28, 'Без групп', 1, 14, 8, '2022-12-03 04:55:29', '2022-12-03 04:55:29', 2),
(29, 'Без групп', 1, 12, 4, '2022-12-12 05:27:03', '2022-12-12 05:27:03', 1),
(30, 'Без групп', 1, 12, 6, '2022-12-12 05:27:15', '2022-12-12 05:27:15', 1),
(35, 'Группа Б (до 8 гыпа)', 1, 4, 1, '2022-12-12 05:32:02', '2022-12-12 05:32:02', 3),
(36, 'Группа А (от 7 до 6 гыпа)', 5, 6, 1, '2022-12-12 05:32:37', '2022-12-12 05:32:37', 3),
(37, 'Группа С (до 8 гыпа)', 1, 4, 2, '2022-12-12 05:33:05', '2022-12-12 05:33:05', 3),
(38, 'Группа Б (от 7 до 6 гыпа)', 5, 6, 2, '2022-12-12 05:33:19', '2022-12-12 05:33:19', 3),
(39, 'Группа А (от 5 до 4 гыпа)', 7, 8, 2, '2022-12-12 05:33:37', '2022-12-12 05:33:37', 3),
(40, 'Группа Е (до 8 гыпа)', 1, 4, 3, '2022-12-12 05:35:27', '2022-12-12 05:35:27', 3),
(41, 'Группа С (от 7 до 6 гыпа)', 5, 6, 3, '2022-12-12 05:35:39', '2022-12-12 05:35:39', 3),
(42, 'Группа Б (от 5 до 4 гыпа)', 7, 8, 3, '2022-12-12 05:35:50', '2022-12-12 05:35:50', 3),
(43, 'Группа А (от 3 до 1 пум/дан гыпа)', 9, 12, 3, '2022-12-12 05:36:07', '2022-12-12 05:36:07', 3),
(44, 'Группа А (до 8 гыпа)', 1, 4, 8, '2022-12-12 05:36:41', '2022-12-12 05:36:41', 3),
(45, 'Без групп', 1, 14, 1, NULL, NULL, 4),
(46, 'Без групп', 1, 14, 8, NULL, NULL, 4);

-- --------------------------------------------------------

--
-- Структура таблицы `users`
--
-- Создание: Ноя 30 2022 г., 14:23
-- Последнее обновление: Янв 07 2023 г., 07:03
--

DROP TABLE IF EXISTS `users`;
CREATE TABLE `users` (
  `id` bigint(20) UNSIGNED NOT NULL,
  `secondname` varchar(255) COLLATE utf8mb4_unicode_ci DEFAULT NULL,
  `firstname` varchar(255) COLLATE utf8mb4_unicode_ci DEFAULT NULL,
  `patronymic` varchar(255) COLLATE utf8mb4_unicode_ci DEFAULT NULL,
  `date_of_birth` date DEFAULT NULL,
  `email` varchar(255) COLLATE utf8mb4_unicode_ci DEFAULT NULL,
  `phone` varchar(255) COLLATE utf8mb4_unicode_ci DEFAULT NULL,
  `email_verified_at` timestamp NULL DEFAULT NULL,
  `password` varchar(255) COLLATE utf8mb4_unicode_ci DEFAULT NULL,
  `remember_token` varchar(100) COLLATE utf8mb4_unicode_ci DEFAULT NULL,
  `created_at` timestamp NULL DEFAULT NULL,
  `updated_at` timestamp NULL DEFAULT NULL
) ENGINE=InnoDB DEFAULT CHARSET=utf8mb4 COLLATE=utf8mb4_unicode_ci;

--
-- Дамп данных таблицы `users`
--

INSERT INTO `users` (`id`, `secondname`, `firstname`, `patronymic`, `date_of_birth`, `email`, `phone`, `email_verified_at`, `password`, `remember_token`, `created_at`, `updated_at`) VALUES
(1, 'Маркелов', 'Дмитрий', 'Николаевич', '1983-08-10', 'markelovdn@gmail.com', '+7 (961) 087 6712', NULL, '$2y$10$1HaH89GNFKs3vKGOiq8lP.5to0r7k42iSrYk8AyJj4jGzlSUUjnGe', 'i4dh3WWrm6riRL66nNOWqJAx9Yg4Q06Yy9nWMilXJ5hoheyltRuHSre7vsEz', '2022-09-29 11:13:56', '2022-12-02 11:03:22'),
(2, 'Москвитин', 'Сергей', 'Сергеевич', '1989-04-27', 'ss.moskvitin@yandex.ru', '+7 (927) 505 5737', NULL, '$2y$10$oifhR0pY/QVigZN7818xMeC2oOLoBhjdhhb5ury5CPbuWtSsxIZXC', NULL, '2022-09-29 12:08:30', '2022-09-29 12:08:30'),
(3, 'Лукова', 'Мария', 'Геннадьевна', '1984-12-16', 'lukowamaria@yandex.ru', '+7 (906) 405 2586', NULL, '$2y$10$bBZKVk.IF8vJ7Jk2Le.UHexg/7keZBSL/MoZ9/fNon7I0uacZE.3e', NULL, '2022-09-29 13:42:51', '2022-09-29 13:42:51'),
(4, 'Ермоленко', 'Марина', 'Александровна', '1987-02-18', 'ermolenkomarinaa@yandex.ru', '+7 (988) 020 1528', NULL, '$2y$10$xXx0tnteq8CQeJiKVbvspO7sIuJBBgl0ZR6fq4aqKRc76ahlf4ot.', NULL, '2022-09-29 16:53:08', '2022-09-29 16:53:08'),
(5, 'Ермоленко', 'Александр', 'Антонович', '2014-10-09', NULL, NULL, NULL, NULL, NULL, '2022-09-30 07:30:53', '2022-09-30 07:30:53'),
(6, 'Мерекин', 'Матвей', 'Александрович', '2011-02-02', 'mereka11@yandex.ru', '+7 (989) 394 3809', NULL, '$2y$10$zHmIJooLK2RIXsbIdXJDEeghGxXwSQqwG2Id8tPLeoJNCVXBE5pAi', NULL, '2022-09-30 08:39:57', '2022-09-30 08:39:57'),
(7, 'Маргарян', 'Нара', 'Норайровна', '1981-09-06', 'naira609@rambler.ru', '+7 (988) 017 6251', NULL, '$2y$10$TAf9iMcEAKmEsJxSdQuICuXxQocW7Bd8OfCsV5BiS1zPHutxAZ3K.', NULL, '2022-09-30 16:33:22', '2022-09-30 16:33:22'),
(8, 'Маргарян', 'Артём', 'Арменович', '2014-07-12', NULL, NULL, NULL, NULL, NULL, '2022-10-01 05:41:57', '2022-10-01 05:41:57'),
(10, 'Тамбулатова', 'Наталья', 'Евгеньевна', '1992-04-29', 'tambulatova1992@mail.ru', '+7 (905) 390 1108', NULL, '$2y$10$tpTdcC8YyEp8N1HgxnlT2eE6nWxLIld9tzzcNnFopc6KkCK5bswdy', NULL, '2022-10-04 04:58:33', '2022-10-04 04:58:33'),
(11, 'Удодов', 'Дмитрий', 'Андреевич', '2014-08-20', NULL, NULL, NULL, NULL, NULL, '2022-10-04 05:01:41', '2022-10-04 05:01:41'),
(12, 'Скворцова', 'Елена', 'Валерьевна', '1977-05-17', 'terehov.roman2011@yandex.ru', '+7 (905) 397 0651', NULL, '$2y$10$ii4AsNeKR7bYJMFTn1th1OfQ7azB1YmixmWwqEQuoBhwILI33VuAm', NULL, '2022-10-04 05:04:52', '2022-10-04 05:04:52'),
(13, 'Терехов', 'Дмитрий', 'Романович', '2014-09-23', NULL, NULL, NULL, NULL, NULL, '2022-10-04 05:08:16', '2022-10-04 05:08:16'),
(14, 'Ткаченко', 'Алексей', 'Валерьевич', '1983-09-19', 'alexx.tkachenko@yandex.ru', '+7 (905) 396 8470', NULL, '$2y$10$fF0hJShl0EXstg3RJhjXsOKpczbl6Ivk3P7wNIXQpvF.IgVA/qpFG', NULL, '2022-10-04 15:28:08', '2022-10-04 15:28:08'),
(15, 'Ткаченко', 'Андрей', 'Алексеевич', '2014-08-08', NULL, NULL, NULL, NULL, NULL, '2022-10-04 15:36:46', '2022-10-04 15:36:46'),
(16, 'Ткаченко', 'Андрей', 'Алексеевич', '2014-08-08', NULL, NULL, NULL, NULL, NULL, '2022-10-04 15:53:32', '2022-10-04 15:53:32'),
(17, 'Шираева', 'Лейла', 'Камилевна', '1987-06-09', 'leilachka05@gmail.com', '+7 (917) 643 0341', NULL, '$2y$10$hlrgiwNPtwiPZd0/EcYSHOnand90bcj9vYMl85YLIP2ehzbcXHfVq', NULL, '2022-10-06 07:13:37', '2022-10-06 07:13:37'),
(18, 'Магомедова', 'Бийке', 'Алиевна', '2013-12-20', NULL, NULL, NULL, NULL, NULL, '2022-10-06 07:25:23', '2022-10-06 07:25:23'),
(19, 'Магомедов', 'Абдурахман', 'Алиевич', '2015-03-30', NULL, NULL, NULL, NULL, NULL, '2022-10-06 07:40:23', '2022-10-06 07:40:23'),
(20, 'Дронкина', 'Ирина', 'Викторовна', '1973-12-02', 'irinadronkina@yandex.ru', '+7 (906) 410 1852', NULL, '$2y$10$uZRcy0vH.1r.X11Ipbtk9.iO5ho55fmTM4GtJYl7K5fW1RHfUGlmy', 'ZnegWhal26ji29tkunEscPpVUJyg006psbzDOpOSbJ3054cZUEb9jwCKfzHt', '2022-10-09 05:12:21', '2022-10-09 05:22:45'),
(21, 'Соломеин', 'Егор', 'Сергеевич', '2014-09-15', NULL, NULL, NULL, NULL, NULL, '2022-10-09 05:29:02', '2022-10-09 05:29:02'),
(22, 'Женилова', 'Анастасия', 'Александровна', '1990-11-09', 'a.zhenilova@gmail.com', '+7 (961) 660 5955', NULL, '$2y$10$4VirXkMw0CTWPIGUjSxENuFG/DQ3vFlugjJfmZ1/EhYnkkQPMXuzu', 'geWR3njDs058z17O8jEbYARlENle3R5F6Pv5ClJJyJgZ7ld6qA6xnGIvbVoy', '2022-10-09 15:14:24', '2022-11-30 03:59:20'),
(23, 'Поляков', 'Сергей', 'Александрович', '2014-01-03', NULL, NULL, NULL, NULL, NULL, '2022-10-10 11:05:47', '2022-10-10 11:05:47'),
(24, 'Сибилев', 'Евгений', 'Владимирович', '1980-10-07', 'ezik80@yandex.ru', '+7 (961) 699 2670', NULL, '$2y$10$UpyoqhMonHe23kMRRqqmH.uOgzgcUKnrPT/Zek5W8h51btkCJLcqK', NULL, '2022-10-10 14:19:26', '2022-10-10 14:19:26'),
(25, 'Морина', 'Мирослава', 'Евгеньевна', '2015-01-22', NULL, NULL, NULL, NULL, NULL, '2022-10-10 14:36:05', '2022-10-10 14:36:05'),
(26, 'Евтушенко', 'Наталья', 'Константиновна', '2022-08-17', 'midsummer198@mail.ru', '+7 (904) 756 7184', NULL, '$2y$10$9i8tocipFhzqbkqS82ZZKeqOenuZPiL9EPt/hmIr6lYmKjTIse2LG', NULL, '2022-10-11 04:16:38', '2022-10-11 04:16:38'),
(27, 'Локтионова', 'Ольга', 'Николаевна', '1987-03-22', 'olyonka.87@mail.ru', '+7 (960) 889 2748', NULL, '$2y$10$7lSHUfeolityGs8z1sgX9eyvxkWgTni2cDvnGon4vr39yx3YgzhCe', NULL, '2022-10-12 06:34:02', '2022-10-12 06:34:02'),
(28, 'Локтионов', 'Дмитрий', 'Алексеевич', '2011-07-23', NULL, NULL, NULL, NULL, NULL, '2022-10-12 06:46:53', '2022-10-12 06:46:53'),
(29, 'Евтушенко', 'Александр', 'Алексеевич', '2014-02-21', NULL, NULL, NULL, NULL, NULL, '2022-10-15 02:46:06', '2022-10-15 02:46:06'),
(30, 'Коренева', 'Наталия', 'Ивановна', '1996-09-17', 'koreneva.natalija@yandex.ru', '+7 (917) 724 0935', NULL, '$2y$10$Z.IJKjSRv/u3oEqPqNWaaOWYRyURCdgAO7NwiNFxk2xrYZRpEstj6', NULL, '2022-11-23 06:54:08', '2022-11-23 06:54:08'),
(31, 'Гудзев', 'Константин', 'Константинович', '1998-10-22', 'kostya.gudzev.98@mail.ru', '+7 (961) 077 5771', NULL, '$2y$10$xodS1eckDA/ZruslILt.J.IZPD4a3QAz4dMJ2E0Pems7TbNzDgvGi', NULL, '2022-11-29 09:16:38', '2022-11-29 09:16:38'),
(32, 'Маркелов', 'Николай', 'Николаевич', '1985-06-14', 'markelov.nn@yandex.ru', '+7 (937) 716 8555', NULL, '$2y$10$.JGWqRSXFgO8JWlTm5qVFuV.gePN36GR9hPHV6BtoMRmZx4vkTi8S', NULL, '2022-11-29 09:17:36', '2022-11-29 09:17:36'),
(33, 'Стрельцова', 'Анастасия', 'Алексеевна', '1998-01-11', 'anastasiya.strelcova@mail.ru', '+7 (905) 397 1764', NULL, '$2y$10$ugn0L4Mbk9fzlTn/Xc7EX.vCU2vHr3go5FNp9qHzq5IcDFKJ1axVu', NULL, '2022-11-29 09:22:06', '2022-11-29 09:22:06'),
(34, 'Глаголева', 'Ольга', 'Михайловна', '1991-06-21', 'glagolaaa@icloud.com', '+7 (927) 517 2531', NULL, '$2y$10$UXiBT3W1zK1JiyjGyBkshuw/x.JMWcDtug69o6anX3zLo8Klm7j06', NULL, '2022-11-29 09:54:38', '2022-11-29 09:54:38'),
(35, 'Капанадзе', 'Александр', 'Валериевич', '1987-03-16', 'kapanadze87@mail.ru', '+7 (995) 421 4302', NULL, '$2y$10$CyEgbxtlwLagnX6pcctDRughpE8LrlVk7GEwvdwcK2QEtkt/MT3Mu', NULL, '2022-11-29 10:11:09', '2022-11-29 10:11:09'),
(36, 'Сивов', 'Игорь', 'Сергеевич', '1992-09-24', 'igor-sivov@mail.ru', '+7 (927) 505 0626', NULL, '$2y$10$603BBC31kLJm/VIyJl8.meIcxhjvb/T/QQMxfRH88MYkwxEnrxH7.', NULL, '2022-11-29 10:28:57', '2022-11-29 10:28:57'),
(37, 'Курлова', 'Валентина', 'Алексеевна', '1993-12-20', 'valyshka-sitkina77777@mail.com', '+7 (937) 086 9893', NULL, '$2y$10$2K3mCwcUL7vt04jzjjCDdeJ9ieu3bzi0mL.O6fJ.uBGAOJZV9o3Se', NULL, '2022-11-29 10:44:16', '2022-11-29 10:44:16'),
(38, 'Вояновская', 'Вера', 'Леонидовна', '1990-10-08', 'superfaith@rambler.ru', '+7 (902) 094 4573', NULL, '$2y$10$T4FNL1EUL7RmhAHGV5SdmewVJ9em5sshWnijHvgpmirQwBb0XNdkW', NULL, '2022-11-29 10:45:45', '2022-11-29 10:45:45'),
(39, 'Новохатская', 'Александра', 'Владимировна', '1985-07-02', 'zemcovaa2013@yandex.ru', '+7 (962) 761 4014', NULL, '$2y$10$7kFSGh7YaOmiqLBk4.4mt.b8msBrg4/lepoqWYcBHNQObkkPnQ76W', 'Aawrsin64EnLQAe0yRvK8cCf8RpDzChRH2vmbefUzvMYjnVC4zJu2Wqclzfi', '2022-11-29 10:57:20', '2022-12-04 16:41:26'),
(40, 'Вояновский', 'Денис', 'Николаевич', '1982-09-17', 'denis764@rambler.ru', '+7 (917) 840 2404', NULL, '$2y$10$dJehy/Xn7XPB7pF/s1RrK.y93mPZmmBYZKCtm5kQD/KWRb4vn2fRm', NULL, '2022-11-29 11:01:58', '2022-11-29 11:01:58'),
(41, 'Айрапетян', 'Анаит', 'Жирайровна', '1972-07-25', 'hayanahit@mail.ru', '+7 (917) 720 0503', NULL, '$2y$10$s3vIG9lG0jp/b68VBJS40eAqEzVNPnoPIiTax1POx2esMNvNrRO9i', NULL, '2022-11-29 11:17:26', '2022-11-29 11:17:26'),
(42, 'Мнацаканян', 'Эрик', 'Хачикович', '2012-09-02', NULL, NULL, NULL, NULL, NULL, '2022-11-29 11:22:20', '2022-11-29 11:22:20'),
(43, 'Вовченко', 'Алексей', 'Владимирович', '1987-07-10', 'vovchenkoav@mail.ru', '+7 (906) 174 4920', NULL, '$2y$10$NedGBAXOP1Z8LClCBobXjen85p6NkqGHGJ7nH7ZSf.GBBliI7rmTW', NULL, '2022-11-29 12:14:08', '2022-11-29 12:14:08'),
(44, 'Ситникова', 'Анна', 'Михайловна', '1988-09-24', 'matveeva8845@gmail.com', '+7 (937) 700 0374', NULL, '$2y$10$pFRl4TLBZNHhCRjAYBLGC.KeUcV89R6q2A8n.GniBk4waOF9OSFNe', NULL, '2022-11-29 12:21:40', '2022-11-29 12:21:40'),
(45, 'Бовсуновский', 'Алексей', 'Анатольевич', '1994-08-26', 'leha2694@yandex.ru', '+7 (927) 532 2999', NULL, '$2y$10$Bzof9Xh/ZIEFa7CzMzEv2.E6EnEV5hb0Ib2cz1zjn.auVGwhJyMF2', NULL, '2022-11-29 12:31:01', '2022-11-29 12:31:01'),
(46, 'Измалкова', 'Елена', 'Сергеевна', '1989-11-20', 'izmalkova1989@bk.ru', '+7 (927) 258 9461', NULL, '$2y$10$93hdNfJ42qdG3uKifsSRXu.l3ly1tgdG2rDVPKojlDE8ofP8QFTHC', NULL, '2022-11-29 12:43:43', '2022-11-29 12:43:43'),
(47, 'Вовченко', 'Егор', 'Алексеевич', '2016-01-23', NULL, NULL, NULL, NULL, NULL, '2022-11-29 12:46:48', '2022-11-29 12:46:48'),
(48, 'Вояновская', 'Полина', 'Денисовна', '2014-04-18', NULL, NULL, NULL, NULL, NULL, '2022-11-29 12:54:55', '2022-11-29 12:54:55'),
(49, 'Салиева', 'Виктория', 'Юрьевна', '2022-10-01', 'mamadvoikhdetey@mail.ru', '+7 (937) 697 4399', NULL, '$2y$10$10Bd7s4LlpQZ3DsCXkyfR.luSnjF.aIRfLMAMZ3SJ1As/t0BhL9a2', NULL, '2022-11-29 13:03:31', '2022-11-29 13:03:31'),
(50, 'Салиева', 'Аделина', 'Рифатовна', '2017-03-07', NULL, NULL, NULL, NULL, NULL, '2022-11-29 13:10:43', '2022-11-29 13:10:43'),
(51, 'Салиев', 'Марк', 'Рифатович', '2017-11-01', NULL, NULL, NULL, NULL, NULL, '2022-11-29 13:26:03', '2022-11-29 13:26:03'),
(52, 'Панфилович', 'Алексей', 'Викторович', '1981-04-12', 'lesha.panfilovich@mail.ru', '+7 (988) 018 5422', NULL, '$2y$10$SsPkOQn6ttKDAEk2P6.Zju5FTIySzsnAbPdNaYakU7lbd3XBwQMD.', NULL, '2022-11-29 13:36:04', '2022-11-29 13:36:04'),
(53, 'Щербаков', 'Станислава', 'Станиславовна', '2014-05-04', NULL, NULL, NULL, NULL, NULL, '2022-11-29 13:36:38', '2022-11-29 13:36:38'),
(54, 'Панфилович', 'Матвей', 'Алексеевич', '2012-02-10', NULL, NULL, NULL, NULL, NULL, '2022-11-29 13:37:34', '2022-11-29 13:37:34'),
(55, 'Агаев', 'Руслан', 'Октаевич', '1976-12-05', 'ruslanbakinskii@mail.ru', '+7 (905) 397 1373', NULL, '$2y$10$glx3EqnrpS.kXGqThInGgeKKHs1vIB6f7Gp4utrI5JRM21hF2zefS', NULL, '2022-11-29 13:44:12', '2022-11-29 13:44:12'),
(56, 'Чен', 'Виолетта', 'Васильевна', '1988-06-22', 'angel7chen@mail.ru', '+7 (919) 796 6362', NULL, '$2y$10$JII3UZ8frVxH1ii4h8mQuebXYqLKbgXwcb3mwk6iPTp6OgP8eDt3e', NULL, '2022-11-29 14:18:54', '2022-11-29 14:18:54'),
(57, 'Ким', 'Юлия', 'Сергеевна', '2013-03-04', NULL, NULL, NULL, NULL, NULL, '2022-11-29 14:23:02', '2022-11-29 14:23:02'),
(58, 'Богомаз', 'Людмила', 'Адамовна', '1983-06-02', 'bogomaz.la@gmail.com', '+7 (929) 781 8080', NULL, '$2y$10$6Qr4K.WEa0.6IOyG3G0ZE.nrEgsne8qmNbUsAiPzgRbjDZwfrDKZ2', '0ZqMjLFrGzjT2aVCvLfu4HvZwHmT5NzDXoO0UoJcKEIdKup3tkC1o8cyAOiF', '2022-11-29 14:26:53', '2022-12-13 09:39:15'),
(60, 'Богданова', 'Наталья', 'Сергеевна', '1988-12-29', 'ludmiladmit@yandex.ru', '+7 (987) 647 1970', NULL, '$2y$10$16.FEeTWzIFbJUJm/JYTBe0V9BVh5l9.gLdLC127Q5xFWoqSTSMp.', NULL, '2022-11-29 14:58:18', '2022-11-29 14:58:18'),
(61, 'Чумаков', 'Вячеслав', 'Александрович', '1981-05-23', 'verik0@mail.ru', '+7 (929) 781 6544', NULL, '$2y$10$rVeiZ1qS1PKxtjk.8DQSJ.SyMeFFdyGjebaWyEKAMZ0FsrjdDErNW', NULL, '2022-11-29 16:33:42', '2022-12-12 10:48:23'),
(62, 'Урсов', 'Михаил', 'Арменович', '2013-01-24', 'feniks-09@bk.ru', '+7 (917) 724 8198', NULL, '$2y$10$6.NpKR1u8NPufuWK2Y8DNe/S7yv20/FdG.SeUJh14BrOagCRPTeDS', NULL, '2022-11-30 04:00:16', '2022-11-30 04:00:16'),
(63, 'Крайникова', 'Ирина', 'Владимировна', '1985-10-16', 'Irinaadasikowa@mail.ru', '+7 (937) 743 2923', NULL, '$2y$10$BpovmAgsg1qPhYCEK55Amu0XhHKBL/Cw/0n6fAWelP9DrRqq0.qIu', NULL, '2022-11-30 04:08:06', '2022-11-30 04:08:06'),
(64, 'Гарифянов', 'Вадим', 'Баянович', '1980-09-15', 'vgarifyanov@yandex.ru', '+7 (904) 415 1122', NULL, '$2y$10$sH8yj1/i5tQ9JcoVEwEk3e3oxXTQkVyqY8afDJdg7KG4YYmI/mbna', NULL, '2022-11-30 04:21:55', '2022-11-30 04:21:55'),
(65, 'Шаповалова', 'Анастасия', 'Петровна', '1990-07-03', 'kucka33333@mail.ru', '+7 (961) 059 9591', NULL, '$2y$10$3n3bUTwHrh.9VPTD7V7PNuqQkUSxoaxyb./z/NU3fM091d03Ny8rK', NULL, '2022-11-30 04:33:53', '2022-11-30 04:33:53'),
(66, 'Урсова', 'Наталья', 'Александровна', '1984-12-14', 'skvorcovana@mail.ru', '+7 (995) 419 7614', NULL, '$2y$10$cLgtzcIrV2WRqdogsF.zJO5JzqRhN0vpLQjx2RNQWAMxNLsKqyaxy', NULL, '2022-11-30 04:49:24', '2022-11-30 04:49:24'),
(67, 'Романов', 'Александр', 'Вячеславович', '1985-07-10', 'romanov34rus@gmail.com', '+7 (988) 988 5363', NULL, '$2y$10$9DK8xKUkpYH2vwjhqNlT3ebhiZic.jVlzTJFs3IanJIfASVjiU95G', '347eDmdRdZynQzldUSvIlqM8gffe7OOhbsjOSe3DdhQBCbMQc9p4Ml2y2AQr', '2022-11-30 05:07:09', '2022-11-30 05:24:15'),
(68, 'Романов', 'Артëм', 'Александрович', '2014-07-31', NULL, NULL, NULL, NULL, NULL, '2022-11-30 05:11:27', '2022-11-30 05:11:27'),
(69, 'Коваленко', 'Валентина', 'Анатольевна', '1989-10-13', 'v.covalenko13@mail.ru', '+7 (961) 075 2465', NULL, '$2y$10$sdlWIgqOaQzcVMIC.JLW0uiWHnEcCwOP/Hbatk7TvuKPTyrtTC4hu', NULL, '2022-11-30 05:48:08', '2022-11-30 05:48:08'),
(70, 'Ноздрин', 'Алексей', 'Сергеевич', '1975-09-27', 'lexa.naz@mail.ru', '+7 (960) 869 1535', NULL, '$2y$10$3CwwUd.BitjNXgReb.NGO./2EfVyB.f41vyaNqV8aFEKGyVmlLV1q', NULL, '2022-11-30 05:56:05', '2022-11-30 05:56:05'),
(71, 'Дыльнов', 'Евгений', 'Романович', '2015-10-02', 'Archakova.katena@mail.ru', '+7 (937) 691 9727', NULL, '$2y$10$PGqNzS8W29a/n6QSgWfgQejSpldfquk9ggfQjX/qowyA14WnzT2EC', NULL, '2022-11-30 05:56:41', '2022-11-30 05:56:41'),
(72, 'Ноздрина', 'Вера', 'Алексеевич', '2013-07-26', NULL, NULL, NULL, NULL, NULL, '2022-11-30 06:05:52', '2022-11-30 06:05:52'),
(73, 'Муртазалиева', 'Калимат', 'Багандгаджиевна', '1982-09-26', 'murtazalievakalimat04@gmail.com', '+7 (928) 298 9997', NULL, '$2y$10$HN.EJ5p6vZVJ8wVH12hgvODwHNDKBwxCkqM2A/WTEH4P4E.5XiYHG', NULL, '2022-11-30 06:07:41', '2022-11-30 06:07:41'),
(74, 'Муртазалиев', 'Магомед', 'Рамазанович', '2011-11-25', NULL, NULL, NULL, NULL, NULL, '2022-11-30 06:17:14', '2022-11-30 06:17:14'),
(75, 'Муртазалиев', 'Магомед', 'Рамазанович', '2011-11-25', NULL, NULL, NULL, NULL, NULL, '2022-11-30 06:46:05', '2022-11-30 06:46:05'),
(76, 'Коваленко', 'Кирилл', 'Александрович', '2011-09-27', NULL, NULL, NULL, NULL, NULL, '2022-11-30 06:50:57', '2022-11-30 06:50:57'),
(77, 'Калинина', 'Ольга', 'Владимировна', '1984-10-18', 'lina18-88@mail.ru', '+7 (995) 418 3925', NULL, '$2y$10$jAY0Gjyx4fiC1DLT.7mD0uvZSOKezNrQ4Oqxs10s8pn2poP.CywKG', NULL, '2022-11-30 07:25:28', '2022-11-30 07:25:28'),
(78, 'Калинин', 'Алексей', 'Валерьевич', '2012-05-05', NULL, NULL, NULL, NULL, NULL, '2022-11-30 07:31:28', '2022-11-30 07:31:28'),
(79, 'Калинин', 'Павел', 'Валерьевич', '2014-11-11', NULL, NULL, NULL, NULL, NULL, '2022-11-30 07:55:32', '2022-11-30 07:55:32'),
(80, 'Каль', 'Анна', 'Александровна', '1986-02-14', 'annaanufrieva979@gmail.com', '+7 (906) 170 4682', NULL, '$2y$10$GIHjNjem46bpar0rzT8Ime6gU1ExqO/uBZ6iky1H.OcQzjn/mfwta', NULL, '2022-11-30 08:09:57', '2022-11-30 08:09:57'),
(81, 'Чекунова', 'Варвара', 'Александровна', '2013-12-21', NULL, NULL, NULL, NULL, NULL, '2022-11-30 08:12:48', '2022-11-30 08:12:48'),
(82, 'Бологачева', 'Екатерина', 'Сергеевна', '1986-07-31', 'katiabol777@mail.ru', '+7 (937) 701 1271', NULL, '$2y$10$9gATr3O/raNMNUq6P43uFuYtGiR6qiGtcyB888A0F94heLBO8tFdi', NULL, '2022-11-30 08:59:40', '2022-11-30 08:59:40'),
(83, 'Мнацаканян', 'Эрик', 'Хачикович', '2012-09-02', NULL, NULL, NULL, NULL, NULL, '2022-11-30 09:05:18', '2022-11-30 09:05:18'),
(84, 'Ромашов', 'Анатолий', 'Андреевич', '1987-08-08', 'anna-romashova@mail.ru', '+7 (927) 254 6766', NULL, '$2y$10$d5j9WzX9X6mFxrAFR30Y9Ooo/hinbMEN.EvUHTSQ/HkO9xR.3K/z.', NULL, '2022-11-30 09:12:24', '2022-11-30 09:12:24'),
(85, 'Месропян', 'Сирануш', 'Сержиковна', '1982-01-17', 'siranush-mesropyan-82@mail.ru', '+7 (927) 523 7159', NULL, '$2y$10$8.Pr7jLjUQs0ANg/wSaQ4uT1C2.QeesewhKbeLrBmVMJkaZnsJQ/i', NULL, '2022-11-30 09:13:13', '2022-11-30 09:13:13'),
(86, 'Бологачев', 'Дмитрий', 'Дмитриевич', '2014-01-21', NULL, NULL, NULL, NULL, NULL, '2022-11-30 09:13:16', '2022-11-30 09:13:16'),
(87, 'Арутюнян', 'Тигран', 'Арманович', '2013-06-10', NULL, NULL, NULL, NULL, NULL, '2022-11-30 09:43:34', '2022-11-30 09:43:34'),
(88, 'Полий', 'Ирина', 'Михайловна', '1976-12-04', 'Buksita@mail.ru', '+7 (917) 835 5562', NULL, '$2y$10$A0BPCwJadZvXVrHx1iJUveyIvaGUS34hjdOTJVvKjYB1UQbQgdgme', NULL, '2022-11-30 10:35:02', '2022-11-30 10:35:02'),
(89, 'Полий', 'Варвара', 'Сергеевна', '2013-06-01', NULL, NULL, NULL, NULL, NULL, '2022-11-30 10:40:17', '2022-11-30 10:40:17'),
(90, 'Горелова', 'Виктория', 'Алексеевна', '1985-08-03', 'viktorij583@yandex.ru', '+7 (960) 880 4285', NULL, '$2y$10$JdWxo9LTN1wI48yfjOPxBOGEU8E5dZG9diJUTrqi4ZiHPnKETDLuO', 'qrps9FE7zCACTYctB90Id3LX0kVIqdmEtdkuM8G3oYAKVuXE0BdjIEWzmeyl', '2022-11-30 12:29:43', '2022-12-05 09:05:15'),
(91, 'Черкашина', 'Елена', 'Львовна', '1987-03-21', 'lenok_5151@mail.ru', '+7 (905) 483 3790', NULL, '$2y$10$rg13YdHaBbPPnyB.0GIpgOCb4Q3rffSYb3pHIJWj2nwF0HbWL24fO', NULL, '2022-11-30 12:34:11', '2022-12-01 13:23:55'),
(92, 'Бондаренко', 'Тимур', 'Александрович', '2013-04-02', NULL, NULL, NULL, NULL, NULL, '2022-11-30 12:35:07', '2022-11-30 12:35:07'),
(93, 'Старшова', 'Марина', 'Александровна', '1977-01-24', 'wwwzmeika.ru@mail.ru', '+7 (904) 776 9152', NULL, '$2y$10$iMMAXlcLmeZf.X3DJ.98vuzP1fz9ho3kB8opqTq2Dzb7wZ7Oy80Ri', NULL, '2022-11-30 13:00:56', '2022-11-30 13:00:56'),
(94, 'Старшов', 'Давыд', 'Алексеевич', '2014-06-13', NULL, NULL, NULL, NULL, NULL, '2022-11-30 13:03:08', '2022-11-30 13:03:08'),
(95, 'Павлова', 'Татьяна', 'Евгеньевна', '1974-09-26', 'pavllovatatiana@mail.ru', '+7 (905) 395 0466', NULL, '$2y$10$ZzZugWcUCCPM50ttC2Phx.gyyYMQikG1cPB2R015XNJ92roLqH5C2', 'F1AOVYy4pL1WwKgcZ0ctYXlG8d9se2w9H5dBV551axzUZw3cBmlS6rMe2mpd', '2022-11-30 13:27:04', '2022-12-01 13:31:49'),
(96, 'Васильева', 'Вера', 'Владимировна', '1982-11-01', 'veravv1982@yandex.ru', '+7 (904) 778 4968', NULL, '$2y$10$GSgucEiDgMNlj1KZO6ta7.RgEOpptp8rpJe687nWqtQXySW1at7O.', NULL, '2022-11-30 17:44:15', '2022-11-30 17:44:15'),
(97, 'Гузев', 'Савелий', 'Дмитриевич', '2012-06-06', NULL, NULL, NULL, NULL, NULL, '2022-11-30 17:49:51', '2022-11-30 17:49:51'),
(99, 'Лебедев', 'Алексей', 'Николаевич', '1978-01-26', 'aleksejlebedev898@gmail.com', '+7 (995) 134 1402', NULL, '$2y$10$NEMvG4RcAKbkhnYUOowEk.s5xt1.XTssMBisr6z2xSQB6/yLWmTgW', 'YHuG8X1cSjuZUrwDOCWR7ZgUrysIPkVJqt5T1rsIJVCsgU8wWuOcgxCsykAR', '2022-12-01 02:24:50', '2022-12-05 04:18:10'),
(100, 'Зайцева', 'Ольга', 'Витальевна', '1989-09-07', 'ecstasystalk@gmail.com', '+7 (927) 524 0523', NULL, '$2y$10$.mkjdyzF/yUDH2M.R26qTO.DD4yRbqAiGdn2DcwxFIR.TiLL5Gy8e', NULL, '2022-12-01 03:44:26', '2022-12-01 03:44:26'),
(101, 'Зайцев', 'Михаил', 'Вадимович', '2016-04-04', NULL, NULL, NULL, NULL, NULL, '2022-12-01 03:50:37', '2022-12-01 03:50:37'),
(102, 'Зайцев', 'Александр', 'Вадимович', '2014-03-26', NULL, NULL, NULL, NULL, NULL, '2022-12-01 03:55:05', '2022-12-01 03:55:05'),
(104, 'Ершова', 'Рена', 'Имрановна', '1987-10-21', 'Farzalieva-r@yandex.ru', '+7 (917) 840 5044', NULL, '$2y$10$.6Qe6WPXtuxCY0tHuc5asOu92Br/dJ5/.GyA9AXlObBkJyg0LzlBi', NULL, '2022-12-01 05:00:35', '2022-12-01 05:00:35'),
(105, 'Ершова', 'Алина', 'Романовна', '2012-07-05', NULL, NULL, NULL, NULL, NULL, '2022-12-01 05:12:03', '2022-12-01 05:12:03'),
(106, 'Ершов', 'Артем', 'Романович', '2015-03-19', NULL, NULL, NULL, NULL, NULL, '2022-12-01 05:16:55', '2022-12-01 05:16:55'),
(107, 'Лебедев', 'Кирилл', 'Алеесеевич', '2016-12-22', NULL, NULL, NULL, NULL, NULL, '2022-12-01 11:15:28', '2022-12-01 11:15:28'),
(108, 'Хвастунова', 'Наталья', 'Сергеевна', '1983-12-24', 'hvastunova33@mail.ru', '+7 (937) 091 2523', NULL, '$2y$10$tl29WEcdiLDiy./k8/FUzONx25AbQrfAkR/SwIeuJ2.6WHiVcLcne', NULL, '2022-12-01 11:18:53', '2022-12-01 11:18:53'),
(109, 'Хвастунова', 'Дарья', 'Сергеевна', '2015-02-23', NULL, NULL, NULL, NULL, NULL, '2022-12-01 11:24:27', '2022-12-01 11:24:27'),
(110, 'Черкашин', 'Матвей', 'Максимович', '2012-06-18', NULL, NULL, NULL, NULL, NULL, '2022-12-01 13:31:30', '2022-12-01 13:31:30'),
(111, 'Корольчук', 'Марина', 'Петровна', '2012-06-05', NULL, NULL, NULL, NULL, NULL, '2022-12-01 13:36:59', '2022-12-01 13:36:59'),
(112, 'Неткач', 'Анна', 'Владимировна', '1989-10-08', 'Anna.netkach@yandex.ru', '+7 (988) 397 0369', NULL, '$2y$10$tqYswe26A81PCrfDdLLbZuhIGBRyJPO2Vfyr2V/nt2vWqSOOuTEPK', NULL, '2022-12-01 15:30:28', '2022-12-01 15:30:28'),
(113, 'Неткач', 'Артём', 'Иванович', '2015-01-17', NULL, NULL, NULL, NULL, NULL, '2022-12-01 15:34:59', '2022-12-01 15:34:59'),
(114, 'Неткач', 'Артём', 'Иванович', '2015-01-17', NULL, NULL, NULL, NULL, NULL, '2022-12-01 15:44:58', '2022-12-01 15:44:58'),
(115, 'Бережная', 'Ирина', 'Сергеевна', '1992-05-16', 'irinka92.09@bk.ru', '+7 (927) 530 7455', NULL, '$2y$10$K2ZoxD.Y.2RQhGaRxDXnB.EMKSyZuf4M88ldHDnqzWYB7fAtxubDe', NULL, '2022-12-02 05:50:05', '2022-12-02 05:50:05'),
(116, 'Дыльнов', 'Евгений', 'Романович', '2015-10-02', NULL, NULL, NULL, NULL, NULL, '2022-12-02 06:06:17', '2022-12-02 06:06:17'),
(117, 'Аббасов', 'Махаммад', 'Физулиевич', '2012-08-17', NULL, NULL, NULL, NULL, NULL, '2022-12-02 06:14:05', '2022-12-02 06:14:05'),
(118, 'Дядькин', 'Дмитрий', 'Сергеевич', '1985-06-30', '89044096273@mail.ru', '+7 (961) 674 1219', NULL, '$2y$10$PKZvpu4yKh7Qs5DTXgh.h.77DFMadnzu9Ea4r6QW9bSCeYU1Xc6qi', NULL, '2022-12-02 07:37:34', '2022-12-02 07:37:34'),
(119, 'Дядькин', 'Артем', 'Дмитриевич', '2012-05-15', NULL, NULL, NULL, NULL, NULL, '2022-12-02 07:43:39', '2022-12-02 07:43:39'),
(120, 'Меркурьева', 'Елена', 'Сергеевна', '1985-09-23', 'emerkureva13@yandex.ru', '+7 (937) 533 8641', NULL, '$2y$10$WVY7NIGrp/J6.WpntZc1aebqNEx5oevhiEcFK8Nsd58urHeJ3srjq', NULL, '2022-12-02 07:49:08', '2022-12-02 07:49:08'),
(121, 'Меркурьев', 'Кирилл', 'Алексеевич', '2014-03-22', NULL, NULL, NULL, NULL, NULL, '2022-12-02 07:54:37', '2022-12-02 07:54:37'),
(122, 'Плотников', 'Артём', 'Олегович', '1993-02-09', 'plotnikovartemvlz@mail.ru', '+7 (917) 725 4060', NULL, '$2y$10$nvutiGhfpf8BhPVPotbQTuYX2FJ2f1gxj0tMAEwBlfkEYyDKhi9I2', NULL, '2022-12-02 08:21:00', '2022-12-02 08:21:00'),
(123, 'Ткаченко', 'Юлия', 'Валерьевна', '1986-10-01', 't.u.v.00@mail.ru', '+8 (903) 478 3671', NULL, '$2y$10$EKqmMFVMD1k5tcq904ccxuIFdveZ8BCPaRbO52nwWPVdX29S./SMe', NULL, '2022-12-02 08:51:42', '2022-12-02 08:51:42'),
(124, 'Моисеева', 'Евгения', 'Владимировна', '1980-03-23', 'fomicheva.8080@mail.ru', '+7 (917) 728 7570', NULL, '$2y$10$SEqIFeEvnu.u8xA1XNjbhuhtY0VCZabGymnzNGqBe4sidgHC05pSG', 'SRkQt1VxYfMn29q1Z7oKLKCutEgk8fmv0Rc5LzUpLA3gi7LxgdlEpMqlgKll', '2022-12-02 08:54:43', '2022-12-04 09:14:44'),
(125, 'Неретина', 'Нина', 'Александроана', '1984-11-19', 'vlad2011neretin@mail.ru', '+7 (927) 504 3759', NULL, '$2y$10$W4oEBOMMf5oqic9Lg6omieybMY31phFKnbe67mxLHptbVWhY.YM7W', NULL, '2022-12-02 08:58:16', '2022-12-02 08:58:16'),
(126, 'Сатдинова', 'Анастасия', 'Леонидовна', '1989-11-24', 'nastya241134@yandex.ru', '+7 (962) 761 6522', NULL, '$2y$10$fdMw/dYMDuCTNQfo02EeyezL4.zuoWaneORl13IussbBgk82EfuY2', NULL, '2022-12-02 09:04:13', '2022-12-02 09:04:13'),
(127, 'Большаков', 'Филипп', 'Михайлович', '2016-06-18', NULL, NULL, NULL, NULL, NULL, '2022-12-02 09:17:24', '2022-12-02 09:17:24'),
(128, 'Неретин', 'Владислав', 'Александрович', '2011-12-14', NULL, NULL, NULL, NULL, NULL, '2022-12-02 09:29:53', '2022-12-02 09:29:53'),
(129, 'Нежурина', 'Елена', 'Геннадьевна', '1989-01-06', 'nezhurinaeg@gmail.com', '+7 (906) 170 0349', NULL, '$2y$10$CswveYOSMsdUzywLigOVHOnBE0zVnCzhhMX/kmmy5UjssbiYlPtUm', NULL, '2022-12-02 10:01:05', '2022-12-02 10:01:05'),
(130, 'Горбунова', 'Оксана', 'Владимировна', '1979-12-29', 'gorbunovaoksana_7@mail.ru', '+7 (905) 433 7475', NULL, '$2y$10$AXiOxiEEltHypyT.x5m9f.0fXEpbmz7PebodqcCATsTNiOIM7QqHC', NULL, '2022-12-02 10:17:38', '2022-12-02 10:17:38'),
(131, 'Супрунова', 'Ирина', 'Владимировна', '1984-12-14', 'suprunovaiv14@gmail.com', '+7 (904) 427 7482', NULL, '$2y$10$eT.byAuZiMDm1HSlGoKW9eB2MQUTG3R.cO4.1NykxTNgbBdnLfPou', 'fk080j5P8zpqo2j1oOSfgiY4w7jYQxE2OqYkro3Kw1hEiKbjZqGhax4obIB3', '2022-12-02 10:30:24', '2022-12-02 11:18:20'),
(132, 'Неретин', 'Владислав', 'Александрович', '2011-12-14', NULL, NULL, NULL, NULL, NULL, '2022-12-02 10:30:31', '2022-12-02 10:30:31'),
(133, 'Коврина', 'Яна', 'Владимировна', '1988-08-04', 'kovrina.yana@bk.ru', '+7 (893) 709 3348', NULL, '$2y$10$fyvqJKWc35QJfwU31ep74epkhfLWvqXi1wrD8d1P4RNf5k4C2Hc7W', '8c1wJuyM1YoOWWiD92De1G1KBeQWWcTMiIp2PXU6EaSmeQXtsYkuAZs7B3y9', '2022-12-02 11:03:07', '2022-12-04 14:07:11'),
(134, 'Бовсуновская', 'Вера', 'Сергеевна', '1990-03-21', 'vera-malysheva-2015@mail.ru', '+7 (937) 542 1116', NULL, '$2y$10$d.J1kbcNG5un2Q9a24IFCeruKrHKmgYpjHmGaIhnJUjd0FVUZdk16', NULL, '2022-12-02 11:17:39', '2022-12-02 11:17:39'),
(135, 'Лобачева', 'Елена', 'Сергеевна', '1992-04-18', 'nikaloba4eva@yanbex.ru', '+7 (960) 885 9531', NULL, '$2y$10$biLJf7RjMgP0GjqSKzv0v.Vpq11xEOC92OBYnvfxBw0eO6CKu62VS', NULL, '2022-12-02 11:25:00', '2022-12-02 11:25:00'),
(136, 'Пятышкина', 'Наталья', 'Алексеевна', '1989-06-25', 'pyatyshkinanatalya@yandex.ru', '+7 (919) 548 2362', NULL, '$2y$10$9MjZaMLg.WiR0SnMeKttvu6U.6c29yGk1W3frymqtFeSp2HZ9OdDS', NULL, '2022-12-02 11:26:42', '2022-12-02 11:26:42'),
(137, 'Нежурина', 'Валерия', 'Михайловна', '2011-08-19', NULL, NULL, NULL, NULL, NULL, '2022-12-02 11:27:04', '2022-12-02 11:27:04'),
(138, 'Нежурин', 'Вадим', 'Михайлович', '2015-02-22', NULL, NULL, NULL, NULL, NULL, '2022-12-02 11:28:05', '2022-12-02 11:28:05'),
(139, 'Грачева', 'Наталья', 'Сергеевна', '1984-06-30', 'gnatalya@list.ru', '+7 (905) 362 3748', NULL, '$2y$10$r8WP4zoG7tXPm9aM0Rgjbu83MIF9PEu4yMzhD5kgGJ8DRZ1rUnl5.', 'SBZp4Lzp4DdraEfy68in111UllNY1rrzw4Hwn6TENoBqRb38jSdSH6IllFv8', '2022-12-02 11:30:39', '2022-12-02 12:07:33'),
(140, 'Василевская', 'Мария', 'Евгеньевна', '2016-02-26', NULL, NULL, NULL, NULL, NULL, '2022-12-02 11:32:10', '2022-12-02 11:32:10'),
(141, 'Бовсуновский', 'Никита', 'Сергеевич', '2014-08-07', NULL, NULL, NULL, NULL, NULL, '2022-12-02 11:32:42', '2022-12-02 11:32:42'),
(145, 'Пятышкин', 'Даниил', 'Владимирович', '2011-09-10', NULL, NULL, NULL, NULL, NULL, '2022-12-02 11:36:47', '2022-12-02 11:36:47'),
(146, 'Пятышкин', 'Даниил', 'Владимирович', '2011-09-10', NULL, NULL, NULL, NULL, NULL, '2022-12-02 11:39:38', '2022-12-02 11:39:38'),
(147, 'Грачев', 'Ярослав', 'Александрович', '2010-06-28', NULL, NULL, NULL, NULL, NULL, '2022-12-02 11:40:35', '2022-12-02 11:40:35'),
(148, 'Попова', 'Екатерина', 'Юрьевна', '1986-10-14', 'popova26-07@mail.ru', '+7 (937) 750 5135', NULL, '$2y$10$DFNXm6HjZPmvL3AmAl86yObXHfhKwLUlhcKgoHQvsSXErWF/8Nyjm', NULL, '2022-12-02 11:45:49', '2022-12-02 11:45:49'),
(149, 'Попов', 'Ярослав', 'Дмитриевич', '2013-07-26', NULL, NULL, NULL, NULL, NULL, '2022-12-02 11:49:52', '2022-12-02 11:49:52'),
(151, 'Шмырева', 'Ирина', 'Александровна', '1987-04-16', 'Kharira9@mail.ru', '+8 (904) 403 1260', NULL, '$2y$10$yQyWVrtm.L8r2u5HeIAOe.SohF.P6xM52svT/xoXMkGPhYODLKpjS', NULL, '2022-12-02 12:02:11', '2022-12-02 12:02:11'),
(152, 'Шмырев', 'Виктор', 'Александрович', '2013-07-10', NULL, NULL, NULL, NULL, NULL, '2022-12-02 12:06:46', '2022-12-02 12:06:46'),
(153, 'Сатдинов', 'Богдан', 'Алексеевич', '2014-12-04', NULL, NULL, NULL, NULL, NULL, '2022-12-02 12:10:16', '2022-12-02 12:10:16'),
(155, 'Сёмкин', 'Денис', 'Алексеевич', '1986-08-11', 'semkin_denis@bk.ru', '+7 (961) 080 7159', NULL, '$2y$10$QUJMfoj0OjSVNuzR.e.PTOR6QyN0Y9xJT5ow4lzutNzN5pKXUQoye', NULL, '2022-12-02 12:48:52', '2022-12-02 12:48:52'),
(156, 'Сёмкин', 'Артём', 'Денисович', '2014-04-14', NULL, NULL, NULL, NULL, NULL, '2022-12-02 12:57:12', '2022-12-02 12:57:12'),
(157, 'Мирошникова', 'Анна', 'Александровна', '1984-09-13', 'anechka132112@yandex.ru', '+7 (919) 547 3775', NULL, '$2y$10$ZHTfB8QBG35lYtqIspWYMeLJb2ft/GaTm7uM5hQJ2jVUTF55GYBNS', NULL, '2022-12-02 13:04:30', '2022-12-02 13:04:30'),
(158, 'Гречкина', 'Тамара', 'Анатольевна', '1987-12-11', 'tomik77755@mail.ru', '+7 (960) 892 4412', NULL, '$2y$10$TvHrM9xlzzvhL8rkATWZlOAAE50JAr83xrvP5Uvs/LbXJsSszjQfC', NULL, '2022-12-02 13:07:40', '2022-12-02 13:07:40'),
(159, 'Гречкин', 'Даниил', 'Александрович', '2013-09-18', NULL, NULL, NULL, NULL, NULL, '2022-12-02 13:08:37', '2022-12-02 13:08:37'),
(160, 'Ставыщенко', 'Анна', 'Александровна', '1989-03-28', 'kurnosik-89@mail.ru', '+7 (988) 967 8603', NULL, '$2y$10$6MvfP4jhowVdWP9gHTtvpuK72m8x971H7eQAyzxSHz/D3JgqWafXi', NULL, '2022-12-02 13:21:16', '2022-12-02 13:21:16'),
(161, 'Ставыщенко', 'Макар', 'Дмитриевич', '2015-01-30', NULL, NULL, NULL, NULL, NULL, '2022-12-02 13:32:49', '2022-12-02 13:32:49'),
(162, 'Ставыщенко', 'Макар', 'Дмитриевич', '2015-01-30', NULL, NULL, NULL, NULL, NULL, '2022-12-02 13:33:16', '2022-12-02 13:33:16'),
(163, 'Урсов', 'Михаил', 'Арменович', '2013-01-24', NULL, NULL, NULL, NULL, NULL, '2022-12-02 14:15:26', '2022-12-02 14:15:26'),
(164, 'Ильменская', 'Анастасия', 'Олеговна', '1984-10-12', 'nastyailm@mail.ru', '+7 (917) 642 4850', NULL, '$2y$10$owRPssMF2GsUcfIB.s4qFO//F38BL/zRkdLZD6Rl/DJGnD99wO8Q2', NULL, '2022-12-02 14:15:59', '2022-12-02 14:15:59'),
(165, 'Шувалова', 'Ольга', 'Васильевна', '1985-12-09', 'kuznetsova_olya@list.ru', '+7 (961) 678 1519', NULL, '$2y$10$WGmFfgOPAZ/Rx39pIyWcfe0xeHW3lLfjtz4q.lgaX.pUjV/mqkg6K', NULL, '2022-12-02 14:19:51', '2022-12-02 14:19:51'),
(166, 'Шувалов', 'Константин', 'Юрьевич', '2016-03-26', NULL, NULL, NULL, NULL, NULL, '2022-12-02 14:23:18', '2022-12-02 14:23:18'),
(167, 'Ильменский', 'Роман', 'Александрович', '2011-02-02', NULL, NULL, NULL, NULL, NULL, '2022-12-02 14:24:00', '2022-12-02 14:24:00'),
(168, 'Маслова', 'Мария', 'Александровна', '1986-05-20', 'marimaslova2015@yandex.ru', '+7 (904) 408 9296', NULL, '$2y$10$du5tIW4ME00B4BrbTY4wwOuPX6Hn11tPZWcJTHR.Qj1U2Ri2N82Ea', NULL, '2022-12-02 14:53:48', '2022-12-02 14:53:48'),
(169, 'Мирошникова', 'Валерия', 'Ивановна', '2013-02-01', NULL, NULL, NULL, NULL, NULL, '2022-12-02 14:56:00', '2022-12-02 14:56:00'),
(170, 'Маслов', 'Максим', 'Сергеевич', '2012-01-29', NULL, NULL, NULL, NULL, NULL, '2022-12-02 14:59:23', '2022-12-02 14:59:23'),
(171, 'Драгунова', 'Екатерина', 'Викторовна', '1984-06-08', 'katya.bradynova.84@mail.ru', '+7 (919) 983 2026', NULL, '$2y$10$YXaCJtfhMWGKf5n3wBjwm.WVnzwCPtuBR18qCvHMTE4ZTwUKOLrPe', NULL, '2022-12-02 15:31:35', '2022-12-02 15:31:35'),
(172, 'Лапина', 'Ольга', 'Дмитриевна', '1989-01-09', 'olga711@inbox.ru', '+7 (937) 712 6566', NULL, '$2y$10$we0hnEq17Kf8mecaChHZPeOyTxmr5IPK1cPQ9QcraeI4b.yIG/VTi', NULL, '2022-12-02 15:36:29', '2022-12-02 15:36:29'),
(173, 'Драгунова', 'Вероника', 'Денисовна', '2010-12-27', NULL, NULL, NULL, NULL, NULL, '2022-12-02 15:47:14', '2022-12-02 15:47:14'),
(174, 'Шаймуратова', 'Карина', 'Игоревна', '1992-03-10', 'karina_shaimuratova_1992@mail.ru', '+7 (903) 375 9883', NULL, '$2y$10$0cvyyTGoQIE6ImJFC3BQEOzYoISLqtxxUQOM8gxJnbH3dzDlyZ59.', NULL, '2022-12-02 16:37:06', '2022-12-02 16:37:06'),
(177, 'Збукарева', 'Наталья', 'Юрьевна', '1988-09-12', 'natalja.zbuckareva2010@yandex.ru', '+7 (937) 733 3957', NULL, '$2y$10$aBnWZEpm7dKSVhhraxvHiOB4v5fEvoiYrCrUYYEv.M4a/5lcYAxiC', NULL, '2022-12-03 02:18:53', '2022-12-03 02:18:53'),
(178, 'Токарев', 'Дмитрий', 'Сергеевис', '2014-01-20', NULL, NULL, NULL, NULL, NULL, '2022-12-03 02:24:33', '2022-12-03 02:24:33'),
(179, 'Токарев', 'Дмитрий', 'Сергеевич', '2014-01-20', NULL, NULL, NULL, NULL, NULL, '2022-12-03 02:26:12', '2022-12-03 02:26:12'),
(180, 'Нерушаев', 'Борис', 'Николаевич', '1977-05-11', 'nerush777@rambler.ru', '+7 (987) 647 2808', NULL, '$2y$10$T5I4c8Xu74LrJ1LrB3BUu.YWYQGuthfT/RHV0W0rlaJYGaDsuOnHO', NULL, '2022-12-03 03:18:16', '2022-12-03 03:19:29'),
(181, 'Нерушаева', 'София', 'Борисовна', '2011-01-04', NULL, NULL, NULL, NULL, NULL, '2022-12-03 03:22:30', '2022-12-03 03:22:30'),
(182, 'Куприяхина', 'Екатерина', 'Витальевна', '1992-07-02', 'ekaterina.kupriuahina@mail.ru', '+7 (999) 610 0673', NULL, '$2y$10$167IJxw0CfFl.1CgvjpKc.8LpmFFH3S5F9WRg4WvuMD/zGzhx6Y42', NULL, '2022-12-03 04:31:29', '2022-12-03 04:31:29'),
(183, 'Куприяхин', 'Максим', 'Витальевич', '2015-01-05', NULL, NULL, NULL, NULL, NULL, '2022-12-03 04:37:27', '2022-12-03 04:37:27'),
(184, 'Меркулова', 'Виктория', 'Павловна', '1989-01-20', 'yavichka_merkulova@mail.ru', '+7 (937) 536 8000', NULL, '$2y$10$dwgE3qPHp/uHWKkXa7bLMuIS8SZSDVQamAIrM9YzpxpYFLLCNjopi', NULL, '2022-12-03 06:12:28', '2022-12-03 06:12:28'),
(185, 'Макулов', 'Евгений', 'Сергеевич', '1996-10-25', 'kituynya@yandex.ru', '+7 (904) 404 9352', NULL, '$2y$10$9zNvetFtmrPL/IKGSD3Z4.cT/OvExiY37/QRnIeNcR5U7jZ8MsDh2', NULL, '2022-12-03 06:57:04', '2022-12-03 06:57:04'),
(186, 'Юринкин', 'Кирилл', 'Сергеевич', '2014-01-08', NULL, NULL, NULL, NULL, NULL, '2022-12-03 07:04:19', '2022-12-03 07:04:19'),
(187, 'Протопопова', 'Евгения', 'Михайловна', '1984-08-18', 'eprotopopova119@gmail.com', '+7 (960) 887 6377', NULL, '$2y$10$Mh2ZgwkVpN85j9cPm/ucYOHOSuJM4kVs6WpzRRdiXLaJLs0SIWl2u', NULL, '2022-12-03 08:19:44', '2022-12-03 08:19:44'),
(188, 'Ануфриева', 'София', 'Артемовна', '2018-05-08', NULL, NULL, NULL, NULL, NULL, '2022-12-03 08:19:56', '2022-12-03 08:19:56'),
(189, 'Килякова', 'Наталья', 'Сергеевна', '1983-12-20', 'Kilyakovan@bk.ru', '+7 (927) 069 2142', NULL, '$2y$10$9IrXqBodev9pDdkkQQHuoutAgkQZ8SXUOsC8iLguccK8t5/t2VOKm', NULL, '2022-12-03 08:24:36', '2022-12-03 08:24:36'),
(190, 'Протопопова', 'Софья', 'Михайловна', '2014-01-20', NULL, NULL, NULL, NULL, NULL, '2022-12-03 08:57:28', '2022-12-03 08:57:28'),
(191, 'Киляков', 'Егор', 'Александрович', '2014-01-11', NULL, NULL, NULL, NULL, NULL, '2022-12-03 09:00:39', '2022-12-03 09:00:39'),
(192, 'Мелихов', 'Владимир', 'Алексеевич', '1963-10-14', 'vmelihov900@gmail.com', '+7 (902) 310 4948', NULL, '$2y$10$19v7v7VDZ63BZ6wgFrq3quTWGAeaXyap4ugas8D/ekKDKJqaoJDAy', '4t4ssC53xzTCWlks9FdhQlhkyvx0TWelbQyrTrfC3QgPiCndyXafrhuDUFGQ', '2022-12-03 10:28:25', '2022-12-13 07:02:03'),
(193, 'Мелихов', 'Денис', 'Владимирович', '2009-05-25', NULL, NULL, NULL, NULL, NULL, '2022-12-03 10:37:43', '2022-12-03 10:37:43'),
(194, 'Котрунова', 'Юлия', 'Олеговна', '1994-05-22', 'kotrynova20@mail.ru', '+7 (937) 085 6488', NULL, '$2y$10$1Bsnk5/Fh3ylgyeanapVbOK1q7aSN..0TRWmshQorGkktPtI1JI3C', NULL, '2022-12-03 10:48:29', '2022-12-03 10:48:29'),
(195, 'Котрунов', 'Дэмис', 'Романович', '2014-06-24', NULL, NULL, NULL, NULL, NULL, '2022-12-03 10:52:21', '2022-12-03 10:52:21'),
(196, 'Манько', 'Надежда', 'Васильевна', '1982-09-03', 'Nadvas82@mail.ru', '+8 (905) 338 4730', NULL, '$2y$10$CLKJBpYtFJcZj7ACoThV7eBu6GMO/CeGQbX424/qQnT/232Fha61e', NULL, '2022-12-03 10:55:28', '2022-12-03 10:55:28'),
(197, 'Манько', 'Михаил', 'Сергеевич', '2013-03-29', NULL, NULL, NULL, NULL, NULL, '2022-12-03 11:00:51', '2022-12-03 11:00:51'),
(198, 'Артемова', 'Анастасия', 'Николаевна', '1986-04-22', 'artemova30gm1@gmail.com', '+7 (927) 533 4904', NULL, '$2y$10$4GSzLEjiFaKb3SVq8mw6O.ltInTrDksn..OSx7NOVM27FfPu8eDOq', NULL, '2022-12-03 11:31:57', '2022-12-03 11:31:57'),
(199, 'Артемова', 'Злата', 'Романовна', '2015-12-02', NULL, NULL, NULL, NULL, NULL, '2022-12-03 11:34:29', '2022-12-03 11:34:29'),
(200, 'Иванова', 'Ольга', 'Сергеевна', '1990-06-20', 'arriton@yandex.ru', '+7 (960) 896 1700', NULL, '$2y$10$aYhLqa/UsHTwPqL41/xfI.vIRHzrc4/YtLdlb6kB0fo8c1HZX1DN2', NULL, '2022-12-03 11:44:31', '2022-12-03 11:44:31'),
(201, 'Иванов', 'Григорий', 'Антонович', '2015-10-08', NULL, NULL, NULL, NULL, NULL, '2022-12-03 11:56:38', '2022-12-03 11:56:38'),
(202, 'Бурханова', 'Ирина', 'Николаевна', '1991-10-30', 'Burxanova91@bk.ru', '+7 (904) 754 3275', NULL, '$2y$10$i0BaIh0Y07E8dBJwNheNNunuHpp.kvEuNk.b0q3vBUU45BZ4n8rem', NULL, '2022-12-03 12:17:25', '2022-12-03 12:17:25'),
(203, 'Бурханов', 'Максим', 'Артемович', '2014-07-21', NULL, NULL, NULL, NULL, NULL, '2022-12-03 12:22:26', '2022-12-03 12:22:26'),
(204, 'Кисленко', 'Светлана', 'Валерьевна', '1980-12-28', 'svetlanagoropchenko@mail.ru', '+7 (904) 429 3157', NULL, '$2y$10$nlfEtPfraMMW0m.kXB6oAensmM02oq9Ih2yVA9cn7uuS4Y7kGAgEe', NULL, '2022-12-03 12:43:14', '2022-12-03 12:43:14'),
(205, 'Маркова', 'Вера', 'алексеевна', '1979-05-30', 'tonprokachka@yandex.ru', '+7 (998) 968 6257', NULL, '$2y$10$0vPNMgrg/c/Yr.54XigYs.CrLGPXDAMnXasU7Y3Fx/CA9OAzoBun2', 'f5J1TrGVIzQmFvCdFcvmwEyyt507fYeeTMggwPuI0cW3uwSJ7z2CEtPMFxoi', '2022-12-03 12:43:35', '2022-12-03 13:04:57'),
(206, 'Марков', 'Константин', 'Евгеньевич', '2011-07-25', NULL, NULL, NULL, NULL, NULL, '2022-12-03 12:49:02', '2022-12-03 12:49:02'),
(207, 'Кисленко', 'Егор', 'Павлович', '2014-04-29', NULL, NULL, NULL, NULL, NULL, '2022-12-03 13:11:26', '2022-12-03 13:11:26'),
(208, 'Лузановская', 'Лариса', 'Львовна', '1974-03-14', 'Larisa_1974_1974@mail.ru', '+7 (917) 834 6846', NULL, '$2y$10$LgMZe4UFTX8spR27pdllnOQs.3TnM2K3kPw0DOdd9Ds4WrgIVSDYC', NULL, '2022-12-03 15:44:03', '2022-12-03 15:44:03'),
(209, 'Лузановская', 'Арина', 'Александровна', '2015-10-09', NULL, NULL, NULL, NULL, NULL, '2022-12-03 15:51:29', '2022-12-03 15:51:29'),
(210, 'Евтеев', 'Александр', 'Владимирович', '1987-02-23', 'ya_tebya_lyublyu@inbox.ru', '+7 (927) 063 5050', NULL, '$2y$10$A.6mykP4425lgULwXEqeE.3eIM8yUM0TnAdsXtAPz3F7P4QaZ37Fi', NULL, '2022-12-04 08:28:56', '2022-12-04 08:28:56'),
(211, 'Евтеев', 'Евгений', 'Александрович', '2015-09-10', NULL, NULL, NULL, NULL, NULL, '2022-12-04 08:36:01', '2022-12-04 08:36:01'),
(212, 'Серякова', 'Евгения', 'Анатольевна', '1990-12-08', 'volgograd1991@mail.ru', '+7 (961) 066 7960', NULL, '$2y$10$PYAzEw5Wq4B45lYwhMbZiex1KwVsSdVrirGMAr0kMy0eNg.QBOl.m', NULL, '2022-12-04 08:58:59', '2022-12-04 08:58:59'),
(213, 'Серяков', 'Александр', 'Евгеньевич', '2011-04-29', NULL, NULL, NULL, NULL, NULL, '2022-12-04 09:04:06', '2022-12-04 09:04:06'),
(214, 'Фомичев', 'Глеб', 'Станиславович', '2014-04-29', NULL, NULL, NULL, NULL, NULL, '2022-12-04 09:16:44', '2022-12-04 09:16:44'),
(215, 'Коваленко', 'Светлана', 'Вячеславовна', '1978-02-15', 'svetikdiz@mail.ru', '+7 (904) 777 7122', NULL, '$2y$10$zCFVOX37aenkxjmyiefRJuVvHn7A9oVuAVM5aFWGbXsAVZilvWOSS', NULL, '2022-12-04 09:47:22', '2022-12-04 09:47:22'),
(216, 'Аббасов', 'Физули', 'Ашраф оглы', '1969-11-15', 'abbasovasukufa@gmail.com', '+7 (917) 333 7009', NULL, '$2y$10$YdztxUHCUtO9sRVHiVUu9eLEqJ9/RYHwsq7j/ohtCKVxBx9QD1riK', '7TeXitP5adN0kwoKucd0TlFVh2qPhj0TbjyxaIwUvRMUOioRkvGdy8vCrXR9', '2022-12-04 09:48:44', '2022-12-13 13:57:39'),
(217, 'Букина', 'Елена', 'Александровна', '1988-12-01', 'pomaraichik@gmail.com', '+7 (904) 416 6623', NULL, '$2y$10$8/LgmUuSFRsb6Vm3vIvyhePNdLoa6IEQzWFLgV8kDGdq0.o7Mp2ty', NULL, '2022-12-04 12:31:46', '2022-12-04 12:31:46'),
(219, 'Кострыко', 'Любовь', 'Ивановна', '1986-06-16', 'kostryko@mail.ru', '+7 (904) 771 6141', NULL, '$2y$10$C80LQ8N.kKYqQg5l4vbrWuqgLMzvd2oi9.RgVR8ZdBn9mnLeCBV/G', NULL, '2022-12-04 12:50:18', '2022-12-04 13:00:56'),
(220, 'Букин', 'Андрей', 'Алексеевич', '2014-07-31', NULL, NULL, NULL, NULL, NULL, '2022-12-04 12:53:55', '2022-12-04 12:53:55'),
(221, 'Кострыко', 'Алиса', 'Алексеевна', '2009-06-03', NULL, NULL, NULL, NULL, NULL, '2022-12-04 13:02:30', '2022-12-04 13:02:30'),
(222, 'Коврина', 'Елизавета', 'Сергеевна', '2015-03-24', NULL, NULL, NULL, NULL, NULL, '2022-12-04 13:49:30', '2022-12-04 13:49:30'),
(223, 'Кулёмина', 'Елена', 'Александровна', '1982-06-26', 'e.kuliomina@yandex.ru', '+7 (929) 782 0570', NULL, '$2y$10$3/jGhtghVQPtuKXiOADmLOYmNBLX8JLcFblaD2Lol2VQx9HBnLaDe', NULL, '2022-12-04 16:05:50', '2022-12-04 16:05:50'),
(224, 'Кулёмина', 'Дарья', 'Романовна', '2012-06-01', NULL, NULL, NULL, NULL, NULL, '2022-12-04 16:14:48', '2022-12-04 16:14:48'),
(225, 'Ягубян', 'Анна', 'Евгентевна', '1984-11-06', 'girkova@mail.ru', '+7 (937) 552 0749', NULL, '$2y$10$plkRFFqrILcUFlEq7DJrB.f5Uo0uq/hrDb/kyVk2u3XQiNgKNsCtm', NULL, '2022-12-04 16:36:19', '2022-12-04 16:36:19'),
(226, 'Жирков', 'Захар', 'Станиславович', '2015-11-04', NULL, NULL, NULL, NULL, NULL, '2022-12-04 16:42:46', '2022-12-04 16:42:46'),
(227, 'Новохатская', 'Таисия', 'Михайловна', '2015-10-12', NULL, NULL, NULL, NULL, NULL, '2022-12-04 16:48:10', '2022-12-04 16:48:10'),
(228, 'Коваленко', 'Владислав', 'Валерьевич', '2015-03-03', NULL, NULL, NULL, NULL, NULL, '2022-12-04 16:54:02', '2022-12-04 16:54:02'),
(229, 'Суханова', 'Надежда', 'Николаеана', '1987-04-14', 'nadya1404@rambler.ru', '+7 (904) 403 6206', NULL, '$2y$10$xfVFPweRs2ML0Mn93tmrHuB.3nofDIJl87L57r33XUUUNPx7rsfV.', NULL, '2022-12-05 02:34:35', '2022-12-05 02:34:35'),
(230, 'Суханов', 'Денис', 'Русланович', '2015-02-16', NULL, NULL, NULL, NULL, NULL, '2022-12-05 02:38:07', '2022-12-05 02:38:07'),
(231, 'Пимкина', 'Марина', 'Николаевна', '1989-05-13', 'serzhenko@inbox.ru', '+7 (904) 414 0573', NULL, '$2y$10$8GAfUyB0ugI5ZBhRuDDIFugV06wIHtcHowQOCkcLlUiD0vMP1nzae', NULL, '2022-12-05 03:24:22', '2022-12-05 03:24:22'),
(232, 'Кирсанова', 'Елена', 'Александровна', '1973-07-07', 'elenakirsanova2@gmail.com', '+7 (937) 090 3525', NULL, '$2y$10$W.g3W.80A5eHGIcfQWNqOet0PnOqJ.UQcgBTapVOwbQuSpR/CftNm', NULL, '2022-12-05 04:17:41', '2022-12-05 04:17:41'),
(233, 'Рябов', 'Николай', 'Николаевич', '1978-06-18', 'riabovnn@yandex.ru', '+7 (905) 336 9370', NULL, '$2y$10$t3wY/fnHXD4ducUtr69X1Oh8PagPzsCx9hmbY6TcwM4zoQEQBe.sG', NULL, '2022-12-05 04:26:41', '2022-12-05 04:26:41'),
(234, 'Кирсанов', 'Сергей', 'Влалимирович', '2008-03-29', NULL, NULL, NULL, NULL, NULL, '2022-12-05 04:29:51', '2022-12-05 04:29:51'),
(235, 'Полторацкая', 'Александра', 'Анатольевна', '1988-12-13', 'poltoraczkaya88@mail.ru', '+7 (987) 643 9514', NULL, '$2y$10$73/3bwntA85QOAARBoVwQu64uxKKG38FFI81dDE8zLWnUxAB7I1KK', NULL, '2022-12-05 04:33:28', '2022-12-05 04:33:28'),
(236, 'Близнюк', 'Алексей', 'Алексеевич', '1975-05-06', 'kristina.bliznyuk1997@yandex.ru', '+7 (928) 112 4743', NULL, '$2y$10$fCxHW.X8QLwlWVCLO/k3T.OOvJ.SzS1W6ASJFoMAySoxsS7YQ0OQy', 'm1fqcec7hcN6QbC058y9yK0tClIhNfrkpfUwbxDEzlIyzsAhSKC3ziIaQGP8', '2022-12-05 04:34:01', '2022-12-15 04:25:15'),
(237, 'Кирсанов', 'Сергей', 'Владимирович', '2008-03-29', NULL, NULL, NULL, NULL, NULL, '2022-12-05 04:34:57', '2022-12-05 04:34:57'),
(238, 'Гончарова', 'Яна', 'Анвярьевна', '1987-11-29', 'Yanochka_2911@mail.ru', '+7 (927) 250 5053', NULL, '$2y$10$go.RyWTsReQTbILFfJfBuen2jAA5fu/gchJG4jXQLX8JXlGaPSggK', NULL, '2022-12-05 04:35:39', '2022-12-05 04:35:39'),
(239, 'Гончаров', 'Данил', 'Игоревич', '2012-12-05', NULL, NULL, NULL, NULL, NULL, '2022-12-05 04:47:22', '2022-12-05 04:47:22'),
(240, 'Болтенкова', 'Ирина', 'Витальевна', '1980-07-04', 'ira.boltenkova2018@yandex.ru', '+7 (917) 334 3885', NULL, '$2y$10$zCYChqf3JNoaPUAjqTdpRu2/6tiXr98imrKpQb2CFUDCV/HrJMA7.', NULL, '2022-12-05 04:54:42', '2022-12-05 04:54:42'),
(241, 'Болтенков', 'Максим', 'Валерьевич', '2017-05-15', NULL, NULL, NULL, NULL, NULL, '2022-12-05 05:00:26', '2022-12-05 05:00:26'),
(242, 'Близнюк', 'Тимофей', 'Алексеевич', '2014-01-19', NULL, NULL, NULL, NULL, NULL, '2022-12-05 05:11:06', '2022-12-05 05:11:06'),
(243, 'Полторацкий', 'Никита', 'Алексеевич', '2012-08-23', NULL, NULL, NULL, NULL, NULL, '2022-12-05 05:16:30', '2022-12-05 05:16:30'),
(244, 'Полторацкий', 'Максим', 'Алексеевич', '2016-09-30', NULL, NULL, NULL, NULL, NULL, '2022-12-05 05:19:12', '2022-12-05 05:19:12'),
(245, 'Шушляев', 'Антон', 'Сергеевич', '1985-12-22', 'Anton221285@yandex.ru', '+7 (917) 645 8735', NULL, '$2y$10$JhOl/7IQS6HYpWyGIWOIiuwfd3X5vPYesiCGWZKtoopCQ.Sd2XPeG', NULL, '2022-12-05 05:25:57', '2022-12-05 05:25:57'),
(246, 'Шушляев', 'Артём', 'Антонович', '2017-02-27', NULL, NULL, NULL, NULL, NULL, '2022-12-05 05:30:17', '2022-12-05 05:30:17'),
(247, 'Лукьяненко', 'Ирина', 'Евгеньевна', '1976-08-24', 'Irinakozlova311@gmail.com', '+7 (927) 513 0217', NULL, '$2y$10$4BIlWmKrr.qD4S4t91xGd.mMu9ETqzo94xztO3tAd/UQml0IttoWy', NULL, '2022-12-05 06:16:32', '2022-12-05 06:16:32'),
(248, 'Козлов', 'Арсений', 'Витальевич', '2008-03-08', NULL, NULL, NULL, NULL, NULL, '2022-12-05 06:24:12', '2022-12-05 06:24:12'),
(249, 'Дубинина', 'Мария', 'Владимировна', '1989-04-30', '3004.08@mail.ru', '+7 (919) 792 3945', NULL, '$2y$10$Y5iLp8J7Cale3OtQuAhmS.ZzxSZFFUiG4rg2.0tCZZXx965IBbVeC', NULL, '2022-12-05 06:37:47', '2022-12-05 06:37:47'),
(250, 'Дубинин', 'Матвей', 'Артёмович', '2012-07-26', NULL, NULL, NULL, NULL, NULL, '2022-12-05 06:45:24', '2022-12-05 06:45:24'),
(251, 'Казарникова', 'Юлия', 'Викторовна', '1982-04-09', 'kaz_ulia82@mail.ru', '+7 (919) 797 1468', NULL, '$2y$10$lspHuKwbY5IDq0fdQJqNi.eW7/TmyFIohhKC9ofCzzQiwGFa3JBoy', NULL, '2022-12-05 07:13:46', '2022-12-05 07:13:46'),
(252, 'Казарников', 'Сергей', 'Сергеевич', '2010-01-16', NULL, NULL, NULL, NULL, NULL, '2022-12-05 07:17:09', '2022-12-05 07:17:09'),
(253, 'Коробкин', 'Алексей', 'Вячеславович', '1980-03-29', 'korobkin.family@mail.ru', '+7 (960) 883 1650', NULL, '$2y$10$rWXQbD9pbwcVg3IWxoUyc./knHBjI6BY8Agv9C0PlyaLffC6A0lzW', NULL, '2022-12-05 09:14:40', '2022-12-05 09:14:40'),
(254, 'Каплунов', 'Сергей', 'Владимирович', '1986-07-29', 'Kaplunov_serzh@mail.ru', '+7 (988) 395 8147', NULL, '$2y$10$yzmyKgCPPuonvdve9e9iv.LkTrCNNwXDr3vFgfM1JnjzMoF6Tg1UO', NULL, '2022-12-05 09:29:25', '2022-12-05 09:29:25'),
(255, 'Коробкина', 'Дарья', 'Алексеевна', '2012-06-19', NULL, NULL, NULL, NULL, NULL, '2022-12-05 09:32:14', '2022-12-05 09:32:14'),
(256, 'Каплунов', 'Владислав', 'Сергеевич', '2014-12-03', NULL, NULL, NULL, NULL, NULL, '2022-12-05 09:32:48', '2022-12-05 09:32:48'),
(257, 'Сяткина', 'Алла', 'Александровна', '1990-01-29', 'allalipunova@mail.ru', '+7 (906) 171 1658', NULL, '$2y$10$jBhNIAX5p4.Z7xzb97vwgOQW5hI969eQasbQiKpTQXYYg15.Mh7Ii', NULL, '2022-12-05 09:33:11', '2022-12-05 09:33:11'),
(258, 'Сяткин', 'Прохор', 'Александрович', '2014-11-01', NULL, NULL, NULL, NULL, NULL, '2022-12-05 09:34:20', '2022-12-05 09:34:20'),
(259, 'Шамшурина', 'Татьяна', 'Алексеевна', '1993-12-11', 'panfilova-tanya@mail.ru', '+7 (995) 407 1998', NULL, '$2y$10$J8fRf4sYvp.43ENHLsXyR.voD11asscNUUeH9u9jo12oWrbBR1RZS', NULL, '2022-12-05 09:37:24', '2022-12-05 09:37:24'),
(260, 'Сяткина', 'Юлия', 'Александровна', '2010-11-01', NULL, NULL, NULL, NULL, NULL, '2022-12-05 09:48:38', '2022-12-05 09:48:38'),
(261, 'Каплунов', 'Артем', 'Сергеевич', '2017-12-02', NULL, NULL, NULL, NULL, NULL, '2022-12-05 09:50:08', '2022-12-05 09:50:08'),
(262, 'Шамшурин', 'Роман', 'Сергеевич', '2013-01-10', NULL, NULL, NULL, NULL, NULL, '2022-12-05 09:50:25', '2022-12-05 09:50:25'),
(263, 'Щелкунова', 'Анна', 'Владимировна', '1987-03-29', 'anna-2903@yandex.ru', '+7 (902) 388 2024', NULL, '$2y$10$XZtMeq68q5mKNc2I1P3YneobzlAikjiw3NfRAD6GZgCZm/t8TgWi6', NULL, '2022-12-05 09:52:21', '2022-12-05 09:52:21'),
(264, 'Щелкунов', 'Евгений', 'Викторович', '2014-10-21', NULL, NULL, NULL, NULL, NULL, '2022-12-05 09:55:51', '2022-12-05 09:55:51'),
(265, 'Новиков', 'Евгений', 'Валерьевич', '1984-07-21', 'evge8ney@mail.ru', '+7 (960) 884 1901', NULL, '$2y$10$9e2gLcZ3QSoLAif6bkdAvOI.U6kZGLheT5QbswUKGyQJuHIGpWRtG', NULL, '2022-12-05 10:09:57', '2022-12-05 10:09:57'),
(266, 'Новиков', 'Даниил', 'Евгеньевич', '2012-07-20', NULL, NULL, NULL, NULL, NULL, '2022-12-05 10:16:29', '2022-12-05 10:16:29'),
(267, 'Смольякова', 'Елена', 'Александровна', '1974-02-19', 'kata.smolyakova.1999@gmail.com', '+7 (905) 394 8539', NULL, '$2y$10$qY/jNK9fMq8gMGSZhocoHe8ut/h/tqmPUy5N0T6/SQ36OWD2toPM2', NULL, '2022-12-05 10:16:33', '2022-12-05 10:16:33'),
(268, 'Смольяков', 'Николай', 'Алексеевич', '2012-07-11', NULL, NULL, NULL, NULL, NULL, '2022-12-05 10:20:52', '2022-12-05 10:20:52'),
(269, 'Маутова', 'Ильсия', 'Камербулатовна', '1986-11-04', 'kamia24@yandex.ru', '+7 (906) 166 7795', NULL, '$2y$10$lrJjoNeBinl.gkKjkfW69ux3MmiATE5iGe34MEb9lAFloTv47Eiee', NULL, '2022-12-05 11:06:49', '2022-12-05 11:06:49'),
(270, 'Маутова', 'Аделина', 'Алибековна', '2014-10-18', NULL, NULL, NULL, NULL, NULL, '2022-12-05 11:10:30', '2022-12-05 11:10:30'),
(271, 'Маутова', 'Диляра', 'Алибековна', '2016-05-17', NULL, NULL, NULL, NULL, NULL, '2022-12-05 11:11:54', '2022-12-05 11:11:54'),
(272, 'Карнаухова', 'Виктория', 'Андреевна', '2014-12-25', NULL, NULL, NULL, NULL, NULL, '2022-12-05 11:24:21', '2022-12-05 11:24:21'),
(273, 'Иванова', 'Юлия', 'Александровна', '1981-08-26', '280803@mail.ru', '+7 (917) 643 1404', NULL, '$2y$10$.CW0XpKmbrim1/Pk8MXupOQRUOokMFoz570I5l2XJHJfVAPDYceqO', NULL, '2022-12-05 12:06:54', '2022-12-05 12:06:54'),
(274, 'Иванова', 'Ярослава', 'Львовна', '2014-08-05', NULL, NULL, NULL, NULL, NULL, '2022-12-05 12:14:17', '2022-12-05 12:14:17'),
(275, 'Филимонова', 'Екатерина', 'Анатольевна', '1981-10-21', 'ekaterinafilimonova925@gmail.com', '+7 (937) 559 3214', NULL, '$2y$10$3RT6aivijEOCj2DPSaEgAer4q5fJxWBF/GC06DVMFlXlab34ZFEBy', NULL, '2022-12-05 12:34:45', '2022-12-05 12:34:45'),
(276, 'Филимонова', 'Полина', 'Игоревна', '2014-10-04', NULL, NULL, NULL, NULL, NULL, '2022-12-05 12:39:09', '2022-12-05 12:39:09'),
(277, 'Евсеевичева', 'Евгения', 'Сергеевна', '2000-12-01', 'evgeniaevseeviceva.evgen@gmail.com', '+7 (919) 541 6461', NULL, '$2y$10$YwMgqjfgm5vpMn/h0UZCAOUDFt4g8xcu3P/rrpajjE/uPrGnbnIoS', NULL, '2022-12-05 13:00:01', '2022-12-05 13:00:01'),
(278, 'Евсеевичев', 'Михаил', 'Дмитриевич', '2010-10-18', NULL, NULL, NULL, NULL, NULL, '2022-12-05 13:14:51', '2022-12-05 13:14:51'),
(279, 'Бородина', 'Оксана', 'Юрьевна', '1978-07-19', 'ksushabor@yandex.ru', '+7 (905) 434 3855', NULL, '$2y$10$d6xtf9TbBWZAG1N4rhxxgeBq1nV7yoVNW5mCLGHaLF4GI8NA74Gd6', NULL, '2022-12-05 13:15:28', '2022-12-05 13:15:28'),
(280, 'Зиявудинова', 'Патимат', 'Абдулаевна', '1974-08-03', 'patimat.ziavudinova74@gmail.com', '+7 (961) 661 2201', NULL, '$2y$10$OpR9v/qyfjPE2XwVso5y3.0NYdO5/ENkNqgH0nuJJ774Yl3i.b6qm', NULL, '2022-12-05 13:18:25', '2022-12-05 13:18:25'),
(281, 'Бородин', 'Ярослав', 'Станиславович', '2008-06-02', NULL, NULL, NULL, NULL, NULL, '2022-12-05 13:18:47', '2022-12-05 13:18:47'),
(282, 'Хидиров', 'Мухаммад', 'Исаевич', '2012-02-08', NULL, NULL, NULL, NULL, NULL, '2022-12-05 13:31:33', '2022-12-05 13:31:33'),
(283, 'Беккер', 'Татьяна', 'Викторовна', '1993-02-14', 'tatyshka_93@mail.ru', '+7 (961) 491 1256', NULL, '$2y$10$6U73bjaI0vbEzegaa3wii.Ns63bIuwOWX591uReETVx3UKLRx4vWK', NULL, '2022-12-05 13:42:07', '2022-12-05 13:42:07');
INSERT INTO `users` (`id`, `secondname`, `firstname`, `patronymic`, `date_of_birth`, `email`, `phone`, `email_verified_at`, `password`, `remember_token`, `created_at`, `updated_at`) VALUES
(284, 'Торопов', 'Александр', 'Владимирович', '1962-04-30', 'al.toropov2018@mail.ru', '+7 (903) 371 2830', NULL, '$2y$10$OXjsHrVwW8ZKI.nhfsw80Owd.aiw1OxBg/MO0YrtIDSzcxk3XB76.', NULL, '2022-12-05 13:43:43', '2022-12-05 13:43:43'),
(285, 'Беккер', 'Злата', 'Алексеевна', '2012-05-09', NULL, NULL, NULL, NULL, NULL, '2022-12-05 13:53:05', '2022-12-05 13:53:05'),
(286, 'Антюхина', 'Оксана', 'Сергеевна', '1989-07-11', 'antyuhina.oksana@mail.ru', '+8 (919) 796 5030', NULL, '$2y$10$LHIovoI3hB6N3MC1NtY0Ouuu.2E7.m8ysb2O./IW17EW4jMDCI3uq', NULL, '2022-12-05 13:53:11', '2022-12-05 13:53:11'),
(287, 'Антюхин', 'Николай', 'Сергеевич', '2014-10-19', NULL, NULL, NULL, NULL, NULL, '2022-12-05 14:03:42', '2022-12-05 14:03:42'),
(288, 'Гусева', 'Надежда', 'Семёновна', '1978-01-24', 'ng7388509@gmail.com', '+7 (927) 506 0356', NULL, '$2y$10$Op8TORQULvwrUPOREmHvf.dmlvSg/5sfJ0YHB5d2qxZ6XZIKTT/c2', NULL, '2022-12-05 14:09:35', '2022-12-05 14:09:35'),
(289, 'Антюхин', 'Дмитрий', 'Сергеевич', '2017-04-30', NULL, NULL, NULL, NULL, NULL, '2022-12-05 14:13:09', '2022-12-05 14:13:09'),
(290, 'Ведзижева', 'Ясмина', 'Тамерлановна', '2010-12-01', NULL, NULL, NULL, NULL, NULL, '2022-12-05 14:14:46', '2022-12-05 14:14:46'),
(291, 'Мальцева', 'Марина', 'Павловна', '1983-10-06', 'marina.manager@bk.ru', '+7 (901) 941 2359', NULL, '$2y$10$K1RTwZ6l0B2sR/jtdPeC.OHSnaMUYL6kpAPZWpvORFJKti5MLGb3.', NULL, '2022-12-05 16:43:36', '2022-12-05 16:43:36'),
(292, 'Юдочкина', 'Екатерина', 'Анатольевна', '1979-12-10', 'katja_2002y@mail.ru', '+7 (905) 482 7384', NULL, '$2y$10$VsapO6asWKduvKhOjmoiCuI66JU4X6WSRh0QjrzNVdAB1yZPDHcyW', NULL, '2022-12-05 16:58:55', '2022-12-05 16:58:55'),
(293, 'Юдочкин', 'Сергей', 'Васильевич', '2012-05-11', NULL, NULL, NULL, NULL, NULL, '2022-12-05 17:09:18', '2022-12-05 17:09:18'),
(294, 'Пимкин', 'Максим', 'Александрович', '2014-07-22', NULL, NULL, NULL, NULL, NULL, '2022-12-05 17:21:22', '2022-12-05 17:21:22'),
(295, 'Озевич', 'Анастасия', 'Михайловна', '1992-12-20', 'anastasia20121992@gmail.com', '+7 (961) 658 4662', NULL, '$2y$10$F60MzyVW9Z4YjclgkH3wqegcFjyY6EJbcUcT7xAFZmGcS53yjQqAa', NULL, '2022-12-06 01:05:49', '2022-12-06 01:05:49'),
(296, 'Озевич', 'Олег', 'Евгеньевич', '2015-08-28', NULL, NULL, NULL, NULL, NULL, '2022-12-06 01:18:23', '2022-12-06 01:18:23'),
(297, 'Гулечова', 'Наталья', 'Юрьевна', '1990-10-14', 'gulechova90@inbox.ru', '+7 (927) 069 2815', NULL, '$2y$10$TIHpWw/9NbDNFc8eO43OGel7slRNMrutNimlr4OT/fkfQpDdCI3Mu', NULL, '2022-12-06 02:01:34', '2022-12-06 02:01:34'),
(298, 'Щедрина', 'Лариса', 'Валерьевна', '1979-07-13', 'larisa79.07@mail.ru', '+8 (905) 394 9153', NULL, '$2y$10$BFDBvooLGcO0rQ7r5Qc6zerwRHQUzCPxKzenWtQRfb4tWxJvg3cJa', NULL, '2022-12-06 02:01:35', '2022-12-06 02:01:35'),
(299, 'Белицкая', 'Анна', 'Викторовна', '1988-03-16', 'anna.belitskaya@citynature.ru', '+7 (960) 869 5057', NULL, '$2y$10$46Tw5JX5o85cAs6k0Zj6YOLgUR2DVuNc7Ae/U2DWdH.X..npB.YB6', NULL, '2022-12-06 02:02:45', '2022-12-06 02:02:45'),
(300, 'Гулечов', 'Сергей', 'Максимович', '2015-12-24', NULL, NULL, NULL, NULL, NULL, '2022-12-06 02:03:59', '2022-12-06 02:03:59'),
(301, 'Белицкий', 'Даниил', 'Викторович', '2012-06-01', NULL, NULL, NULL, NULL, NULL, '2022-12-06 02:05:03', '2022-12-06 02:05:03'),
(302, 'ЩЕДРИН', 'АЛЕКСАНДР', 'ДМИТРИЕВИЧ', '2015-08-31', NULL, NULL, NULL, NULL, NULL, '2022-12-06 02:13:12', '2022-12-06 02:13:12'),
(303, 'Яблочкина', 'Нина', 'Михайловна', '1973-07-09', 'n_rubtsova@mail.ru', '+7 (937) 721 9762', NULL, '$2y$10$s47dwyLjNL5xgVYyzhhru.fKNSo5z8KKIWEptGyHzA//LG4Stx3ny', NULL, '2022-12-06 02:28:52', '2022-12-06 02:28:52'),
(304, 'Яблочкин', 'Григорий', 'Станиславович', '2011-11-26', NULL, NULL, NULL, NULL, NULL, '2022-12-06 02:38:31', '2022-12-06 02:38:31'),
(305, 'Мошнякова', 'Юлия', 'Петровна', '1988-07-15', 'julia777.1507@mail.ru', '+7 (960) 872 9619', NULL, '$2y$10$QpIhivW/AaXP96676CWP9.mnwXxqjhc7ZUSpT3yna3XRpJ57e7aaC', NULL, '2022-12-06 02:53:05', '2022-12-06 02:53:05'),
(306, 'Кубик', 'Екатерина', 'Николаевна', '1983-09-28', 'kubik_ekaterina@mail.ru', '+7 (937) 548 9946', NULL, '$2y$10$zLl8WQfGYNLvViESif139.saCu18bs5xgdi2nublyh7Pdp2H25Em.', NULL, '2022-12-06 03:08:04', '2022-12-06 03:08:04'),
(307, 'Кубик', 'Максим', 'Андреевич', '2015-03-24', NULL, NULL, NULL, NULL, NULL, '2022-12-06 03:24:08', '2022-12-06 03:24:08'),
(308, 'Киреева', 'Анастасия', 'Фëдоровна', '1988-05-03', 'k9064078606@gmail.com', '+7 (906) 407 8606', NULL, '$2y$10$WNyxBSW3x.klPdGjDUawhOoxtFS7fc3PefGh864Nx.NMFwYe4cPwm', NULL, '2022-12-06 03:25:06', '2022-12-06 03:25:06'),
(309, 'Таранова', 'Ирина', 'Михайловна', '1978-08-11', 'irinataranova967@gmail.com', '+7 (988) 010 5800', NULL, '$2y$10$KccftcmfEEJGPD2vzmKdZeL90s7FQEQC9p0nx779XsgSFQQte.YvG', NULL, '2022-12-06 04:21:12', '2022-12-06 04:21:12'),
(310, 'Пушкарская', 'Наталья', 'Владимировна', '1987-09-26', '28zaycev@mail.ru', '+8 (988) 018 3300', NULL, '$2y$10$m2VUJbj0Q73E8Zl9PPO0Lu1EaWCXpyJwJie1OrZCCI000dkYY83dW', 'UGWS6uIKhvg9wCabcBTXoWEdlD00Wf7MJBMmcVd0TvSPhhe3wn4QIXLSJptT', '2022-12-06 04:25:10', '2022-12-06 07:06:45'),
(311, 'Таранов', 'Данила', 'Владимирович', '2010-12-30', NULL, NULL, NULL, NULL, NULL, '2022-12-06 04:37:59', '2022-12-06 04:37:59'),
(312, 'Нелепа', 'Юрий', 'Сергеевич', '1985-04-30', 'yuriynelepa@gmail.com', '+7 (906) 400 6239', NULL, '$2y$10$lbzDr2XcbkPHNjMAHpwUceGZK3kY8gMF3FnBGsgh8qMvN1UcUUB7C', NULL, '2022-12-06 04:38:51', '2022-12-06 04:38:51'),
(313, 'Таранов', 'Сергей', 'Владимирович', '2008-11-12', NULL, NULL, NULL, NULL, NULL, '2022-12-06 04:43:19', '2022-12-06 04:43:19'),
(314, 'Нелепа', 'Назар', 'Юрьевич', '2013-01-11', NULL, NULL, NULL, NULL, NULL, '2022-12-06 04:47:44', '2022-12-06 04:47:44'),
(315, 'Самсонов', 'Никита', 'Николаевич', '2003-12-08', 'nekbarbos@gmail.com', '+7 (937) 710 2150', NULL, '$2y$10$VprQH7TWM0vdkRJaDn/Gj.Uuw./YBeRce7GPyI44NBZdcUGuAwEvi', NULL, '2022-12-06 05:20:53', '2022-12-06 05:20:53'),
(316, 'Лагутина', 'Надежда', 'Олеговна', '1988-03-18', 'Lno0105@mail.ru', '+7 (961) 071 8326', NULL, '$2y$10$fl9Noswusc/pTOALXHndTea5BXQ/s8Q1bbuuqXLw7V2102pL0NBfa', NULL, '2022-12-06 05:47:34', '2022-12-06 05:47:34'),
(317, 'Лагутин', 'Савелий', 'Ярославович', '2015-03-05', NULL, NULL, NULL, NULL, NULL, '2022-12-06 05:50:58', '2022-12-06 05:50:58'),
(318, 'Пушкарская', 'Дарина', 'Андреевна', '2011-08-12', NULL, NULL, NULL, NULL, NULL, '2022-12-06 07:10:27', '2022-12-06 07:10:27'),
(319, 'Куликова', 'Елена', 'Юрьевна', '1982-12-15', 'kulikovaeyu@mail.ru', '+7 (927) 513 8554', NULL, '$2y$10$9FesSS7zRsWlHjekGPYb3.UxoIvJXrKRehIzPk6PpZwpYh5XZ2xpu', NULL, '2022-12-06 07:34:44', '2022-12-06 07:34:44'),
(320, 'Куликов', 'Мирон', 'Алексеевич', '2012-12-19', NULL, NULL, NULL, NULL, NULL, '2022-12-06 07:47:37', '2022-12-06 07:47:37'),
(321, 'Ермолаева', 'Любовь', 'Витальевна', '1981-09-30', 'lubovermolaeva529@gmail.com', '+7 (927) 526 8342', NULL, '$2y$10$KEcHAAkL84XuzGj7DKjQfeatMJ65X3rqQnfe98wzcTjvmgbWffQtO', NULL, '2022-12-06 08:02:42', '2022-12-06 08:02:42'),
(322, 'Хомяков', 'Валерий', 'Сергеевич', '2012-12-27', NULL, NULL, NULL, NULL, NULL, '2022-12-06 08:07:05', '2022-12-06 08:07:05'),
(323, 'Артюхова', 'Ирина', 'Валерьевна', '1974-06-29', 'artivi@yandex.ru', '+9 (034) 793 346', NULL, '$2y$10$ZRqfRngRgSoTQfnzz5rSZuImd4cL2E/p0HmgTcCeT1cpXBCYQhF7q', 'oNLIalxfG56iAZjzwrIEym0CEcu2ZOhHfAsRDAd1hVrZjaRuA0VsM3O8Rfpg', '2022-12-06 08:14:50', '2022-12-12 06:35:56'),
(324, 'Придачук', 'Антонина', 'Максимовна', '2010-02-03', NULL, NULL, NULL, NULL, NULL, '2022-12-06 08:17:24', '2022-12-06 08:17:24'),
(325, 'Нестерова', 'Юлия', 'Александровна', '1987-02-09', 'nesterovaulia39@gmail.com', '+7 (961) 061 3132', NULL, '$2y$10$YAvSo3tzCbrx77mMughA.OsZJ8S8bSl834ulxwVcRyopdFIt1yixS', NULL, '2022-12-06 08:18:29', '2022-12-06 08:18:29'),
(326, 'Поликарпов', 'Ярослав', 'Сергеевич', '2012-04-24', NULL, NULL, NULL, NULL, NULL, '2022-12-06 08:26:45', '2022-12-06 08:26:45'),
(327, 'Кунгурцева', 'Елена', 'Николаевна', '1987-06-07', 'ismailova.1987@inbox.ru', '+7 (960) 583 3926', NULL, '$2y$10$kz0etIa8xm4urDTopudGy.rUb0rdsj1h5nQigSamEesAnqOVfm.aS', NULL, '2022-12-06 09:15:14', '2022-12-06 09:15:14'),
(328, 'Кунгурцев', 'Данила', 'Александрович', '2013-09-16', NULL, NULL, NULL, NULL, NULL, '2022-12-06 09:19:47', '2022-12-06 09:19:47'),
(329, 'Спирина', 'Анна', 'Николаевна', '1992-04-10', 'aspirina100492@gmail.com', '+7 (987) 645 7320', NULL, '$2y$10$NnFpBXjCEoqZTy0QfaVHB.4dRBSi7dXzWkoA4Sigx33RVuaWfKUhG', NULL, '2022-12-06 12:24:28', '2022-12-06 12:24:28'),
(330, 'Спирин', 'Артём', 'Александрович', '2015-06-20', NULL, NULL, NULL, NULL, NULL, '2022-12-06 12:27:18', '2022-12-06 12:27:18'),
(331, 'Соколова', 'Татьяна', 'Васильевна', '1987-12-31', 'tatana@sok.ru', '+7 (961) 088 5885', NULL, '$2y$10$L4B5ocpPVpZhkYtwygm5Aeshetv2Ghk0ggt8rQ06bdWb.fiWUlcqm', NULL, '2022-12-06 12:58:24', '2022-12-06 12:58:24'),
(332, 'Соколов', 'Владислав', 'Леонидович', '2014-06-18', NULL, NULL, NULL, NULL, NULL, '2022-12-06 13:01:18', '2022-12-06 13:01:18'),
(333, 'Лымарева', 'Оксана', 'Александровна', '1980-07-28', 'lymareva2012@yandex.ru', '+7 (960) 867 8105', NULL, '$2y$10$UAef7HfaYvFpjCiNE.M6Tu4ABlUvHTvGJvM6OnDOs.F3tTqD2ARJy', NULL, '2022-12-06 13:03:37', '2022-12-06 13:03:37'),
(334, 'Лымарев', 'Дмитрий', 'Евгеньевич', '2010-06-15', NULL, NULL, NULL, NULL, NULL, '2022-12-06 13:06:30', '2022-12-06 13:06:30'),
(335, 'Бураменская', 'Кристина', 'Александровна', '1989-08-24', 'kristinaabramova999@gmail.com', '+7 (999) 625 9303', NULL, '$2y$10$xNW6bWOs7p1RoGQdIeGcSeUPn3GxUNnTAYufRJ26L0RUuCcULH8aK', NULL, '2022-12-06 13:10:36', '2022-12-06 13:10:36'),
(336, 'Бураменская', 'Каролина', 'Алексеевна', '2016-08-05', NULL, NULL, NULL, NULL, NULL, '2022-12-06 13:16:23', '2022-12-06 13:16:23'),
(337, 'Сивогривова', 'Евгения', 'Юрьевна', '1983-11-10', 'scorpionkey@mail.ru', '+7 (917) 724 9393', NULL, '$2y$10$XhpXqqguXdxKXsBLXOD5h..6JWrLbMV9vDQd3s6ni2Q74Dxr/pHTC', NULL, '2022-12-06 13:20:53', '2022-12-06 13:20:53'),
(338, 'Сивогривов', 'Никита', 'Алексеевич', '2012-03-20', NULL, NULL, NULL, NULL, NULL, '2022-12-06 13:24:01', '2022-12-06 13:24:01'),
(339, 'Беглова', 'Екатерина', 'Андреевна', '1980-07-25', 'beglova2008@yandex.ru', '+7 (937) 707 0333', NULL, '$2y$10$1i6Frweb057JNFAkqUbwPu3BXM0KXf9ugr5RNrJOHwpJRZunLzJMm', NULL, '2022-12-06 13:55:23', '2022-12-06 13:55:23'),
(340, 'Сухова', 'Марина', 'Михайловна', '1985-01-03', '904410@mail.ru', '+7 (904) 776 7670', NULL, '$2y$10$QBGQCrCkvIxCVfM/DIYt4uvSofOThvIfP76auVvHOUDs03ADvPEpK', NULL, '2022-12-06 13:58:24', '2022-12-06 13:58:24'),
(341, 'Сухов', 'Арсений', 'Сергеевич', '2015-08-21', NULL, NULL, NULL, NULL, NULL, '2022-12-06 14:05:04', '2022-12-06 14:05:04'),
(342, 'Хитрова', 'Ольга', 'Сергеевна', '1988-10-31', 'xitrov89@mail.ru', '+7 (969) 287 9582', NULL, '$2y$10$gwsVA/Tv0.r0jC0Jaz4CVukvLPtQyNUoIOYmx2UTirsyGh8SGjsNi', NULL, '2022-12-06 14:52:24', '2022-12-06 14:52:24'),
(343, 'Хитров', 'Алексей', 'Дмитриевич', '2013-01-25', NULL, NULL, NULL, NULL, NULL, '2022-12-06 14:57:26', '2022-12-06 14:57:26'),
(344, 'Соколов', 'Леонид', 'Леонидович', '1985-10-27', 'taksi2006@bk.ru', '+7 (937) 722 0232', NULL, '$2y$10$UBNYQIqeB3SBbkwegQJOfeVJObGJ6VzWKdGMQW2hvr4qbZL4PMMBS', NULL, '2022-12-06 15:26:52', '2022-12-06 15:26:52'),
(345, 'Рожнова', 'Ольга', 'Александровна', '1982-06-26', 'VasilchenkoOA.82@mail.ru', '+7 (924) 200 2368', NULL, '$2y$10$mr01oA0kka6gn/fLwoP6j.jafL.6Z8jGzx.e0BhPWh.0BXi0Jcxd6', NULL, '2022-12-06 16:30:39', '2022-12-06 16:30:39'),
(346, 'Рожнов', 'Роман', 'Вадимович', '2013-07-03', NULL, NULL, NULL, NULL, NULL, '2022-12-06 16:35:26', '2022-12-06 16:35:26'),
(347, 'Бабенко', 'Елена', 'Вячеславовна', '1988-06-14', 'elena-babenko88@mail.ru', '+7 (927) 514 8048', NULL, '$2y$10$InKRWI3xSmXGOHzt09BaV.aPpffVUDEcewvFnhFAUi/QW1IoK2tkO', NULL, '2022-12-07 02:14:36', '2022-12-07 02:14:36'),
(348, 'Бабенко', 'Данил', 'Иванович', '2010-10-07', NULL, NULL, NULL, NULL, NULL, '2022-12-07 02:24:26', '2022-12-07 02:24:26'),
(349, 'Бабенко', 'Семён', 'Иванович', '2013-10-01', NULL, NULL, NULL, NULL, NULL, '2022-12-07 02:39:41', '2022-12-07 02:39:41'),
(350, 'Литвинов', 'Александр', 'Владимирович', '1982-05-07', 'm.m@bk.ru', '+7 (905) 339 6429', NULL, '$2y$10$nuXCW3J8xZySrqFnhNl2yu4rW7QjAAMdbadfmISc7sMfYVOrg0DYe', NULL, '2022-12-07 03:17:38', '2022-12-07 03:17:38'),
(352, 'Хвостова', 'Наталия', 'Владимировна', '1975-03-16', 'hvostusya@yandex.ru', '+7 (902) 384 7844', NULL, '$2y$10$U3zL.AhzaFonysZdJEWDoOe8oqLJkb4AIegkWWwZIbyxThy8fUpyG', NULL, '2022-12-07 04:14:49', '2022-12-07 04:14:49'),
(353, 'Стасевич', 'Ольга', 'Николаевна', '1979-01-06', 'budka79@mail.ru', '+7 (903) 315 8064', NULL, '$2y$10$WLlnacx0bUO1KVm63KpyEOtaFwfHcqc/tEGNGx97Lfxng3NDOEwra', NULL, '2022-12-07 06:23:24', '2022-12-07 06:23:24'),
(354, 'Стасевич', 'Артём', 'Кириллович', '2014-02-28', NULL, NULL, NULL, NULL, NULL, '2022-12-07 06:25:46', '2022-12-07 06:25:46'),
(355, 'Поликарпова', 'Елена', 'Владимировна', '1980-04-07', 'el.polikarpowa@yandex.ru', '+7 (904) 412 1725', NULL, '$2y$10$NJyU5PtC6eObxrW9agoHXeBRSld7dymo6H36daFgYB2cCvAuM2/06', NULL, '2022-12-07 07:05:20', '2022-12-07 07:05:20'),
(356, 'Поликарпов', 'Денис', 'Сергеевич', '2014-06-30', NULL, NULL, NULL, NULL, NULL, '2022-12-07 07:22:44', '2022-12-07 07:22:44'),
(357, 'Студеникина', 'Юлия', 'Александровна', '1986-08-11', 'studenikin88@list.ru', '+7 (961) 066 3118', NULL, '$2y$10$l5BcTcQlyYyvWQZAwAeRIOrZB.E6.Ly7zDoD2mvVCurYeoKaAVVq6', NULL, '2022-12-07 08:34:55', '2022-12-07 08:34:55'),
(358, 'Студеникин', 'Никита', 'Алексеевич', '2018-06-18', NULL, NULL, NULL, NULL, NULL, '2022-12-07 08:54:36', '2022-12-07 08:54:36'),
(359, 'Грабова', 'Ольга', 'Николаевна', '1982-11-03', 'olg.grabova@yandex.ru', '+7 (962) 761 1539', NULL, '$2y$10$OeQyTUXGW3DBJwID1tTtTOiIRIlg4/k7u9m1zFoIpyWQ7p/7M5yFW', NULL, '2022-12-07 10:51:22', '2022-12-07 10:51:22'),
(360, 'Грабова', 'Мария', 'Денисовна', '2015-08-05', NULL, NULL, NULL, NULL, NULL, '2022-12-07 10:55:53', '2022-12-07 10:55:53'),
(361, 'Великанов', 'Дмитрий', 'Иванович', '1988-03-22', 'diveel@mail.ru', '+7 (927) 527 4070', NULL, '$2y$10$oOI.d3IhZ985r4f/mu27veuQqWsktCa5HFKG78BDMkExeKN41O6Me', NULL, '2022-12-07 11:14:09', '2022-12-07 11:14:09'),
(362, 'Великанов', 'Захар', 'Дмитриевич', '2018-03-30', NULL, NULL, NULL, NULL, NULL, '2022-12-07 11:17:34', '2022-12-07 11:17:34'),
(363, 'Сергеева', 'Юлия', 'Анатольевна', '1986-11-01', 'q123zx12@yandex.ru', '+7 (927) 255 1225', NULL, '$2y$10$wZ.SvXrsHZXdhepHJ3WXOun87h7FgRsvFFTNatUu03p6Z4Xs7dX9a', NULL, '2022-12-07 13:43:58', '2022-12-07 13:43:58'),
(364, 'Сергеев', 'Иван', 'Андреевич', '2015-12-15', NULL, NULL, NULL, NULL, NULL, '2022-12-07 13:51:06', '2022-12-07 13:51:06'),
(365, 'Максудов', 'Милан', 'Гафуржонович', '1988-09-10', 'milan.maksudov88@gmail.com', '+7 (937) 129 3111', NULL, '$2y$10$Ov3gvGFFY0F101FB6UDpCe07lAv1XJKw0ETCSLyq3FAwtJR5WVMKK', NULL, '2022-12-07 14:52:11', '2022-12-07 14:52:11'),
(366, 'Максудова', 'Анель', 'Милановна', '2013-07-29', NULL, NULL, NULL, NULL, NULL, '2022-12-07 15:01:31', '2022-12-07 15:01:31'),
(367, 'Ивановна', 'Татьяна', 'Петровна', '1988-07-14', 'KOSOVATANAY@bk.ru', '+8 (904) 412 2252', NULL, '$2y$10$GgseP1fzh.1bqcidlVg6Ke1UnzFFmNUosUK9pNi6uHe2e6pGSeQzS', NULL, '2022-12-07 16:24:05', '2022-12-07 16:24:05'),
(368, 'Иванов', 'Александр', 'Александрович', '2013-11-13', NULL, NULL, NULL, NULL, NULL, '2022-12-07 16:26:42', '2022-12-07 16:26:42'),
(369, 'Лебедева', 'Ирина', 'Владимировна', '1984-02-26', 'irinav_l@mail.ru', '+7 (927) 505 1649', NULL, '$2y$10$0bAMZvJw9HvxZidNCghoeu2sByzz5XnLNgWnwktMaETwibzylmJxu', NULL, '2022-12-08 03:03:41', '2022-12-08 03:03:41'),
(370, 'Кубанцева', 'Елизавета', 'Игоревна', '1991-01-10', 'liza100191@yandex.ru', '+7 (961) 676 8522', NULL, '$2y$10$lSxW3/xrAtO1GfSc.mfWiO7UKw0lHmN8BqTkY5RFeb6.qV9/7NMCq', NULL, '2022-12-08 03:06:24', '2022-12-08 03:06:24'),
(371, 'Осипова', 'Юлия', 'Вячеславовна', '1989-09-28', 'yuliya-volchanskaya@yandex.ru', '+7 (927) 067 7080', NULL, '$2y$10$ZbCt3efa9NjiVpum6vtIsenDX915KeeP/ReDv1venoE1h7UGM0g4a', NULL, '2022-12-08 04:47:34', '2022-12-08 04:47:34'),
(372, 'Осипов', 'Михаил', 'Юрьевич', '2013-11-04', NULL, NULL, NULL, NULL, NULL, '2022-12-08 04:48:57', '2022-12-08 04:48:57'),
(373, 'Сальникова', 'Анжелика', 'Михайловна', '1983-03-21', 'salnikovaanzelika010@gmail.com', '+7 (902) 310 2274', NULL, '$2y$10$6ncopR9VP228XCb0Y..ZQeY6roWU5pa7B0Nmu6XXRLsKX5.Xz8VQm', NULL, '2022-12-08 04:51:33', '2022-12-08 04:51:33'),
(374, 'Сальников', 'Роман', 'Викторович', '2014-09-26', NULL, NULL, NULL, NULL, NULL, '2022-12-08 04:57:18', '2022-12-08 04:57:18'),
(375, 'Пасечник', 'Евгения', 'Петровна', '1989-03-23', 't9199869741@yandex.ru', '+7 (919) 986 9741', NULL, '$2y$10$uJfckZr9Fy.xuP6bElpJ.eadzVqh7lNg0RVrXNiAOR1laVZQT/YHi', NULL, '2022-12-08 06:11:47', '2022-12-08 06:11:47'),
(376, 'Пасечник', 'Варвара', 'Александровна', '2014-12-27', NULL, NULL, NULL, NULL, NULL, '2022-12-08 06:14:39', '2022-12-08 06:14:39'),
(377, 'Пешкова', 'Елена', 'Владимировна', '1980-03-29', 'elenapeshkova03@gmail.com', '+7 (937) 567 2666', NULL, '$2y$10$DnTrvT8JlB7gC030B14nuO.8JmfXoJjAJV8ZM65VC4CzZOlgyNqNq', NULL, '2022-12-08 06:18:50', '2022-12-08 06:18:50'),
(378, 'Качанова', 'Дарья', 'Сергеевна', '1988-04-27', 'sidorenko.darya27@gmail.com', '+7 (917) 647 6497', NULL, '$2y$10$bkoftxq.m02xLP0xGEMqIe0NT3gW1S.noo7.NYKkUJZP9vswOcEB6', NULL, '2022-12-08 06:24:54', '2022-12-08 06:24:54'),
(379, 'Пешков', 'Захвр', 'Владимирович', '2016-07-27', NULL, NULL, NULL, NULL, NULL, '2022-12-08 06:30:13', '2022-12-08 06:30:13'),
(380, 'Шарапова', 'Екатерина', 'Алексеевна', '1991-11-29', 'ekaterinasarapova93@gmail.com', '+7 (917) 844 9018', NULL, '$2y$10$o8PUIP8uAKbF2XU5637gOeos0xeVVuCKgMkAiJYynjJCN3RKJnq52', NULL, '2022-12-08 06:36:14', '2022-12-08 06:36:14'),
(381, 'Литвинов', 'Артём', 'Александрович', '2012-05-12', NULL, NULL, NULL, NULL, NULL, '2022-12-08 06:50:54', '2022-12-08 06:50:54'),
(382, 'Колобкова', 'Светлана', 'Евгеньевна', '1976-03-21', 'kolobkovasvetlana177@gmail.com', '+7 (904) 428 0639', NULL, '$2y$10$u9k8lN.kgcYpNmF3wIM2i.QjFQPpEHKY4xppitusht8WmPwTZVaki', NULL, '2022-12-08 07:12:50', '2022-12-08 07:12:50'),
(383, 'Трегубенко', 'Татьяна', 'Петровна', '1985-06-30', 'tatysobolevva@yandex.ru', '+7 (960) 887 2745', NULL, '$2y$10$oES.n5O4TecB0zbmJ71yIuLS2EsuJedXkIK7Dmd3zYKR54PwEUJwa', NULL, '2022-12-08 07:13:43', '2022-12-08 07:13:43'),
(384, 'Колобков', 'Мирон', 'Александрович', '2016-03-27', NULL, NULL, NULL, NULL, NULL, '2022-12-08 07:24:07', '2022-12-08 07:24:07'),
(385, 'Луговая', 'Анна', 'Владимировна', '1989-03-15', 'alugovaa434@gmail.com', '+7 (961) 090 7477', NULL, '$2y$10$4cxoPCvR/WmTDc.4OhnX5.ZKfMtlQ.YG70jLQXfrXUL/Thlzd0lRO', NULL, '2022-12-08 07:28:28', '2022-12-08 07:28:28'),
(386, 'Сычев', 'Игорь', 'Борисович', '1987-03-18', 'igorsha11@yandex.ru', '+7 (917) 724 7819', NULL, '$2y$10$9b0/M9lN3UkcImdBDF3Aj.MAlthykZG/ujMrvgjUga1ccvdNeh8du', NULL, '2022-12-08 07:31:13', '2022-12-08 07:31:13'),
(387, 'Сычев', 'Вячеслав', 'Игоревич', '2013-07-29', NULL, NULL, NULL, NULL, NULL, '2022-12-08 07:34:39', '2022-12-08 07:34:39'),
(388, 'Плюснин', 'Павел', 'Витальевич', '1980-10-24', 'globalplus@lenta.ru', '+7 (960) 888 5433', NULL, '$2y$10$Uol6KHGg/8TUwAo0/mF5ReCG61WwK7gJtFT2FpCz6V/BezFY7T3lm', NULL, '2022-12-08 07:35:32', '2022-12-08 07:35:32'),
(389, 'Плюснина', 'Алёна', 'Павловна', '2014-04-30', NULL, NULL, NULL, NULL, NULL, '2022-12-08 07:40:29', '2022-12-08 07:40:29'),
(390, 'Луговой', 'Андрей', 'Сергеевич', '2015-01-30', NULL, NULL, NULL, NULL, NULL, '2022-12-08 07:45:28', '2022-12-08 07:45:28'),
(391, 'Дубровина', 'Ирина', 'Владимировна', '1978-11-07', 'vernelia@mail.ru', '+7 (987) 642 7559', NULL, '$2y$10$15AS0pFL4XmE2WdqDQShkuUHG26JyBc7UleKeeCstIUfFWdY0ai5W', NULL, '2022-12-08 07:50:40', '2022-12-08 07:50:40'),
(392, 'Ходжомьяров', 'Александр', 'Дмитриевич', '2014-02-04', NULL, NULL, NULL, NULL, NULL, '2022-12-08 07:54:20', '2022-12-08 07:54:20'),
(393, 'Шарапов', 'Андрей', 'Андреевич', '2014-11-27', NULL, NULL, NULL, NULL, NULL, '2022-12-08 08:20:23', '2022-12-08 08:20:23'),
(394, 'Здор', 'Михаил', 'Юрьевич', '1978-11-16', 'z-boomz@yandex.ru', '+7 (903) 327 6420', NULL, '$2y$10$n7/rnqKV/VFSmEJOKhcBKuvSZF/51TH2GDNidfmVc7VUuPfG46fU2', NULL, '2022-12-08 08:29:29', '2022-12-08 08:29:29'),
(395, 'Фаворская', 'Ксения', 'Юрьевна', '1993-03-21', 'kseniy3000@yandex.ru', '+7 (961) 666 1251', NULL, '$2y$10$lfVmAKYFDCcseWf1i3UEx.79csk3qmphVoMuxF1R4uSZs5nGNZT8y', NULL, '2022-12-08 08:47:36', '2022-12-08 08:47:36'),
(396, 'Патрушев', 'Демид', 'Максимович', '2013-10-02', NULL, NULL, NULL, NULL, NULL, '2022-12-08 08:52:49', '2022-12-08 08:52:49'),
(397, 'Худова', 'Анна', 'Андреевна', '1988-02-27', 'sunline1988@mail.ru', '+7 (904) 770 0553', NULL, '$2y$10$7wTji.J3iS7DEfvNBRPG6.XMJqKHFlM1HhMNm7nlmCxQ7QQ2XR.dC', NULL, '2022-12-08 08:52:54', '2022-12-08 08:52:54'),
(398, 'Сидоренко', 'Мартин', 'Павлович', '2013-07-19', NULL, NULL, NULL, NULL, NULL, '2022-12-08 08:58:32', '2022-12-08 08:58:32'),
(399, 'Сергеева', 'Юлия', 'Алексеевна', '1986-01-21', 'kiri4enkoyu@rambler.ru', '+7 (904) 404 5649', NULL, '$2y$10$rhXvVb/StxA08QehUyR/xelT8AyxeyQg0IZP/LTYfD3fqwayVFnrC', '9bMckpzjjjspTIwEn9aYViHnCsGJd5huS5Nrf2Tes8RevA49wzma1jodcuiM', '2022-12-08 09:08:59', '2022-12-08 09:42:49'),
(400, 'Сергеев', 'Максим', 'Алексеевич', '2011-09-28', NULL, NULL, NULL, NULL, NULL, '2022-12-08 09:13:55', '2022-12-08 09:13:55'),
(401, 'Абашев', 'Сергей', 'Анатольевич', '1987-03-12', 'abashev.s.a@ya.ru', '+7 (937) 551 1036', NULL, '$2y$10$xssVcnu0WI5w5rhl350zOe1kDeuc/FJE7Hbb9bU8R9PH9lPZ9/m8a', NULL, '2022-12-08 09:54:09', '2022-12-08 09:54:09'),
(402, 'Москвина', 'Екатерина', 'Юрьевна', '1983-04-07', 'kate-north@mail.ru', '+8 (927) 525 0555', NULL, '$2y$10$fsphi8pfmSd1ZQjKY09KnulNALY.jLW35qJrUac3lUMlR4Fuq9mue', NULL, '2022-12-08 10:01:53', '2022-12-08 10:01:53'),
(403, 'Горбатенко', 'Виктория', 'Игоревна', '2008-06-13', NULL, NULL, NULL, NULL, NULL, '2022-12-08 10:06:16', '2022-12-08 10:06:16'),
(404, 'Волколупова', 'Виктория', 'Владимировна', '1979-01-26', 'vvolk7926@mail.ru', '+7 (961) 061 8984', NULL, '$2y$10$/pNEAQ3vaFcTT9h6dEEq1uyJY3vf/vk.AkSH0zSLo7.6ssqUtakCe', NULL, '2022-12-08 10:08:04', '2022-12-08 10:08:04'),
(405, 'Изотов', 'Ярослав', 'Николаевич', '2014-04-01', NULL, NULL, NULL, NULL, NULL, '2022-12-08 10:14:02', '2022-12-08 10:14:02'),
(406, 'Абашева', 'Вероника', 'Сергеевна', '2016-02-19', NULL, NULL, NULL, NULL, NULL, '2022-12-08 10:40:07', '2022-12-08 10:40:07'),
(407, 'Хайдурова', 'Екатерина', 'Николаевна', '1990-10-15', 'katerina_tomasheva@mail.ru', '+7 (988) 393 4434', NULL, '$2y$10$vcfeZJAFT92cBwPhJbiBs.RJt9B3Nxnthl7gTMVVpgO3oBeDwe0te', NULL, '2022-12-08 12:50:27', '2022-12-08 12:50:27'),
(408, 'ЧУРСИНА', 'ЮЛИЯ', 'СЕРГЕЕВНА', '1986-07-26', 'arckova.liudmila@yandex.ru', '+7 (904) 775 561', NULL, '$2y$10$DtU0gUtSkonndam7qVWUGu.jap5A6YywJX43d3lCFcRNtQMn4W1eO', '0b7v4s3loRyzTrEljJNLmpIGhwYNtbk6l5fTgYwQzUmRx0mA0xoWz0g7nQMW', '2022-12-08 12:53:21', '2022-12-08 13:29:38'),
(409, 'Филимонова', 'Ирина', 'Николаевна', '1988-05-03', 'masyany28@yandex.ru', '+7 (960) 870 7517', NULL, '$2y$10$4oT5lVp13HmH1LTane1tUuxe//cDX113Thg8Y4gIOZjBwYF6pb/c6', NULL, '2022-12-08 12:54:47', '2022-12-08 12:54:47'),
(410, 'Филимонова', 'Ангелина', 'Ивановна', '2013-11-18', NULL, NULL, NULL, NULL, NULL, '2022-12-08 13:02:07', '2022-12-08 13:02:07'),
(411, 'Хайдурова', 'Полина', 'Сергеевна', '2015-05-25', NULL, NULL, NULL, NULL, NULL, '2022-12-08 13:06:46', '2022-12-08 13:06:46'),
(412, 'Чурсин', 'Никита', 'Максимович', '2014-11-14', NULL, NULL, NULL, NULL, NULL, '2022-12-08 13:10:10', '2022-12-08 13:10:10'),
(413, 'Беглов', 'Владимир', 'Владимирович', '2015-12-27', NULL, NULL, NULL, NULL, NULL, '2022-12-08 13:37:29', '2022-12-08 13:37:29'),
(414, 'Филиппова', 'Анна', 'Николаевна', '1987-03-23', 'Filippova.Anna.N@yandex.ru', '+7 (917) 835 6302', NULL, '$2y$10$4s/2iDG90ay9sfwnZQXgt.riqqOet/Pi1X2PT0iNWWlLOVuomd0Tu', NULL, '2022-12-08 14:03:25', '2022-12-08 14:03:25'),
(415, 'Филиппов', 'Артемий', 'Антонович', '2016-04-28', NULL, NULL, NULL, NULL, NULL, '2022-12-08 14:10:25', '2022-12-08 14:10:25'),
(416, 'Ильяшенко', 'Денис', 'Васильевич', '1989-04-19', 'denis-ilyashenko@mail.ru', '+7 (937) 540 0985', NULL, '$2y$10$N7t6LShje5ARLRSC2Pafbem6JhSU1H/hfsvTnzOjOOOhH/1vrb38q', NULL, '2022-12-08 14:20:19', '2022-12-08 14:20:19'),
(417, 'Ильяшенко', 'Вероника', 'Денисовна', '2015-07-09', NULL, NULL, NULL, NULL, NULL, '2022-12-08 14:23:44', '2022-12-08 14:23:44'),
(418, 'Бережной', 'Станислав', 'Владимирович', '2015-03-26', NULL, NULL, NULL, NULL, NULL, '2022-12-08 14:52:06', '2022-12-08 14:52:06'),
(419, 'Кубанцев', 'Макар', 'Андреевич', '2014-01-01', NULL, NULL, NULL, NULL, NULL, '2022-12-08 15:09:04', '2022-12-08 15:09:04'),
(420, 'Янкина', 'Наталья', 'Михайловна', '1992-08-11', 'yank1nataly@yandex.ru', '+7 (999) 625 6719', NULL, '$2y$10$1IG110AhkXkyqwklCUykTeIAhROp8/SQF/Vu9NYfuFN3lpp7FTa1K', NULL, '2022-12-08 17:10:36', '2022-12-08 17:10:36'),
(421, 'Янкин', 'Максим', 'Михайлович', '2016-02-06', NULL, NULL, NULL, NULL, NULL, '2022-12-08 17:12:28', '2022-12-08 17:12:28'),
(422, 'Климова', 'Юлия', 'Владимировна', '1993-01-05', 'yuliya.climova1993@yandex.ru', '+7 (960) 870 7255', NULL, '$2y$10$eCK6klnxI80urTZWmg/6LOo/SI2Euu3PbUnE8jXzMQXJK0KIPh0Iu', NULL, '2022-12-08 17:16:37', '2022-12-08 17:16:37'),
(423, 'Матвеева', 'Юлия', 'Геннадиевна', '1983-11-08', 'yullia_pl@mail.ru', '+7 (988) 975 6705', NULL, '$2y$10$zEiIqx8aeLb1HfXK.SpmOOUc/BOCStNQxjlFHNWgGzhGam8CDmXwW', NULL, '2022-12-09 01:20:36', '2022-12-09 01:20:36'),
(424, 'Матвеев', 'Захар', 'Владимирович', '2015-12-09', NULL, NULL, NULL, NULL, NULL, '2022-12-09 02:10:34', '2022-12-09 02:10:34'),
(425, 'Бабич', 'Ольга', 'Владимировна', '1986-03-07', 'OlgaKondolova@yandex.ru', '+7 (927) 525 4400', NULL, '$2y$10$Sej4gFYTG1hm7I42oTXFlOauX0TbJcCnfHUya0LfYilJVOwhQGYva', NULL, '2022-12-09 03:52:48', '2022-12-09 03:52:48'),
(426, 'Бабич', 'Кирилл', 'Алексеевич', '2014-06-16', NULL, NULL, NULL, NULL, NULL, '2022-12-09 04:12:16', '2022-12-09 04:12:16'),
(427, 'Петько', 'Юлия', 'Александровна', '1976-10-09', 'yyugmed@mail.ru', '+7 (917) 335 3213', NULL, '$2y$10$VSYY7UbQkQYFG7rFVXJjx./U/5GopPpLl2nv0ssT.cCqQyaFS1o5i', NULL, '2022-12-09 09:18:40', '2022-12-09 09:18:40'),
(428, 'Мошняков', 'Мирослав', 'Михайлович', '2015-07-03', NULL, NULL, NULL, NULL, NULL, '2022-12-09 12:36:16', '2022-12-09 12:36:16'),
(429, 'Филимонов', 'Илья', 'Владимирович', '1987-07-18', 'snezheg@mail.ru', '+7 (960) 893 0200', NULL, '$2y$10$9OsG9bz8ukTroNFU7PhHxOAYOXM.vQPex6AEVOQZy8Znhk6SPKQDq', NULL, '2022-12-09 12:56:43', '2022-12-09 12:56:43'),
(430, 'Филимонов', 'Василий', 'Ильич', '2016-11-03', NULL, NULL, NULL, NULL, NULL, '2022-12-09 13:14:29', '2022-12-09 13:14:29'),
(431, 'Шарапова', 'Юлия', 'Валерьевна', '1988-10-13', 'sharapovajulia34@gmail.com', '+7 (909) 392 9469', NULL, '$2y$10$zDII/37Z4JyZWo1dxhhv..WdIStWF2mBu8iI0OSnaSsG8LnHRgAXG', NULL, '2022-12-09 14:13:10', '2022-12-09 14:13:10'),
(432, 'Шарапов', 'Федор', 'Дмитриевич', '2017-03-09', NULL, NULL, NULL, NULL, NULL, '2022-12-10 03:17:51', '2022-12-10 03:17:51'),
(433, 'Шарапов', 'Егор', 'Дмитриевич', '2015-04-09', NULL, NULL, NULL, NULL, NULL, '2022-12-10 03:21:28', '2022-12-10 03:21:28'),
(434, 'Соболева', 'Марья', 'Алексеевна', '2011-07-08', NULL, NULL, NULL, NULL, NULL, '2022-12-11 03:17:27', '2022-12-11 03:17:27'),
(435, 'Фролов', 'Петр', 'Сергеевич', '1987-03-10', 'Petr.frolov.1987@mail.ru', '+7 (937) 729 7229', NULL, '$2y$10$9328yOv0BMzx2r00UvDmDuE9PZFlBtvtZCQRnyStAM7f42SRNQPP6', NULL, '2022-12-11 13:37:17', '2022-12-11 13:37:17'),
(436, 'Рыбенец', 'Татьяна', 'Николаевна', '1981-06-05', 'tatjana_rybenets@mail.ru', '+7 (927) 523 2773', NULL, '$2y$10$K88SFYCNj1POdVpoFQJARezx/0vG/7LInt0CjwCG4G2NOdqv4hWOW', NULL, '2022-12-11 14:04:46', '2022-12-11 14:04:46'),
(437, 'Фролова', 'Елизавета', 'Петровна', '2011-01-30', NULL, NULL, NULL, NULL, NULL, '2022-12-11 14:06:06', '2022-12-11 14:06:06'),
(438, 'Фролова', 'Анастасия', 'Петровна', '2015-12-21', NULL, NULL, NULL, NULL, NULL, '2022-12-11 14:07:36', '2022-12-11 14:07:36'),
(439, 'Рыбенец', 'Степан', 'Александрович', '2009-10-23', NULL, NULL, NULL, NULL, NULL, '2022-12-11 14:42:19', '2022-12-11 14:42:19'),
(440, 'Батарова', 'Евгения', 'Вадимовна', '1986-03-20', 'evg99443479@yandex.ru', '+7 (937) 699 7279', NULL, '$2y$10$IUcDYWE/wVupfigM6hXMgO.1.3fo0JcHh3eazbVRpY4ilXbD9kTnK', 'N8a3t1r1Fl0c4AoMUV4PuJIxFOMKRVDhQXmxXSDK90f9wcmKQf50r7AT1FMU', '2022-12-12 07:07:22', '2022-12-13 08:05:15'),
(441, 'Макаров', 'Федор', 'Валерьевич', '1972-08-06', 'sf.makarova@yandex.ru', '+7 (937) 537 0035', NULL, '$2y$10$hEmpCgG4hSwHIh5qrZ.6L.js5xLiNfIGT/yhLg40fWY8BZWJEAab2', NULL, '2022-12-12 08:08:34', '2022-12-12 08:08:34'),
(442, 'Макаров', 'Максим', 'Федорович', '2010-09-28', NULL, NULL, NULL, NULL, NULL, '2022-12-12 08:14:19', '2022-12-12 08:14:19'),
(444, 'Батаров', 'Александр', 'Петрович', '2011-08-08', NULL, NULL, NULL, NULL, NULL, '2022-12-12 08:49:54', '2022-12-12 08:49:54'),
(445, 'Вертепова', 'Ирина', 'Александровна', '1980-08-30', 'irinka30081980@gmail.com', '+7 (903) 371 5690', NULL, '$2y$10$DUEbfjaIsExMsZ.X57c7R.qdR9Led0Bj6Wdqlzueks52Ty3.rd/j6', NULL, '2022-12-12 09:01:37', '2022-12-12 09:01:37'),
(446, 'Вертепова', 'Александра', 'Денисовна', '2014-02-01', NULL, NULL, NULL, NULL, NULL, '2022-12-12 09:08:36', '2022-12-12 09:08:36'),
(447, 'Вертепова', 'Арина', 'Денисовна', '2014-02-01', NULL, NULL, NULL, NULL, NULL, '2022-12-12 09:10:49', '2022-12-12 09:10:49'),
(448, 'Сорокодумова', 'Анастасия', 'Влалимировна', '1983-05-11', 'Magix80@mail.ru', '+7 (905) 338 8478', NULL, '$2y$10$w4Yc9lazechUVh5fU2CqzulNreCU5E1zvHK0pxzwTxQDAUlYLy3xe', NULL, '2022-12-12 10:30:27', '2022-12-12 10:30:27'),
(449, 'Сорокодумов', 'Олег', 'Максимович', '2012-04-25', NULL, NULL, NULL, NULL, NULL, '2022-12-12 10:31:32', '2022-12-12 10:31:32'),
(450, 'Шахбанова', 'Тамила', 'Мугутдиновна', '1992-01-14', 'schahbanovatamila@yandex.ru', '+7 (988) 010 8051', NULL, '$2y$10$Z27n07TmfM0fi36hxDM2HOKh0w/CuHApEMo20jiAM3gDggP.ZcwuK', '5TaUJhZiqkG1YIOvQww54pC85jduQfN0VpLJf0jUbY7WLe95P2DKQM1rooRG', '2022-12-12 10:47:06', '2022-12-14 16:54:18'),
(451, 'Чумакова', 'Аделина', 'Вячеславовна', '2011-09-21', NULL, NULL, NULL, NULL, NULL, '2022-12-12 11:01:23', '2022-12-12 11:01:23'),
(452, 'Рябов', 'Михаил', 'Николаевич', '2015-03-19', NULL, NULL, NULL, NULL, NULL, '2022-12-12 12:35:10', '2022-12-12 12:35:10'),
(453, 'Рябова', 'Елизавета', 'Николаевна', '2011-12-20', NULL, NULL, NULL, NULL, NULL, '2022-12-12 12:37:02', '2022-12-12 12:37:02'),
(454, 'Шепелева', 'Елизавета', 'Павловна', '1991-10-18', 'lendolmatova@yandex.ru', '+7 (961) 662 3333', NULL, '$2y$10$RFsilRJ6oqN8byIFkNo/MOC4vzDvSRJtmmi6djIxfjClodMf6reRa', NULL, '2022-12-12 13:06:29', '2022-12-12 13:06:29'),
(455, 'Шепелева', 'Милана', 'Станиславовна', '2015-05-08', NULL, NULL, NULL, NULL, NULL, '2022-12-12 13:08:39', '2022-12-12 13:08:39'),
(456, 'Камышанова', 'Татьяна', 'Сергеевна', '1985-06-26', 'tatkam1985@yandex.ru', '+7 (927) 522 6976', NULL, '$2y$10$4pN4GZykBRhqlljcdx4PLejoEL153mBryCx9t.UunFEcmSqMPxjEK', NULL, '2022-12-12 13:40:27', '2022-12-12 13:40:27'),
(457, 'Камышанов', 'Георгий', 'Сергеевич', '2014-07-10', NULL, NULL, NULL, NULL, NULL, '2022-12-12 13:45:17', '2022-12-12 13:45:17'),
(458, 'Мкртчян', 'Ани', 'Тиграновна', '1989-05-04', 'ani@mail.ru', '+8 (917) 644 3647', NULL, '$2y$10$m6CMgL3YLL2H48H7eIWBRuSxfloHyJc9iXYWCsZpFQky3OCJ/Y/VC', NULL, '2022-12-12 14:32:27', '2022-12-12 14:32:27'),
(459, 'Дегтярёва', 'Анна', 'Рашидовна', '1988-10-17', 'anya.degtyareva2017@yandex.ru', '+7 (904) 754 1887', NULL, '$2y$10$rGxwvPl7J/mBhVGxhyL7cug8fJbppODAftMHIKBUmC8vTXoqsMxT.', NULL, '2022-12-12 14:54:22', '2022-12-12 14:54:22'),
(460, 'Дегтярёва', 'Эвелина', 'Сергеевна', '2011-12-08', NULL, NULL, NULL, NULL, NULL, '2022-12-12 15:02:03', '2022-12-12 15:02:03'),
(461, 'Житникова', 'Евгения', 'Викторовна', '1985-03-20', 'krivenkova_e_w@mail.ru', '+7 (903) 371 2133', NULL, '$2y$10$fIBE0c9J.j8pFi7IiqjZc.0LAT5WTCmIEiGTu13gl.8GOWHucxpnm', NULL, '2022-12-12 15:18:38', '2022-12-12 15:18:38'),
(462, 'Житников', 'Максим', 'Евгеньевич', '2013-05-20', NULL, NULL, NULL, NULL, NULL, '2022-12-12 15:26:04', '2022-12-12 15:26:04'),
(463, 'Дудкина', 'Наталья', 'Владимировна', '1978-04-13', 'si8227965@gmail.com', '+7 (917) 845 2865', NULL, '$2y$10$IYiD1drKTx5GqK0Xb9v79uNpSTnx6Uc4ftRwOWb9ncbOqvqKE.7Wm', NULL, '2022-12-12 16:10:03', '2022-12-12 16:10:03'),
(464, 'Столбовая', 'Татьяна', 'Александровна', '1986-10-12', 'stolbovaya@icloud.com', '+7 (905) 398 3716', NULL, '$2y$10$vWIhFmiKfhuaZ0ROTZ2mHuJ9/ozgg7jysrL31aoBqYzZ1lG7fHDa2', NULL, '2022-12-13 01:19:54', '2022-12-13 01:19:54'),
(465, 'Воронин', 'Роман', 'Сергеевич', '2010-05-21', NULL, NULL, NULL, NULL, NULL, '2022-12-13 02:13:30', '2022-12-13 02:13:30'),
(466, 'Здор', 'Александр', 'Михайлович', '2013-09-20', NULL, NULL, NULL, NULL, NULL, '2022-12-13 04:58:07', '2022-12-13 04:58:07'),
(467, 'Лопаткова', 'Яна', 'Александровна', '1976-02-05', 'Jana76@list.ru', '+7 (987) 657 9333', NULL, '$2y$10$h9lTNwF.F4vn3pCQKoAN2.EJ.Mvm8UJp1HisPKtlfYoP7DjPTD8K6', NULL, '2022-12-13 05:46:36', '2022-12-13 05:46:36'),
(468, 'Кириллова', 'Елена', 'Валерьевна', '1986-06-26', 'LeopardElena@yandex.ru', '+7 (961) 692 7075', NULL, '$2y$10$jbyADSNlbl28zluefAbW8ehwgQEWCytF5I.b2/vo8/ArQRXHYLyPO', NULL, '2022-12-13 05:54:03', '2022-12-13 05:54:03'),
(469, 'Вирченко', 'Екатерина', 'Робертовна', '2014-06-20', NULL, NULL, NULL, NULL, NULL, '2022-12-13 05:57:00', '2022-12-13 05:57:00'),
(470, 'Дудкин', 'Даниил', 'Анатольевич', '2011-12-22', NULL, NULL, NULL, NULL, NULL, '2022-12-13 06:27:36', '2022-12-13 06:27:36'),
(471, 'Кокушина', 'Анна', 'Владимировна', '1993-01-21', 'a.kokushina@bk.ru', '+7 (988) 014 8361', NULL, '$2y$10$ZKLEmBHvqFdZHyjmQIWg0O.vUehDtOqN7Y68i7Rn/p.cXhSC9uyuO', 'cESYaPYe8SVxxhW1O72DYSlWs3FfMJsROVrxZv7t9H87PtnwZUxA7nYhZ9fU', '2022-12-13 07:33:51', '2022-12-13 07:40:13'),
(473, 'Аракчеева', 'Людмила', 'Геннадьевна', '1985-02-24', 'tslg@mail.ru', '+7 (960) 887 1770', NULL, '$2y$10$DTXjDKMjw5qODkdhBsW2F.DdtVzwydiG1peLJG4OglcrElk7IJzNG', NULL, '2022-12-13 08:13:09', '2022-12-13 08:13:09'),
(474, 'Аракчеев', 'Кирилл', 'Николаевич', '2013-04-29', NULL, NULL, NULL, NULL, NULL, '2022-12-13 08:20:35', '2022-12-13 08:20:35'),
(475, 'Иванова', 'Татьяна', 'Васильевна', '1987-07-02', 'tvfetisova@yandex.ru', '+7 (917) 846 0481', NULL, '$2y$10$6eqqUuXny.Dy5FIxmxSynuvJ5Z/WDOdLDMsWc69NofF7HLh79dEp2', NULL, '2022-12-13 13:39:56', '2022-12-13 13:39:56'),
(476, 'Иванов', 'Степан', 'Ильич', '2012-12-09', NULL, NULL, NULL, NULL, NULL, '2022-12-13 13:42:08', '2022-12-13 13:42:08'),
(477, 'Гузенко', 'Татьяна', 'Евгеньевна', '1986-04-11', 'tanushkagus@mail.ru', '+7 (906) 171 5722', NULL, '$2y$10$kCxVCq2cLqzyOmWxipTU9OuRhkTQrVbt8tmBjyBpHcMD.8f4iXQIG', NULL, '2022-12-13 14:03:25', '2022-12-13 14:03:25'),
(478, 'Гузенко', 'Роман', 'Алексеевич', '2011-01-26', NULL, NULL, NULL, NULL, NULL, '2022-12-13 14:08:51', '2022-12-13 14:08:51'),
(479, 'Мещерякова', 'Елена', 'Николаевна', '1982-06-24', 'a_rose@bk.ru', '+7 (927) 536 3584', NULL, '$2y$10$LXBgcaH0IZyMLz/nQ2wrielFasRe0fOWWeuPyjSg4btiYN6N3As3a', NULL, '2022-12-13 14:17:14', '2022-12-13 14:17:14'),
(481, 'Решетникова', 'Татьяна', 'Васильевна', '1978-10-14', 'tatyana.reshetnikova78@mail.ru', '+7 (961) 658 7984', NULL, '$2y$10$LtvOzcg5Muk03anNvs9uTeoT4G/c75FUT0iCAseRBSxrFNCQIx0E2', NULL, '2022-12-13 15:11:52', '2022-12-13 15:11:52'),
(482, 'Решетникова', 'Светлана', 'Андреевна', '2010-03-17', NULL, NULL, NULL, NULL, NULL, '2022-12-13 15:14:25', '2022-12-13 15:14:25'),
(483, 'Барабанова', 'Елена', 'Сулейбановна', '1980-10-19', 'elenabarabanova80@yandex.ru', '+7 (927) 529 9220', NULL, '$2y$10$vDrnTtcpKqdsLqah1klK.O1BakDDdWAyF/xMIgE.Pci2r910sJpTy', NULL, '2022-12-13 15:41:35', '2022-12-13 15:41:35'),
(484, 'Барабанов', 'Дмитрий', 'Евгеньевич', '2013-03-18', NULL, NULL, NULL, NULL, NULL, '2022-12-13 15:44:01', '2022-12-13 15:44:01'),
(485, 'Мещеряков', 'Артём', 'Вячеславович', '2011-12-13', NULL, NULL, NULL, NULL, NULL, '2022-12-13 15:56:24', '2022-12-13 15:56:24'),
(486, 'Бойко', 'Евгения', 'Юрьевна', '1990-06-13', 'boiko.misha2015@yandex.ru', '+7 (903) 427 7510', NULL, '$2y$10$gbEUttKscx2kKeM5NFKYcu8QuG0PqgbnfW.OleYeGZUhwE62Fp.Sq', NULL, '2022-12-14 06:06:34', '2022-12-14 06:06:34'),
(487, 'Мосоловский', 'Александр', 'Станиславович', '1981-07-11', 'amosolovskiy@yandex.ru', '+7 (902) 651 0000', NULL, '$2y$10$CPqAQYwSMVdxBdyWDa42uusu6zBL8INv2h/jaa.1gjA.5yyqSt20i', NULL, '2022-12-14 06:36:41', '2022-12-14 06:36:41'),
(488, 'Мосоловская', 'Маргарита', 'Александровна', '2010-11-13', NULL, NULL, NULL, NULL, NULL, '2022-12-14 06:40:26', '2022-12-14 06:40:26'),
(489, 'Губанова', 'Полина', 'Сергеевна', '1988-01-19', 'polina8820@ya.ru', '+7 (917) 720 5977', NULL, '$2y$10$GNo0kkrrbZJYIWwhlmqHwuY6ewxLyoi9HnueWrIqAvXyv33zeInKC', NULL, '2022-12-14 06:51:56', '2022-12-14 06:51:56'),
(490, 'Иващенко', 'Ульяна', 'Геннадьевна', '1982-11-09', 'b7512778@gmail.com', '+7 (961) 690 8670', NULL, '$2y$10$auSYmFVlkZX1YY.TJRjrwukb25Ro5KUlpgQN.P4mUG8Z0v/PH2Yj6', NULL, '2022-12-14 07:06:51', '2022-12-14 07:06:51'),
(491, 'Бойко', 'Михаил', 'Александрович', '1982-10-28', 'mihailbojko038@gmail.ru', '+7 (991) 362 6547', NULL, '$2y$10$4Bz5Ps5p56SKtmeL1MX0keWjp1AgEeX6Q4nX48zs8f1n5HCzltzLy', NULL, '2022-12-14 09:24:52', '2022-12-14 09:24:52'),
(492, 'Бойко', 'Муслим', 'Михайлович', '2010-10-04', NULL, NULL, NULL, NULL, NULL, '2022-12-14 09:28:39', '2022-12-14 09:28:39'),
(493, 'Иващенко', 'Богдан', 'Денисович', '2008-09-27', NULL, NULL, NULL, NULL, NULL, '2022-12-14 10:20:31', '2022-12-14 10:20:31'),
(494, 'Горин', 'Александр', 'Станиславович', '1976-03-24', 'baza_55@mail.ru', '+7 (902) 361 6767', NULL, '$2y$10$VH.CuBhX2qj0LgZF9Ugf2.Lbk3l0YiH/uyKNv5yRcxnqDWcby7QzK', NULL, '2022-12-14 11:24:33', '2022-12-14 11:24:33'),
(495, 'Кокушин', 'Артём', 'Дмитриевич', '2013-12-13', NULL, NULL, NULL, NULL, NULL, '2022-12-14 11:27:08', '2022-12-14 11:27:08'),
(496, 'Горин', 'Филип', 'Александрович', '2012-07-03', NULL, NULL, NULL, NULL, NULL, '2022-12-14 11:27:38', '2022-12-14 11:27:38'),
(497, 'Губанов', 'Игнат', 'Михайлович', '2011-09-12', NULL, NULL, NULL, NULL, NULL, '2022-12-14 13:14:43', '2022-12-14 13:14:43'),
(498, 'Попова', 'Юлия', 'Павловна', '1983-12-17', 'Calashnikova.iuliya2010@yandex.ru', '+7 (904) 777 6416', NULL, '$2y$10$lJl2kmLDM4eifw/1l/mKbuZEkP0s1wztDYuQW8JCVq2Ew.3ZryK7e', NULL, '2022-12-14 13:31:45', '2022-12-14 13:31:45'),
(499, 'Попов', 'Владислав', 'Евгеньевич', '2011-04-13', NULL, NULL, NULL, NULL, NULL, '2022-12-14 13:44:07', '2022-12-14 13:44:07'),
(500, 'Арутюнян', 'Карен', 'Генрикович', '1988-08-09', 'animkrtchuan@icloud.com', '+7 (988) 027 0307', NULL, '$2y$10$bn1NWljlWaDOxZRHe8rWretWex8CzoVGcyavienKdsaSZGS2PotFq', NULL, '2022-12-14 14:05:27', '2022-12-14 14:05:27'),
(501, 'Арутюнян', 'Ален', 'Каренович', '2014-09-25', NULL, NULL, NULL, NULL, NULL, '2022-12-14 14:14:55', '2022-12-14 14:14:55'),
(502, 'Арутюнян', 'Ален', 'Каренович', '2014-09-14', NULL, NULL, NULL, NULL, NULL, '2022-12-14 14:20:16', '2022-12-14 14:20:16'),
(503, 'Бережная', 'Елена', 'Владимировна', '1983-01-17', 'bereznaaelena814@gmail.com', '+7 (927) 537 3334', NULL, '$2y$10$89Mw5s4msIoNZxWybpJOLuL8ZGozoHjuQcr6QXuzL8G3XSp/tjscS', NULL, '2022-12-14 14:43:55', '2022-12-14 14:43:55'),
(504, 'Бережной', 'Кирилл', 'Денисович', '2008-05-27', NULL, NULL, NULL, NULL, NULL, '2022-12-14 15:00:28', '2022-12-14 15:00:28'),
(505, 'Коростелева', 'Рена', 'Хачатуровна', '1965-02-06', 'rena6565@mail.ru', '+7 (909) 394 0330', NULL, '$2y$10$RLj.7S09QGF0SWI3Zba/Aubdncou2tiqEj9M7i516KxGjLYnPhb3i', NULL, '2022-12-14 15:12:10', '2022-12-14 15:12:10'),
(506, 'Алиев', 'Богдан', 'Назарович', '2007-02-17', NULL, NULL, NULL, NULL, NULL, '2022-12-14 15:17:02', '2022-12-14 15:17:02'),
(507, 'Шахбанов', 'Арсен', 'Максимович', '2013-05-25', NULL, NULL, NULL, NULL, NULL, '2022-12-14 17:00:29', '2022-12-14 17:00:29'),
(508, 'Кириллова', 'Полина', 'Андреевна', '2015-11-16', NULL, NULL, NULL, NULL, NULL, '2022-12-15 07:32:40', '2022-12-15 07:32:40'),
(509, 'Вострикова', 'Ирина', 'Игоревна', '1988-09-02', 'sewira@ya.ru', '+7 (902) 385 2756', NULL, '$2y$10$SM0IBQaaGhJ.36FLJF1T5eugOjzLd7R4OWsp1a33b7EvgTtgToBHK', NULL, '2022-12-15 08:06:53', '2022-12-15 08:06:53'),
(510, 'Востриков', 'Григорий', 'Александрович', '2011-10-18', NULL, NULL, NULL, NULL, NULL, '2022-12-15 08:11:00', '2022-12-15 08:11:00'),
(511, 'Кичкин', 'Владимир', 'Вячеславович', '2011-08-11', NULL, NULL, NULL, NULL, NULL, '2022-12-15 10:37:00', '2022-12-15 10:37:00'),
(512, 'Таран', 'Даниил', 'Максимович', '2014-10-22', NULL, NULL, NULL, NULL, NULL, '2022-12-15 10:40:21', '2022-12-15 10:40:21'),
(513, 'Мамедова', 'Рамида', 'Абилгасан Кызы', '1982-09-08', 'ramidamustafaeva@gmail.com', '+7 (927) 254 3223', NULL, '$2y$10$taMWuDPc6uZ5HNM8x34Po.YSduSE3dkAHXutViNUYnpQzVMxJMnE2', NULL, '2022-12-15 16:44:46', '2022-12-15 16:44:46'),
(514, 'Мустафаева', 'Айсель', 'Ягубовна', '2011-05-23', NULL, NULL, NULL, NULL, NULL, '2022-12-15 17:04:46', '2022-12-15 17:04:46'),
(515, 'Щербаков', 'Алексей', 'Алексеевич', '2007-03-25', 'lutovckachmo@gmail.com', '+7 (905) 393 6812', NULL, '$2y$10$ld.mjyZHliOMGyveGQ.Dc.HlbW8Q0XYNq/PnsE3mzd5dkhagoHOPG', NULL, '2022-12-16 08:28:38', '2022-12-16 08:28:38'),
(516, 'Калачёв', 'Владимир', 'Александрович', '2008-08-15', 'kalacevvladimir212@gmail.com', '+7 (961) 696 5800', NULL, '$2y$10$kqJ.G6A5adXJ8OpnP3uHmOVjEiPNNJS.fdbpiFx3zpLTxUqZSPU26', NULL, '2022-12-16 08:33:31', '2022-12-16 08:33:31'),
(517, 'Корюкина', 'Юлия', 'Романовна', '2003-07-21', 'korukina03@mail.ru', '+7 (904) 750 1236', NULL, '$2y$10$gCsUsfL71XUMT8Kq7box0eVfOt1K8n1JMHSTxHndeF60pLQsaPDvC', 'qWOqtl2lr4bQps0Ul7DjP8g3meGi1pKW7lFM28TW0lklcYafUjyBBWWirSJ0', '2022-12-16 08:50:36', '2022-12-18 08:38:19'),
(518, 'Маркелова', 'Екатерина', 'Геннадьевна', '1989-04-13', 'markelovakg@gmail.com', '+7 (996) 288 1636', NULL, '$2y$10$o.fSd.cRRq1vWbAYTzE3OORGxLN0kkZflH00bGFmKBrDW1QWv9LeC', 'efgWGBYOFQRiKcPdmHsgeGdUK3EyHcwTXu5jwa8o9x3fy2POxJw62tSWj0mZ', '2022-12-17 09:00:17', '2022-12-17 09:09:00'),
(519, 'Маркелов', 'Даниил', 'Дмитриевич', '2011-01-27', NULL, NULL, NULL, NULL, NULL, '2022-12-17 10:39:15', '2022-12-17 10:39:15'),
(520, 'Трунова', 'Анна', 'Владимировна', '1989-12-30', 'annatrunova308@gmail.com', '+7 (988) 027 5572', NULL, '$2y$10$Y.y1tIuhgV7h7AktI4zsM.NoY2SGE30SDGs09dWoP8rf0xYKQLMOe', NULL, '2022-12-17 11:37:26', '2022-12-17 11:37:26'),
(521, 'Трунов', 'Сергей', 'Сергеевич', '2010-07-27', NULL, NULL, NULL, NULL, NULL, '2022-12-17 11:42:14', '2022-12-17 11:42:14'),
(522, 'Наход', 'Татьяна', 'Витальевна', '1988-08-13', 'tatyana_inochkin@mail.ru', '+7 (960) 891 9886', NULL, '$2y$10$yqnI4eO11EZdKiWaHk.6Le9MtxSztnbYzDJVdr/44T/pBNO/yHvpu', NULL, '2022-12-18 04:00:14', '2022-12-18 04:00:14'),
(523, 'Наход', 'Данила', 'Евгеньевич', '2013-05-23', NULL, NULL, NULL, NULL, NULL, '2022-12-18 04:16:22', '2022-12-18 04:16:22'),
(524, 'Шатилова', 'Наталья', 'Юрьевна', '1976-05-13', 'natali-shatilova2@mail.ru', '+7 (904) 754 1623', NULL, '$2y$10$kL0.rU4gPu4QDRIbvjOuCOL1TtugfPFNh3pzhwIr4Hp43tpzoSW0C', NULL, '2022-12-20 13:52:38', '2022-12-20 13:52:38'),
(525, 'Писарев', 'Роман', 'Александрович', '1989-02-18', 'pr@yandex.ru', '+7 (905) 392 4869', NULL, '$2y$10$BOk4Fz.miLcjvM4CgSd/6uury6e/5muRCLuW9UxxtR.rGn3Z2ww42', NULL, '2022-12-21 03:22:43', '2022-12-21 03:22:43');

-- --------------------------------------------------------

--
-- Структура таблицы `websockets_statistics_entries`
--
-- Создание: Дек 17 2022 г., 15:45
--

DROP TABLE IF EXISTS `websockets_statistics_entries`;
CREATE TABLE `websockets_statistics_entries` (
  `id` int(10) UNSIGNED NOT NULL,
  `app_id` varchar(255) COLLATE utf8mb4_unicode_ci NOT NULL,
  `peak_connection_count` int(11) NOT NULL,
  `websocket_message_count` int(11) NOT NULL,
  `api_message_count` int(11) NOT NULL,
  `created_at` timestamp NULL DEFAULT NULL,
  `updated_at` timestamp NULL DEFAULT NULL
) ENGINE=InnoDB DEFAULT CHARSET=utf8mb4 COLLATE=utf8mb4_unicode_ci;

-- --------------------------------------------------------

--
-- Структура таблицы `weight_categories`
--
-- Создание: Окт 26 2022 г., 07:53
--

DROP TABLE IF EXISTS `weight_categories`;
CREATE TABLE `weight_categories` (
  `id` bigint(20) UNSIGNED NOT NULL,
  `title` varchar(45) COLLATE utf8mb4_unicode_ci NOT NULL,
  `gender` varchar(255) COLLATE utf8mb4_unicode_ci NOT NULL,
  `weight_start` varchar(255) COLLATE utf8mb4_unicode_ci DEFAULT NULL,
  `weight_finish` varchar(255) COLLATE utf8mb4_unicode_ci DEFAULT NULL,
  `agecategory_id` bigint(20) UNSIGNED NOT NULL,
  `updated_at` timestamp NULL DEFAULT NULL,
  `created_at` timestamp NULL DEFAULT NULL
) ENGINE=InnoDB DEFAULT CHARSET=utf8mb4 COLLATE=utf8mb4_unicode_ci;

--
-- Дамп данных таблицы `weight_categories`
--

INSERT INTO `weight_categories` (`id`, `title`, `gender`, `weight_start`, `weight_finish`, `agecategory_id`, `updated_at`, `created_at`) VALUES
(1, 'до 45 кг.', '1', '30', '45.09', 4, NULL, NULL),
(2, 'до 48 кг.', '1', '45.1', '48.09', 4, NULL, NULL),
(3, 'до 51 кг.', '1', '48.1', '51.09', 4, NULL, NULL),
(4, 'до 55 кг.', '1', '51.1', '55.09', 4, NULL, NULL),
(5, 'до 59 кг.', '1', '55.1', '59.09', 4, NULL, NULL),
(6, 'до 63 кг.', '1', '59.1', '63.09', 4, NULL, NULL),
(7, 'до 68 кг.', '1', '63.1', '68.09', 4, NULL, NULL),
(8, 'до 73 кг.', '1', '68.1', '73.09', 4, NULL, NULL),
(9, 'до 78 кг.', '1', '73.1', '78.09', 4, NULL, NULL),
(10, 'св. 78 кг.', '1', '78.1', '200', 4, NULL, NULL),
(11, 'до 42 кг.', '2', '25', '42.09', 4, NULL, NULL),
(12, 'до 44 кг.', '2', '42.1', '44.09', 4, NULL, NULL),
(13, 'до 46 кг.', '2', '44.1', '46.09', 4, NULL, NULL),
(14, 'до 49 кг.', '2', '46.1', '49.09', 4, NULL, NULL),
(15, 'до 52 кг.', '2', '49.1', '52.09', 4, NULL, NULL),
(16, 'до 55 кг.', '2', '52.1', '55.09', 4, NULL, NULL),
(17, 'до 59 кг.', '2', '55.1', '59.09', 4, NULL, NULL),
(18, 'до 63 кг.', '2', '59.1', '63.09', 4, NULL, NULL),
(19, 'до 68 кг.', '2', '63.1', '68.09', 4, NULL, NULL),
(20, 'св. 68 кг.', '2', '68.1', '200', 4, NULL, NULL),
(21, 'до 33 кг.', '1', '20', '33.09', 3, NULL, NULL),
(22, 'до 37 кг.', '1', '33.1', '37.09', 3, NULL, NULL),
(23, 'до 41 кг.', '1', '37.1', '41.09', 3, NULL, NULL),
(24, 'до 45 кг.', '1', '41.1', '45.09', 3, NULL, NULL),
(25, 'до 49 кг.', '1', '45.1', '49.09', 3, NULL, NULL),
(26, 'до 53 кг.', '1', '49.1', '53.09', 3, NULL, NULL),
(27, 'до 57 кг.', '1', '53.1', '57.09', 3, NULL, NULL),
(28, 'до 61 кг.', '1', '57.1', '61.09', 3, NULL, NULL),
(29, 'до 65 кг.', '1', '61.1', '65.09', 3, NULL, NULL),
(30, 'св. 65 кг.', '1', '65.1', '200', 3, NULL, NULL),
(31, 'до 29 кг.', '2', '15', '29.09', 3, NULL, NULL),
(32, 'до 33 кг.', '2', '29.1', '33.09', 3, NULL, NULL),
(33, 'до 37 кг.', '2', '33.1', '37.09', 3, NULL, NULL),
(34, 'до 41 кг.', '2', '37.1', '41.09', 3, NULL, NULL),
(35, 'до 44 кг.', '2', '41.1', '44.09', 3, NULL, NULL),
(36, 'до 47 кг.', '2', '44.1', '47.09', 3, NULL, NULL),
(37, 'до 51 кг.', '2', '47.1', '51.09', 3, NULL, NULL),
(38, 'до 55 кг.', '2', '51.1', '55.09', 3, NULL, NULL),
(39, 'до 59 кг.', '2', '55.1', '59.09', 3, NULL, NULL),
(40, 'св. 59 кг.', '2', '59.1', '200', 3, NULL, NULL),
(41, 'до 27 кг.', '1', '15', '27.09', 2, NULL, NULL),
(42, 'до 30 кг.', '1', '27.1', '30.09', 2, NULL, NULL),
(43, 'до 33 кг.', '1', '30.1', '33.09', 2, NULL, NULL),
(44, 'до 36 кг.', '1', '33.1', '36.09', 2, NULL, NULL),
(45, 'до 40 кг.', '1', '36.1', '40.09', 2, NULL, NULL),
(46, 'до 44 кг.', '1', '40.1', '44.09', 2, NULL, NULL),
(47, 'до 48 кг.', '1', '44.1', '48.09', 2, NULL, NULL),
(48, 'до 52 кг.', '1', '48.1', '52.09', 2, NULL, NULL),
(49, 'до 57 кг.', '1', '52.1', '57.09', 2, NULL, NULL),
(50, 'св. 57 кг.', '1', '57.1', '200', 2, NULL, NULL),
(51, 'до 27 кг.', '2', '15', '27.09', 2, NULL, NULL),
(52, 'до 30 кг.', '2', '27.1', '30.09', 2, NULL, NULL),
(53, 'до 33 кг.', '2', '30.1', '33.09', 2, NULL, NULL),
(54, 'до 36 кг.', '2', '33.1', '36.09', 2, NULL, NULL),
(55, 'до 40 кг.', '2', '36.1', '40.09', 2, NULL, NULL),
(56, 'до 44 кг.', '2', '40.1', '44.09', 2, NULL, NULL),
(57, 'до 48 кг.', '2', '44.1', '48.09', 2, NULL, NULL),
(58, 'до 52 кг.', '2', '48.1', '52.09', 2, NULL, NULL),
(59, 'до 57 кг.', '2', '52.1', '57.09', 2, NULL, NULL),
(60, 'св. 57 кг.', '2', '57.1', '200', 2, NULL, NULL),
(61, 'до 24 кг.', '1', '15', '24.09', 1, NULL, NULL),
(62, 'до 26 кг.', '1', '24.1', '26.09', 1, NULL, NULL),
(63, 'до 28 кг.', '1', '26.1', '28.09', 1, NULL, NULL),
(64, 'до 30 кг.', '1', '28.1', '30.09', 1, NULL, NULL),
(65, 'до 32 кг.', '1', '30.1', '32.09', 1, NULL, NULL),
(66, 'до 34 кг.', '1', '32.1', '34.09', 1, NULL, NULL),
(67, 'до 37 кг.', '1', '34.1', '37.09', 1, NULL, NULL),
(68, 'до 41 кг.', '1', '37.1', '41.09', 1, NULL, NULL),
(69, 'до 45 кг.', '1', '41.1', '45.09', 1, NULL, NULL),
(70, 'св. 45 кг.', '1', '45.1', '200', 1, NULL, NULL),
(71, 'до 24 кг.', '2', '15', '24.09', 1, NULL, NULL),
(72, 'до 26 кг.', '2', '24.1', '26.09', 1, NULL, NULL),
(73, 'до 28 кг.', '2', '26.1', '28.09', 1, NULL, NULL),
(74, 'до 30 кг.', '2', '28.1', '30.09', 1, NULL, NULL),
(75, 'до 32 кг.', '2', '30.1', '32.09', 1, NULL, NULL),
(76, 'до 34 кг.', '2', '32.1', '34.09', 1, NULL, NULL),
(77, 'до 37 кг.', '2', '34.1', '37.09', 1, NULL, NULL),
(78, 'до 41 кг.', '2', '37.1', '41.09', 1, NULL, NULL),
(79, 'до 45 кг.', '2', '41.1', '45.09', 1, NULL, NULL),
(80, 'св. 45 кг.', '2', '45.1', '200', 1, NULL, NULL),
(81, 'до 54 кг.', '1', '45', '54.09', 5, NULL, NULL),
(82, 'до 58 кг.', '1', '54.1', '58.09', 5, NULL, NULL),
(83, 'до 63 кг.', '1', '58.1', '63.09', 5, NULL, NULL),
(84, 'до 68 кг.', '1', '63.1', '68.09', 5, NULL, NULL),
(85, 'до 74 кг.', '1', '68.1', '74.09', 5, NULL, NULL),
(86, 'до 80 кг.', '1', '74.1', '80.09', 5, NULL, NULL),
(87, 'до 87 кг.', '1', '80.1', '87.09', 5, NULL, NULL),
(88, 'св. 87 кг.', '1', '87.1', '200', 5, NULL, NULL),
(89, 'до 46 кг.', '2', '35', '46.09', 5, NULL, NULL),
(90, 'до 49 кг.', '2', '46.1', '49.09', 5, NULL, NULL),
(91, 'до 53 кг.', '2', '49.1', '53.09', 5, NULL, NULL),
(92, 'до 57 кг.', '2', '53.1', '57.09', 5, NULL, NULL),
(93, 'до 62 кг.', '2', '57.1', '62.09', 5, NULL, NULL),
(94, 'до 67 кг.', '2', '62.1', '67.09', 5, NULL, NULL),
(95, 'до 73 кг.', '2', '67.1', '73.09', 5, NULL, NULL),
(96, 'св. 73 кг.', '2', '73.1', '200', 5, NULL, NULL),
(97, 'до 54 кг.', '1', '45', '54.09', 6, NULL, NULL),
(98, 'до 58 кг.', '1', '54.1', '58.09', 6, NULL, NULL),
(99, 'до 63 кг.', '1', '58.1', '63.09', 6, NULL, NULL),
(100, 'до 68 кг.', '1', '63.1', '68.09', 6, NULL, NULL),
(101, 'до 74 кг.', '1', '68.1', '74.09', 6, NULL, NULL),
(102, 'до 80 кг.', '1', '74.1', '80.09', 6, NULL, NULL),
(103, 'до 87 кг.', '1', '80.1', '87.09', 6, NULL, NULL),
(104, 'св. 87 кг.', '1', '87.1', '200', 6, NULL, NULL),
(105, 'до 46 кг.', '2', '35', '46.09', 6, NULL, NULL),
(106, 'до 49 кг.', '2', '46.1', '49.09', 6, NULL, NULL),
(107, 'до 53 кг.', '2', '49.1', '53.09', 6, NULL, NULL),
(108, 'до 57 кг.', '2', '53.1', '57.09', 6, NULL, NULL),
(109, 'до 62 кг.', '2', '57.1', '62.09', 6, NULL, NULL),
(110, 'до 67 кг.', '2', '62.1', '67.09', 6, NULL, NULL),
(111, 'до 73 кг.', '2', '67.1', '73.09', 6, NULL, NULL),
(112, 'св. 73 кг.', '2', '73.1', '200', 6, NULL, NULL),
(113, 'Все', '1', '0', '100', 7, NULL, NULL),
(114, 'Все', '2', '0', '100', 7, NULL, NULL),
(115, 'Все', '1', '0', '100', 8, NULL, NULL),
(116, 'Все', '2', '0', '100', 8, NULL, NULL);

-- --------------------------------------------------------

--
-- Структура таблицы `work_places`
--
-- Создание: Сен 29 2022 г., 14:12
--

DROP TABLE IF EXISTS `work_places`;
CREATE TABLE `work_places` (
  `id` bigint(20) UNSIGNED NOT NULL,
  `position` varchar(256) COLLATE utf8mb4_unicode_ci NOT NULL,
  `organization_id` bigint(20) UNSIGNED NOT NULL,
  `created_at` timestamp NULL DEFAULT NULL,
  `updated_at` timestamp NULL DEFAULT NULL
) ENGINE=InnoDB DEFAULT CHARSET=utf8mb4 COLLATE=utf8mb4_unicode_ci;

--
-- Индексы сохранённых таблиц
--

--
-- Индексы таблицы `addresses`
--
ALTER TABLE `addresses`
  ADD PRIMARY KEY (`id`),
  ADD KEY `addresses_country_id_foreign` (`country_id`),
  ADD KEY `addresses_district_id_foreign` (`district_id`),
  ADD KEY `addresses_region_id_foreign` (`region_id`);

--
-- Индексы таблицы `address_user`
--
ALTER TABLE `address_user`
  ADD PRIMARY KEY (`id`),
  ADD KEY `address_user_user_id_foreign` (`user_id`),
  ADD KEY `address_user_address_id_foreign` (`address_id`);

--
-- Индексы таблицы `age_categories`
--
ALTER TABLE `age_categories`
  ADD PRIMARY KEY (`id`);

--
-- Индексы таблицы `athletes`
--
ALTER TABLE `athletes`
  ADD PRIMARY KEY (`id`),
  ADD KEY `athletes_user_id_foreign` (`user_id`),
  ADD KEY `athletes_studyplace_id_foreign` (`studyplace_id`),
  ADD KEY `athletes_passport_id_foreign` (`passport_id`),
  ADD KEY `athletes_birthcertificate_id_foreign` (`birthcertificate_id`),
  ADD KEY `athletes_snils_id_foreign` (`snils_id`),
  ADD KEY `athletes_medicalpolicy_id_foreign` (`medicalpolicy_id`);

--
-- Индексы таблицы `athlete_coach`
--
ALTER TABLE `athlete_coach`
  ADD PRIMARY KEY (`id`),
  ADD KEY `athlete_coach_athlete_id_foreign` (`athlete_id`),
  ADD KEY `athlete_coach_coach_id_foreign` (`coach_id`);

--
-- Индексы таблицы `athlete_department`
--
ALTER TABLE `athlete_department`
  ADD PRIMARY KEY (`id`),
  ADD KEY `athlete_department_athlete_id_foreign` (`athlete_id`),
  ADD KEY `athlete_department_department_id_foreign` (`department_id`);

--
-- Индексы таблицы `athlete_group`
--
ALTER TABLE `athlete_group`
  ADD PRIMARY KEY (`id`),
  ADD KEY `athlete_group_athlete_id_foreign` (`athlete_id`),
  ADD KEY `athlete_group_group_id_foreign` (`group_id`);

--
-- Индексы таблицы `athlete_parented`
--
ALTER TABLE `athlete_parented`
  ADD PRIMARY KEY (`id`),
  ADD KEY `athlete_parented_athlete_id_foreign` (`athlete_id`),
  ADD KEY `athlete_parented_parented_id_foreign` (`parented_id`);

--
-- Индексы таблицы `athlete_sportkval`
--
ALTER TABLE `athlete_sportkval`
  ADD PRIMARY KEY (`id`);

--
-- Индексы таблицы `athlete_tehkval`
--
ALTER TABLE `athlete_tehkval`
  ADD PRIMARY KEY (`id`);

--
-- Индексы таблицы `attestations`
--
ALTER TABLE `attestations`
  ADD PRIMARY KEY (`id`),
  ADD KEY `attestations_organization_id_foreign` (`organization_id`);

--
-- Индексы таблицы `attestation_results`
--
ALTER TABLE `attestation_results`
  ADD PRIMARY KEY (`id`),
  ADD KEY `attestation_results_athlete_id_foreign` (`athlete_id`),
  ADD KEY `attestation_results_tqtitle_id_foreign` (`tehkval_id`);

--
-- Индексы таблицы `birth_certificates`
--
ALTER TABLE `birth_certificates`
  ADD PRIMARY KEY (`id`);

--
-- Индексы таблицы `coaches`
--
ALTER TABLE `coaches`
  ADD PRIMARY KEY (`id`),
  ADD KEY `coaches_user_id_foreign` (`user_id`);

--
-- Индексы таблицы `competitions`
--
ALTER TABLE `competitions`
  ADD PRIMARY KEY (`id`),
  ADD KEY `competitions_country_id_foreign` (`country_id`),
  ADD KEY `competitions_district_id_foreign` (`district_id`),
  ADD KEY `competitions_region_id_foreign` (`region_id`);

--
-- Индексы таблицы `competitions_ranks_points`
--
ALTER TABLE `competitions_ranks_points`
  ADD PRIMARY KEY (`id`),
  ADD KEY `competitions_ranks_points_compranktitle_id_foreign` (`compranktitle_id`),
  ADD KEY `competitions_ranks_points_age_id_foreign` (`age_id`);

--
-- Индексы таблицы `competitions_ranks_titles`
--
ALTER TABLE `competitions_ranks_titles`
  ADD PRIMARY KEY (`id`);

--
-- Индексы таблицы `competitions_results`
--
ALTER TABLE `competitions_results`
  ADD PRIMARY KEY (`id`),
  ADD KEY `competitions_results_athlete_id_foreign` (`athlete_id`),
  ADD KEY `competitions_results_competition_id_foreign` (`competition_id`),
  ADD KEY `competitions_results_weight_id_foreign` (`weight_id`),
  ADD KEY `competitions_results_rankpoint_id_foreign` (`rankpoint_id`),
  ADD KEY `competitions_results_age_id_foreign` (`age_id`);

--
-- Индексы таблицы `competition_agecategory`
--
ALTER TABLE `competition_agecategory`
  ADD PRIMARY KEY (`id`);

--
-- Индексы таблицы `competition_competitor`
--
ALTER TABLE `competition_competitor`
  ADD PRIMARY KEY (`id`);

--
-- Индексы таблицы `competition_organization`
--
ALTER TABLE `competition_organization`
  ADD PRIMARY KEY (`id`);

--
-- Индексы таблицы `competitors`
--
ALTER TABLE `competitors`
  ADD PRIMARY KEY (`id`),
  ADD KEY `competitors_agecategory_id_foreign` (`agecategory_id`),
  ADD KEY `competitors_weightcategory_id_foreign` (`weightcategory_id`),
  ADD KEY `competitors_tehkvalgroup_id_foreign` (`tehkvalgroup_id`),
  ADD KEY `competitors_athlete_id_foreign` (`athlete_id`);

--
-- Индексы таблицы `countries`
--
ALTER TABLE `countries`
  ADD PRIMARY KEY (`id`);

--
-- Индексы таблицы `decrees`
--
ALTER TABLE `decrees`
  ADD PRIMARY KEY (`id`),
  ADD KEY `decrees_organization_id_foreign` (`organization_id`),
  ADD KEY `decrees_athlete_id_foreign` (`athlete_id`),
  ADD KEY `decrees_coach_id_foreign` (`coach_id`);

--
-- Индексы таблицы `departments`
--
ALTER TABLE `departments`
  ADD PRIMARY KEY (`id`),
  ADD KEY `departments_organization_id_foreign` (`organization_id`);

--
-- Индексы таблицы `districts`
--
ALTER TABLE `districts`
  ADD PRIMARY KEY (`id`);

--
-- Индексы таблицы `failed_jobs`
--
ALTER TABLE `failed_jobs`
  ADD PRIMARY KEY (`id`),
  ADD UNIQUE KEY `failed_jobs_uuid_unique` (`uuid`);

--
-- Индексы таблицы `grades`
--
ALTER TABLE `grades`
  ADD PRIMARY KEY (`id`);

--
-- Индексы таблицы `groups`
--
ALTER TABLE `groups`
  ADD PRIMARY KEY (`id`),
  ADD KEY `groups_departments_id_foreign` (`departments_id`),
  ADD KEY `groups_kindsofsports_id_foreign` (`kindsofsports_id`);

--
-- Индексы таблицы `insurances`
--
ALTER TABLE `insurances`
  ADD PRIMARY KEY (`id`),
  ADD KEY `insurances_athlete_id_foreign` (`athlete_id`);

--
-- Индексы таблицы `kinds_of_sports`
--
ALTER TABLE `kinds_of_sports`
  ADD PRIMARY KEY (`id`);

--
-- Индексы таблицы `licenses`
--
ALTER TABLE `licenses`
  ADD PRIMARY KEY (`id`),
  ADD KEY `licenses_athlete_id_foreign` (`athlete_id`),
  ADD KEY `licenses_organization_id_foreign` (`organization_id`);

--
-- Индексы таблицы `medical_inspections`
--
ALTER TABLE `medical_inspections`
  ADD PRIMARY KEY (`id`),
  ADD KEY `medical_inspections_athlete_id_foreign` (`athlete_id`),
  ADD KEY `medical_inspections_organization_id_foreign` (`organization_id`);

--
-- Индексы таблицы `medical_policies`
--
ALTER TABLE `medical_policies`
  ADD PRIMARY KEY (`id`);

--
-- Индексы таблицы `migrations`
--
ALTER TABLE `migrations`
  ADD PRIMARY KEY (`id`);

--
-- Индексы таблицы `organizations`
--
ALTER TABLE `organizations`
  ADD PRIMARY KEY (`id`);

--
-- Индексы таблицы `organization_user`
--
ALTER TABLE `organization_user`
  ADD PRIMARY KEY (`id`),
  ADD KEY `organization_user_organization_id_foreign` (`organization_id`),
  ADD KEY `organization_user_user_id_foreign` (`user_id`);

--
-- Индексы таблицы `parenteds`
--
ALTER TABLE `parenteds`
  ADD PRIMARY KEY (`id`),
  ADD KEY `parenteds_user_id_foreign` (`user_id`),
  ADD KEY `parenteds_workplace_id_foreign` (`workplace_id`),
  ADD KEY `parenteds_passport_id_foreign` (`passport_id`),
  ADD KEY `parenteds_snils_id_foreign` (`snils_id`);

--
-- Индексы таблицы `passports`
--
ALTER TABLE `passports`
  ADD PRIMARY KEY (`id`);

--
-- Индексы таблицы `password_resets`
--
ALTER TABLE `password_resets`
  ADD KEY `password_resets_email_index` (`email`);

--
-- Индексы таблицы `payments`
--
ALTER TABLE `payments`
  ADD PRIMARY KEY (`id`),
  ADD KEY `payments_paymenttitle_id_foreign` (`paymenttitle_id`);

--
-- Индексы таблицы `payments_titles`
--
ALTER TABLE `payments_titles`
  ADD PRIMARY KEY (`id`);

--
-- Индексы таблицы `personal_access_tokens`
--
ALTER TABLE `personal_access_tokens`
  ADD PRIMARY KEY (`id`),
  ADD UNIQUE KEY `personal_access_tokens_token_unique` (`token`),
  ADD KEY `personal_access_tokens_tokenable_type_tokenable_id_index` (`tokenable_type`,`tokenable_id`);

--
-- Индексы таблицы `referees`
--
ALTER TABLE `referees`
  ADD PRIMARY KEY (`id`),
  ADD KEY `referees_user_id_foreign` (`user_id`);

--
-- Индексы таблицы `regions`
--
ALTER TABLE `regions`
  ADD PRIMARY KEY (`id`);

--
-- Индексы таблицы `roles`
--
ALTER TABLE `roles`
  ADD PRIMARY KEY (`id`);

--
-- Индексы таблицы `role_user`
--
ALTER TABLE `role_user`
  ADD PRIMARY KEY (`id`),
  ADD KEY `role_user_role_id_foreign` (`role_id`),
  ADD KEY `role_user_user_id_foreign` (`user_id`);

--
-- Индексы таблицы `snils`
--
ALTER TABLE `snils`
  ADD PRIMARY KEY (`id`);

--
-- Индексы таблицы `sportkvals`
--
ALTER TABLE `sportkvals`
  ADD PRIMARY KEY (`id`);

--
-- Индексы таблицы `study_places`
--
ALTER TABLE `study_places`
  ADD PRIMARY KEY (`id`);

--
-- Индексы таблицы `system_codes`
--
ALTER TABLE `system_codes`
  ADD PRIMARY KEY (`id`);

--
-- Индексы таблицы `tehkvals`
--
ALTER TABLE `tehkvals`
  ADD PRIMARY KEY (`id`);

--
-- Индексы таблицы `tehkvals_groups`
--
ALTER TABLE `tehkvals_groups`
  ADD PRIMARY KEY (`id`),
  ADD KEY `tehkvals_groups_startgyp_id_foreign` (`startgyp_id`),
  ADD KEY `tehkvals_groups_finishgyp_id_foreign` (`finishgyp_id`),
  ADD KEY `tehkvals_groups_agecategory_id_foreign` (`agecategory_id`),
  ADD KEY `tehkvals_groups_competition_id_foreign` (`competition_id`);

--
-- Индексы таблицы `users`
--
ALTER TABLE `users`
  ADD PRIMARY KEY (`id`),
  ADD UNIQUE KEY `users_email_unique` (`email`),
  ADD UNIQUE KEY `users_phone_unique` (`phone`);

--
-- Индексы таблицы `websockets_statistics_entries`
--
ALTER TABLE `websockets_statistics_entries`
  ADD PRIMARY KEY (`id`);

--
-- Индексы таблицы `weight_categories`
--
ALTER TABLE `weight_categories`
  ADD PRIMARY KEY (`id`),
  ADD KEY `weight_categories_age_id_foreign` (`agecategory_id`);

--
-- Индексы таблицы `work_places`
--
ALTER TABLE `work_places`
  ADD PRIMARY KEY (`id`),
  ADD KEY `work_places_organization_id_foreign` (`organization_id`);

--
-- AUTO_INCREMENT для сохранённых таблиц
--

--
-- AUTO_INCREMENT для таблицы `addresses`
--
ALTER TABLE `addresses`
  MODIFY `id` bigint(20) UNSIGNED NOT NULL AUTO_INCREMENT, AUTO_INCREMENT=190;

--
-- AUTO_INCREMENT для таблицы `address_user`
--
ALTER TABLE `address_user`
  MODIFY `id` bigint(20) UNSIGNED NOT NULL AUTO_INCREMENT, AUTO_INCREMENT=190;

--
-- AUTO_INCREMENT для таблицы `age_categories`
--
ALTER TABLE `age_categories`
  MODIFY `id` bigint(20) UNSIGNED NOT NULL AUTO_INCREMENT, AUTO_INCREMENT=9;

--
-- AUTO_INCREMENT для таблицы `athletes`
--
ALTER TABLE `athletes`
  MODIFY `id` bigint(20) UNSIGNED NOT NULL AUTO_INCREMENT, AUTO_INCREMENT=249;

--
-- AUTO_INCREMENT для таблицы `athlete_coach`
--
ALTER TABLE `athlete_coach`
  MODIFY `id` bigint(20) UNSIGNED NOT NULL AUTO_INCREMENT, AUTO_INCREMENT=250;

--
-- AUTO_INCREMENT для таблицы `athlete_department`
--
ALTER TABLE `athlete_department`
  MODIFY `id` bigint(20) UNSIGNED NOT NULL AUTO_INCREMENT;

--
-- AUTO_INCREMENT для таблицы `athlete_group`
--
ALTER TABLE `athlete_group`
  MODIFY `id` bigint(20) UNSIGNED NOT NULL AUTO_INCREMENT;

--
-- AUTO_INCREMENT для таблицы `athlete_parented`
--
ALTER TABLE `athlete_parented`
  MODIFY `id` bigint(20) UNSIGNED NOT NULL AUTO_INCREMENT, AUTO_INCREMENT=248;

--
-- AUTO_INCREMENT для таблицы `athlete_sportkval`
--
ALTER TABLE `athlete_sportkval`
  MODIFY `id` bigint(20) UNSIGNED NOT NULL AUTO_INCREMENT, AUTO_INCREMENT=49;

--
-- AUTO_INCREMENT для таблицы `athlete_tehkval`
--
ALTER TABLE `athlete_tehkval`
  MODIFY `id` bigint(20) UNSIGNED NOT NULL AUTO_INCREMENT, AUTO_INCREMENT=329;

--
-- AUTO_INCREMENT для таблицы `attestations`
--
ALTER TABLE `attestations`
  MODIFY `id` bigint(20) UNSIGNED NOT NULL AUTO_INCREMENT;

--
-- AUTO_INCREMENT для таблицы `attestation_results`
--
ALTER TABLE `attestation_results`
  MODIFY `id` bigint(20) UNSIGNED NOT NULL AUTO_INCREMENT;

--
-- AUTO_INCREMENT для таблицы `birth_certificates`
--
ALTER TABLE `birth_certificates`
  MODIFY `id` bigint(20) UNSIGNED NOT NULL AUTO_INCREMENT, AUTO_INCREMENT=193;

--
-- AUTO_INCREMENT для таблицы `coaches`
--
ALTER TABLE `coaches`
  MODIFY `id` bigint(20) UNSIGNED NOT NULL AUTO_INCREMENT, AUTO_INCREMENT=15;

--
-- AUTO_INCREMENT для таблицы `competitions`
--
ALTER TABLE `competitions`
  MODIFY `id` bigint(20) UNSIGNED NOT NULL AUTO_INCREMENT, AUTO_INCREMENT=5;

--
-- AUTO_INCREMENT для таблицы `competitions_ranks_points`
--
ALTER TABLE `competitions_ranks_points`
  MODIFY `id` bigint(20) UNSIGNED NOT NULL AUTO_INCREMENT;

--
-- AUTO_INCREMENT для таблицы `competitions_ranks_titles`
--
ALTER TABLE `competitions_ranks_titles`
  MODIFY `id` bigint(20) UNSIGNED NOT NULL AUTO_INCREMENT, AUTO_INCREMENT=5;

--
-- AUTO_INCREMENT для таблицы `competitions_results`
--
ALTER TABLE `competitions_results`
  MODIFY `id` bigint(20) UNSIGNED NOT NULL AUTO_INCREMENT;

--
-- AUTO_INCREMENT для таблицы `competition_agecategory`
--
ALTER TABLE `competition_agecategory`
  MODIFY `id` bigint(20) UNSIGNED NOT NULL AUTO_INCREMENT, AUTO_INCREMENT=49;

--
-- AUTO_INCREMENT для таблицы `competition_competitor`
--
ALTER TABLE `competition_competitor`
  MODIFY `id` bigint(20) UNSIGNED NOT NULL AUTO_INCREMENT, AUTO_INCREMENT=221;

--
-- AUTO_INCREMENT для таблицы `competition_organization`
--
ALTER TABLE `competition_organization`
  MODIFY `id` bigint(20) UNSIGNED NOT NULL AUTO_INCREMENT, AUTO_INCREMENT=6;

--
-- AUTO_INCREMENT для таблицы `competitors`
--
ALTER TABLE `competitors`
  MODIFY `id` bigint(20) UNSIGNED NOT NULL AUTO_INCREMENT, AUTO_INCREMENT=221;

--
-- AUTO_INCREMENT для таблицы `countries`
--
ALTER TABLE `countries`
  MODIFY `id` bigint(20) UNSIGNED NOT NULL AUTO_INCREMENT, AUTO_INCREMENT=2;

--
-- AUTO_INCREMENT для таблицы `decrees`
--
ALTER TABLE `decrees`
  MODIFY `id` bigint(20) UNSIGNED NOT NULL AUTO_INCREMENT;

--
-- AUTO_INCREMENT для таблицы `departments`
--
ALTER TABLE `departments`
  MODIFY `id` bigint(20) UNSIGNED NOT NULL AUTO_INCREMENT;

--
-- AUTO_INCREMENT для таблицы `districts`
--
ALTER TABLE `districts`
  MODIFY `id` bigint(20) UNSIGNED NOT NULL AUTO_INCREMENT, AUTO_INCREMENT=9;

--
-- AUTO_INCREMENT для таблицы `failed_jobs`
--
ALTER TABLE `failed_jobs`
  MODIFY `id` bigint(20) UNSIGNED NOT NULL AUTO_INCREMENT;

--
-- AUTO_INCREMENT для таблицы `grades`
--
ALTER TABLE `grades`
  MODIFY `id` bigint(20) UNSIGNED NOT NULL AUTO_INCREMENT, AUTO_INCREMENT=5;

--
-- AUTO_INCREMENT для таблицы `groups`
--
ALTER TABLE `groups`
  MODIFY `id` bigint(20) UNSIGNED NOT NULL AUTO_INCREMENT;

--
-- AUTO_INCREMENT для таблицы `insurances`
--
ALTER TABLE `insurances`
  MODIFY `id` bigint(20) UNSIGNED NOT NULL AUTO_INCREMENT;

--
-- AUTO_INCREMENT для таблицы `kinds_of_sports`
--
ALTER TABLE `kinds_of_sports`
  MODIFY `id` bigint(20) UNSIGNED NOT NULL AUTO_INCREMENT;

--
-- AUTO_INCREMENT для таблицы `licenses`
--
ALTER TABLE `licenses`
  MODIFY `id` bigint(20) UNSIGNED NOT NULL AUTO_INCREMENT;

--
-- AUTO_INCREMENT для таблицы `medical_inspections`
--
ALTER TABLE `medical_inspections`
  MODIFY `id` bigint(20) UNSIGNED NOT NULL AUTO_INCREMENT;

--
-- AUTO_INCREMENT для таблицы `medical_policies`
--
ALTER TABLE `medical_policies`
  MODIFY `id` bigint(20) UNSIGNED NOT NULL AUTO_INCREMENT;

--
-- AUTO_INCREMENT для таблицы `migrations`
--
ALTER TABLE `migrations`
  MODIFY `id` int(10) UNSIGNED NOT NULL AUTO_INCREMENT, AUTO_INCREMENT=65;

--
-- AUTO_INCREMENT для таблицы `organizations`
--
ALTER TABLE `organizations`
  MODIFY `id` bigint(20) UNSIGNED NOT NULL AUTO_INCREMENT, AUTO_INCREMENT=3;

--
-- AUTO_INCREMENT для таблицы `organization_user`
--
ALTER TABLE `organization_user`
  MODIFY `id` bigint(20) UNSIGNED NOT NULL AUTO_INCREMENT, AUTO_INCREMENT=11;

--
-- AUTO_INCREMENT для таблицы `parenteds`
--
ALTER TABLE `parenteds`
  MODIFY `id` bigint(20) UNSIGNED NOT NULL AUTO_INCREMENT, AUTO_INCREMENT=291;

--
-- AUTO_INCREMENT для таблицы `passports`
--
ALTER TABLE `passports`
  MODIFY `id` bigint(20) UNSIGNED NOT NULL AUTO_INCREMENT, AUTO_INCREMENT=211;

--
-- AUTO_INCREMENT для таблицы `payments`
--
ALTER TABLE `payments`
  MODIFY `id` bigint(20) UNSIGNED NOT NULL AUTO_INCREMENT;

--
-- AUTO_INCREMENT для таблицы `payments_titles`
--
ALTER TABLE `payments_titles`
  MODIFY `id` bigint(20) UNSIGNED NOT NULL AUTO_INCREMENT;

--
-- AUTO_INCREMENT для таблицы `personal_access_tokens`
--
ALTER TABLE `personal_access_tokens`
  MODIFY `id` bigint(20) UNSIGNED NOT NULL AUTO_INCREMENT;

--
-- AUTO_INCREMENT для таблицы `referees`
--
ALTER TABLE `referees`
  MODIFY `id` bigint(20) UNSIGNED NOT NULL AUTO_INCREMENT, AUTO_INCREMENT=5;

--
-- AUTO_INCREMENT для таблицы `regions`
--
ALTER TABLE `regions`
  MODIFY `id` bigint(20) UNSIGNED NOT NULL AUTO_INCREMENT, AUTO_INCREMENT=86;

--
-- AUTO_INCREMENT для таблицы `roles`
--
ALTER TABLE `roles`
  MODIFY `id` bigint(20) UNSIGNED NOT NULL AUTO_INCREMENT, AUTO_INCREMENT=8;

--
-- AUTO_INCREMENT для таблицы `role_user`
--
ALTER TABLE `role_user`
  MODIFY `id` bigint(20) UNSIGNED NOT NULL AUTO_INCREMENT, AUTO_INCREMENT=556;

--
-- AUTO_INCREMENT для таблицы `snils`
--
ALTER TABLE `snils`
  MODIFY `id` bigint(20) UNSIGNED NOT NULL AUTO_INCREMENT;

--
-- AUTO_INCREMENT для таблицы `sportkvals`
--
ALTER TABLE `sportkvals`
  MODIFY `id` bigint(20) UNSIGNED NOT NULL AUTO_INCREMENT, AUTO_INCREMENT=11;

--
-- AUTO_INCREMENT для таблицы `study_places`
--
ALTER TABLE `study_places`
  MODIFY `id` bigint(20) UNSIGNED NOT NULL AUTO_INCREMENT, AUTO_INCREMENT=209;

--
-- AUTO_INCREMENT для таблицы `system_codes`
--
ALTER TABLE `system_codes`
  MODIFY `id` bigint(20) UNSIGNED NOT NULL AUTO_INCREMENT, AUTO_INCREMENT=2;

--
-- AUTO_INCREMENT для таблицы `tehkvals`
--
ALTER TABLE `tehkvals`
  MODIFY `id` bigint(20) UNSIGNED NOT NULL AUTO_INCREMENT, AUTO_INCREMENT=17;

--
-- AUTO_INCREMENT для таблицы `tehkvals_groups`
--
ALTER TABLE `tehkvals_groups`
  MODIFY `id` bigint(20) UNSIGNED NOT NULL AUTO_INCREMENT, AUTO_INCREMENT=47;

--
-- AUTO_INCREMENT для таблицы `users`
--
ALTER TABLE `users`
  MODIFY `id` bigint(20) UNSIGNED NOT NULL AUTO_INCREMENT, AUTO_INCREMENT=526;

--
-- AUTO_INCREMENT для таблицы `websockets_statistics_entries`
--
ALTER TABLE `websockets_statistics_entries`
  MODIFY `id` int(10) UNSIGNED NOT NULL AUTO_INCREMENT;

--
-- AUTO_INCREMENT для таблицы `weight_categories`
--
ALTER TABLE `weight_categories`
  MODIFY `id` bigint(20) UNSIGNED NOT NULL AUTO_INCREMENT, AUTO_INCREMENT=117;

--
-- AUTO_INCREMENT для таблицы `work_places`
--
ALTER TABLE `work_places`
  MODIFY `id` bigint(20) UNSIGNED NOT NULL AUTO_INCREMENT;

--
-- Ограничения внешнего ключа сохраненных таблиц
--

--
-- Ограничения внешнего ключа таблицы `addresses`
--
ALTER TABLE `addresses`
  ADD CONSTRAINT `addresses_country_id_foreign` FOREIGN KEY (`country_id`) REFERENCES `countries` (`id`),
  ADD CONSTRAINT `addresses_district_id_foreign` FOREIGN KEY (`district_id`) REFERENCES `districts` (`id`),
  ADD CONSTRAINT `addresses_region_id_foreign` FOREIGN KEY (`region_id`) REFERENCES `regions` (`id`);

--
-- Ограничения внешнего ключа таблицы `address_user`
--
ALTER TABLE `address_user`
  ADD CONSTRAINT `address_user_address_id_foreign` FOREIGN KEY (`address_id`) REFERENCES `addresses` (`id`),
  ADD CONSTRAINT `address_user_user_id_foreign` FOREIGN KEY (`user_id`) REFERENCES `users` (`id`);

--
-- Ограничения внешнего ключа таблицы `athletes`
--
ALTER TABLE `athletes`
  ADD CONSTRAINT `athletes_birthcertificate_id_foreign` FOREIGN KEY (`birthcertificate_id`) REFERENCES `birth_certificates` (`id`),
  ADD CONSTRAINT `athletes_medicalpolicy_id_foreign` FOREIGN KEY (`medicalpolicy_id`) REFERENCES `medical_policies` (`id`),
  ADD CONSTRAINT `athletes_passport_id_foreign` FOREIGN KEY (`passport_id`) REFERENCES `passports` (`id`),
  ADD CONSTRAINT `athletes_snils_id_foreign` FOREIGN KEY (`snils_id`) REFERENCES `snils` (`id`),
  ADD CONSTRAINT `athletes_studyplace_id_foreign` FOREIGN KEY (`studyplace_id`) REFERENCES `study_places` (`id`),
  ADD CONSTRAINT `athletes_user_id_foreign` FOREIGN KEY (`user_id`) REFERENCES `users` (`id`);

--
-- Ограничения внешнего ключа таблицы `athlete_coach`
--
ALTER TABLE `athlete_coach`
  ADD CONSTRAINT `athlete_coach_athlete_id_foreign` FOREIGN KEY (`athlete_id`) REFERENCES `athletes` (`id`),
  ADD CONSTRAINT `athlete_coach_coach_id_foreign` FOREIGN KEY (`coach_id`) REFERENCES `coaches` (`id`);

--
-- Ограничения внешнего ключа таблицы `athlete_department`
--
ALTER TABLE `athlete_department`
  ADD CONSTRAINT `athlete_department_athlete_id_foreign` FOREIGN KEY (`athlete_id`) REFERENCES `athletes` (`id`),
  ADD CONSTRAINT `athlete_department_department_id_foreign` FOREIGN KEY (`department_id`) REFERENCES `departments` (`id`);

--
-- Ограничения внешнего ключа таблицы `athlete_group`
--
ALTER TABLE `athlete_group`
  ADD CONSTRAINT `athlete_group_athlete_id_foreign` FOREIGN KEY (`athlete_id`) REFERENCES `athletes` (`id`),
  ADD CONSTRAINT `athlete_group_group_id_foreign` FOREIGN KEY (`group_id`) REFERENCES `groups` (`id`);

--
-- Ограничения внешнего ключа таблицы `athlete_parented`
--
ALTER TABLE `athlete_parented`
  ADD CONSTRAINT `athlete_parented_athlete_id_foreign` FOREIGN KEY (`athlete_id`) REFERENCES `athletes` (`id`),
  ADD CONSTRAINT `athlete_parented_parented_id_foreign` FOREIGN KEY (`parented_id`) REFERENCES `parenteds` (`id`);

--
-- Ограничения внешнего ключа таблицы `attestations`
--
ALTER TABLE `attestations`
  ADD CONSTRAINT `attestations_organization_id_foreign` FOREIGN KEY (`organization_id`) REFERENCES `organizations` (`id`);

--
-- Ограничения внешнего ключа таблицы `attestation_results`
--
ALTER TABLE `attestation_results`
  ADD CONSTRAINT `attestation_results_athlete_id_foreign` FOREIGN KEY (`athlete_id`) REFERENCES `athletes` (`id`),
  ADD CONSTRAINT `attestation_results_tqtitle_id_foreign` FOREIGN KEY (`tehkval_id`) REFERENCES `tehkvals` (`id`);

--
-- Ограничения внешнего ключа таблицы `coaches`
--
ALTER TABLE `coaches`
  ADD CONSTRAINT `coaches_user_id_foreign` FOREIGN KEY (`user_id`) REFERENCES `users` (`id`);

--
-- Ограничения внешнего ключа таблицы `competitions`
--
ALTER TABLE `competitions`
  ADD CONSTRAINT `competitions_country_id_foreign` FOREIGN KEY (`country_id`) REFERENCES `countries` (`id`),
  ADD CONSTRAINT `competitions_district_id_foreign` FOREIGN KEY (`district_id`) REFERENCES `districts` (`id`),
  ADD CONSTRAINT `competitions_region_id_foreign` FOREIGN KEY (`region_id`) REFERENCES `regions` (`id`);

--
-- Ограничения внешнего ключа таблицы `competitions_ranks_points`
--
ALTER TABLE `competitions_ranks_points`
  ADD CONSTRAINT `competitions_ranks_points_age_id_foreign` FOREIGN KEY (`age_id`) REFERENCES `age_categories` (`id`),
  ADD CONSTRAINT `competitions_ranks_points_compranktitle_id_foreign` FOREIGN KEY (`compranktitle_id`) REFERENCES `competitions_ranks_titles` (`id`);

--
-- Ограничения внешнего ключа таблицы `competitions_results`
--
ALTER TABLE `competitions_results`
  ADD CONSTRAINT `competitions_results_age_id_foreign` FOREIGN KEY (`age_id`) REFERENCES `age_categories` (`id`),
  ADD CONSTRAINT `competitions_results_athlete_id_foreign` FOREIGN KEY (`athlete_id`) REFERENCES `athletes` (`id`),
  ADD CONSTRAINT `competitions_results_competition_id_foreign` FOREIGN KEY (`competition_id`) REFERENCES `competitions` (`id`),
  ADD CONSTRAINT `competitions_results_rankpoint_id_foreign` FOREIGN KEY (`rankpoint_id`) REFERENCES `competitions_ranks_points` (`id`),
  ADD CONSTRAINT `competitions_results_weight_id_foreign` FOREIGN KEY (`weight_id`) REFERENCES `weight_categories` (`id`);

--
-- Ограничения внешнего ключа таблицы `competitors`
--
ALTER TABLE `competitors`
  ADD CONSTRAINT `competitors_agecategory_id_foreign` FOREIGN KEY (`agecategory_id`) REFERENCES `age_categories` (`id`),
  ADD CONSTRAINT `competitors_athlete_id_foreign` FOREIGN KEY (`athlete_id`) REFERENCES `athletes` (`id`),
  ADD CONSTRAINT `competitors_tehkvalgroup_id_foreign` FOREIGN KEY (`tehkvalgroup_id`) REFERENCES `tehkvals_groups` (`id`),
  ADD CONSTRAINT `competitors_weightcategory_id_foreign` FOREIGN KEY (`weightcategory_id`) REFERENCES `weight_categories` (`id`);

--
-- Ограничения внешнего ключа таблицы `decrees`
--
ALTER TABLE `decrees`
  ADD CONSTRAINT `decrees_athlete_id_foreign` FOREIGN KEY (`athlete_id`) REFERENCES `athletes` (`id`),
  ADD CONSTRAINT `decrees_coach_id_foreign` FOREIGN KEY (`coach_id`) REFERENCES `coaches` (`id`),
  ADD CONSTRAINT `decrees_organization_id_foreign` FOREIGN KEY (`organization_id`) REFERENCES `organizations` (`id`);

--
-- Ограничения внешнего ключа таблицы `departments`
--
ALTER TABLE `departments`
  ADD CONSTRAINT `departments_organization_id_foreign` FOREIGN KEY (`organization_id`) REFERENCES `organizations` (`id`);

--
-- Ограничения внешнего ключа таблицы `groups`
--
ALTER TABLE `groups`
  ADD CONSTRAINT `groups_departments_id_foreign` FOREIGN KEY (`departments_id`) REFERENCES `departments` (`id`),
  ADD CONSTRAINT `groups_kindsofsports_id_foreign` FOREIGN KEY (`kindsofsports_id`) REFERENCES `kinds_of_sports` (`id`);

--
-- Ограничения внешнего ключа таблицы `insurances`
--
ALTER TABLE `insurances`
  ADD CONSTRAINT `insurances_athlete_id_foreign` FOREIGN KEY (`athlete_id`) REFERENCES `athletes` (`id`);

--
-- Ограничения внешнего ключа таблицы `licenses`
--
ALTER TABLE `licenses`
  ADD CONSTRAINT `licenses_athlete_id_foreign` FOREIGN KEY (`athlete_id`) REFERENCES `athletes` (`id`),
  ADD CONSTRAINT `licenses_organization_id_foreign` FOREIGN KEY (`organization_id`) REFERENCES `organizations` (`id`);

--
-- Ограничения внешнего ключа таблицы `medical_inspections`
--
ALTER TABLE `medical_inspections`
  ADD CONSTRAINT `medical_inspections_athlete_id_foreign` FOREIGN KEY (`athlete_id`) REFERENCES `athletes` (`id`),
  ADD CONSTRAINT `medical_inspections_organization_id_foreign` FOREIGN KEY (`organization_id`) REFERENCES `organizations` (`id`);

--
-- Ограничения внешнего ключа таблицы `organization_user`
--
ALTER TABLE `organization_user`
  ADD CONSTRAINT `organization_user_organization_id_foreign` FOREIGN KEY (`organization_id`) REFERENCES `organizations` (`id`),
  ADD CONSTRAINT `organization_user_user_id_foreign` FOREIGN KEY (`user_id`) REFERENCES `users` (`id`);

--
-- Ограничения внешнего ключа таблицы `parenteds`
--
ALTER TABLE `parenteds`
  ADD CONSTRAINT `parenteds_passport_id_foreign` FOREIGN KEY (`passport_id`) REFERENCES `passports` (`id`),
  ADD CONSTRAINT `parenteds_snils_id_foreign` FOREIGN KEY (`snils_id`) REFERENCES `snils` (`id`),
  ADD CONSTRAINT `parenteds_user_id_foreign` FOREIGN KEY (`user_id`) REFERENCES `users` (`id`),
  ADD CONSTRAINT `parenteds_workplace_id_foreign` FOREIGN KEY (`workplace_id`) REFERENCES `work_places` (`id`);

--
-- Ограничения внешнего ключа таблицы `payments`
--
ALTER TABLE `payments`
  ADD CONSTRAINT `payments_paymenttitle_id_foreign` FOREIGN KEY (`paymenttitle_id`) REFERENCES `payments_titles` (`id`);

--
-- Ограничения внешнего ключа таблицы `referees`
--
ALTER TABLE `referees`
  ADD CONSTRAINT `referees_user_id_foreign` FOREIGN KEY (`user_id`) REFERENCES `users` (`id`);

--
-- Ограничения внешнего ключа таблицы `role_user`
--
ALTER TABLE `role_user`
  ADD CONSTRAINT `role_user_role_id_foreign` FOREIGN KEY (`role_id`) REFERENCES `roles` (`id`),
  ADD CONSTRAINT `role_user_user_id_foreign` FOREIGN KEY (`user_id`) REFERENCES `users` (`id`);

--
-- Ограничения внешнего ключа таблицы `tehkvals_groups`
--
ALTER TABLE `tehkvals_groups`
  ADD CONSTRAINT `tehkvals_groups_agecategory_id_foreign` FOREIGN KEY (`agecategory_id`) REFERENCES `age_categories` (`id`),
  ADD CONSTRAINT `tehkvals_groups_competition_id_foreign` FOREIGN KEY (`competition_id`) REFERENCES `competitions` (`id`),
  ADD CONSTRAINT `tehkvals_groups_finishgyp_id_foreign` FOREIGN KEY (`finishgyp_id`) REFERENCES `tehkvals` (`id`),
  ADD CONSTRAINT `tehkvals_groups_startgyp_id_foreign` FOREIGN KEY (`startgyp_id`) REFERENCES `tehkvals` (`id`);

--
-- Ограничения внешнего ключа таблицы `weight_categories`
--
ALTER TABLE `weight_categories`
  ADD CONSTRAINT `weight_categories_age_id_foreign` FOREIGN KEY (`agecategory_id`) REFERENCES `age_categories` (`id`);

--
-- Ограничения внешнего ключа таблицы `work_places`
--
ALTER TABLE `work_places`
  ADD CONSTRAINT `work_places_organization_id_foreign` FOREIGN KEY (`organization_id`) REFERENCES `organizations` (`id`);
COMMIT;

/*!40101 SET CHARACTER_SET_CLIENT=@OLD_CHARACTER_SET_CLIENT */;
/*!40101 SET CHARACTER_SET_RESULTS=@OLD_CHARACTER_SET_RESULTS */;
/*!40101 SET COLLATION_CONNECTION=@OLD_COLLATION_CONNECTION */;
